model,step,train_half_mse
Основная: Multistart SGD + Momentum + L2,1,0.44391231167228584
Основная: Multistart SGD + Momentum + L2,2,0.4409322544375349
Основная: Multistart SGD + Momentum + L2,3,0.43570723582890974
Основная: Multistart SGD + Momentum + L2,4,0.42857485257531275
Основная: Multistart SGD + Momentum + L2,5,0.4197414751859168
Основная: Multistart SGD + Momentum + L2,6,0.40879302588960686
Основная: Multistart SGD + Momentum + L2,7,0.3974285805146334
Основная: Multistart SGD + Momentum + L2,8,0.3858658818637445
Основная: Multistart SGD + Momentum + L2,9,0.37429161037477515
Основная: Multistart SGD + Momentum + L2,10,0.3623121839266639
Основная: Multistart SGD + Momentum + L2,11,0.3505077513199744
Основная: Multistart SGD + Momentum + L2,12,0.33794518588609623
Основная: Multistart SGD + Momentum + L2,13,0.32397873103304214
Основная: Multistart SGD + Momentum + L2,14,0.31042640787670595
Основная: Multistart SGD + Momentum + L2,15,0.2965524805200299
Основная: Multistart SGD + Momentum + L2,16,0.2821866102330469
Основная: Multistart SGD + Momentum + L2,17,0.26861332584876135
Основная: Multistart SGD + Momentum + L2,18,0.2552289828814859
Основная: Multistart SGD + Momentum + L2,19,0.2420235118005129
Основная: Multistart SGD + Momentum + L2,20,0.22859549876843607
Основная: Multistart SGD + Momentum + L2,21,0.21548291713970025
Основная: Multistart SGD + Momentum + L2,22,0.20291378841705898
Основная: Multistart SGD + Momentum + L2,23,0.190989388673558
Основная: Multistart SGD + Momentum + L2,24,0.17954051083184988
Основная: Multistart SGD + Momentum + L2,25,0.16889309535816896
Основная: Multistart SGD + Momentum + L2,26,0.15900820726164555
Основная: Multistart SGD + Momentum + L2,27,0.14962306950552023
Основная: Multistart SGD + Momentum + L2,28,0.14102916612886843
Основная: Multistart SGD + Momentum + L2,29,0.1329900228596478
Основная: Multistart SGD + Momentum + L2,30,0.12568924699884787
Основная: Multistart SGD + Momentum + L2,31,0.11822497628201734
Основная: Multistart SGD + Momentum + L2,32,0.11092402731776325
Основная: Multistart SGD + Momentum + L2,33,0.10425084065149279
Основная: Multistart SGD + Momentum + L2,34,0.09780151701268867
Основная: Multistart SGD + Momentum + L2,35,0.0918878622591405
Основная: Multistart SGD + Momentum + L2,36,0.08651002955153028
Основная: Multistart SGD + Momentum + L2,37,0.081284430321344
Основная: Multistart SGD + Momentum + L2,38,0.076665171956022
Основная: Multistart SGD + Momentum + L2,39,0.07226582951246303
Основная: Multistart SGD + Momentum + L2,40,0.06834538664853299
Основная: Multistart SGD + Momentum + L2,41,0.06475607101606054
Основная: Multistart SGD + Momentum + L2,42,0.06159857843131903
Основная: Multistart SGD + Momentum + L2,43,0.05874059857401271
Основная: Multistart SGD + Momentum + L2,44,0.05623655321948985
Основная: Multistart SGD + Momentum + L2,45,0.05396397633345714
Основная: Multistart SGD + Momentum + L2,46,0.05192802236744633
Основная: Multistart SGD + Momentum + L2,47,0.05001136759988933
Основная: Multistart SGD + Momentum + L2,48,0.04823975332925616
Основная: Multistart SGD + Momentum + L2,49,0.046697584241632374
Основная: Multistart SGD + Momentum + L2,50,0.04533937990056294
Основная: Multistart SGD + Momentum + L2,51,0.0439966303537563
Основная: Multistart SGD + Momentum + L2,52,0.04272038363311032
Основная: Multistart SGD + Momentum + L2,53,0.04155362770766199
Основная: Multistart SGD + Momentum + L2,54,0.04047888344744984
Основная: Multistart SGD + Momentum + L2,55,0.039524281035579034
Основная: Multistart SGD + Momentum + L2,56,0.03873721977103415
Основная: Multistart SGD + Momentum + L2,57,0.03809767312569032
Основная: Multistart SGD + Momentum + L2,58,0.037607345948721095
Основная: Multistart SGD + Momentum + L2,59,0.03704061456907417
Основная: Multistart SGD + Momentum + L2,60,0.03652627133439003
Основная: Multistart SGD + Momentum + L2,61,0.03605482783864439
Основная: Multistart SGD + Momentum + L2,62,0.03559245881176234
Основная: Multistart SGD + Momentum + L2,63,0.03528184401370017
Основная: Multistart SGD + Momentum + L2,64,0.03496651532749221
Основная: Multistart SGD + Momentum + L2,65,0.03469973544848312
Основная: Multistart SGD + Momentum + L2,66,0.03448185909784157
Основная: Multistart SGD + Momentum + L2,67,0.034273285112936445
Основная: Multistart SGD + Momentum + L2,68,0.03409538696040324
Основная: Multistart SGD + Momentum + L2,69,0.03387804576313864
Основная: Multistart SGD + Momentum + L2,70,0.033682540695800636
Основная: Multistart SGD + Momentum + L2,71,0.03349000369624478
Основная: Multistart SGD + Momentum + L2,72,0.03337946610667509
Основная: Multistart SGD + Momentum + L2,73,0.03325872679494238
Основная: Multistart SGD + Momentum + L2,74,0.0331413710291269
Основная: Multistart SGD + Momentum + L2,75,0.03304087051559915
Основная: Multistart SGD + Momentum + L2,76,0.032939112216495176
Основная: Multistart SGD + Momentum + L2,77,0.03287478316088518
Основная: Multistart SGD + Momentum + L2,78,0.03282483784782234
Основная: Multistart SGD + Momentum + L2,79,0.032777228872834734
Основная: Multistart SGD + Momentum + L2,80,0.032765545590362426
Основная: Multistart SGD + Momentum + L2,81,0.032750192481640066
Основная: Multistart SGD + Momentum + L2,82,0.03272007756657878
Основная: Multistart SGD + Momentum + L2,83,0.032692251100077334
Основная: Multistart SGD + Momentum + L2,84,0.03264978808145302
Основная: Multistart SGD + Momentum + L2,85,0.032609234341716524
Основная: Multistart SGD + Momentum + L2,86,0.03259440736688445
Основная: Multistart SGD + Momentum + L2,87,0.03258246158761444
Основная: Multistart SGD + Momentum + L2,88,0.032569058088667086
Основная: Multistart SGD + Momentum + L2,89,0.032558404487763246
Основная: Multistart SGD + Momentum + L2,90,0.03254632067565215
Основная: Multistart SGD + Momentum + L2,91,0.03253285558009865
Основная: Multistart SGD + Momentum + L2,92,0.032522546358159314
Основная: Multistart SGD + Momentum + L2,93,0.032512726448772546
Основная: Multistart SGD + Momentum + L2,94,0.032504369567637345
Основная: Multistart SGD + Momentum + L2,95,0.03249356652838917
Основная: Multistart SGD + Momentum + L2,96,0.032482378283218385
Основная: Multistart SGD + Momentum + L2,97,0.032477318808886116
Основная: Multistart SGD + Momentum + L2,98,0.032489255759867434
Основная: Multistart SGD + Momentum + L2,99,0.03250964752600261
Основная: Multistart SGD + Momentum + L2,100,0.032535814791255446
Основная: Multistart SGD + Momentum + L2,101,0.032550041806463495
Основная: Multistart SGD + Momentum + L2,102,0.032554840213916775
Основная: Multistart SGD + Momentum + L2,103,0.03256513648161779
Основная: Multistart SGD + Momentum + L2,104,0.0325790321061214
Основная: Multistart SGD + Momentum + L2,105,0.032612455850872586
Основная: Multistart SGD + Momentum + L2,106,0.03264091692856231
Основная: Multistart SGD + Momentum + L2,107,0.0326710594144223
Основная: Multistart SGD + Momentum + L2,108,0.0327070121574282
Основная: Multistart SGD + Momentum + L2,109,0.032728828185380796
Основная: Multistart SGD + Momentum + L2,110,0.03275210765526123
Основная: Multistart SGD + Momentum + L2,111,0.03277204117117576
Основная: Multistart SGD + Momentum + L2,112,0.032790213178999994
Основная: Multistart SGD + Momentum + L2,113,0.03281296394796738
Основная: Multistart SGD + Momentum + L2,114,0.032814372480127134
Основная: Multistart SGD + Momentum + L2,115,0.03282810254756677
Основная: Multistart SGD + Momentum + L2,116,0.03284348130267197
Основная: Multistart SGD + Momentum + L2,117,0.03284290573902787
Основная: Multistart SGD + Momentum + L2,118,0.03283581583997764
Основная: Multistart SGD + Momentum + L2,119,0.03283638709063681
Основная: Multistart SGD + Momentum + L2,120,0.03284937106807682
Основная: Multistart SGD + Momentum + L2,121,0.03284869928068685
Основная: Multistart SGD + Momentum + L2,122,0.03273761576603364
Основная: Multistart SGD + Momentum + L2,123,0.03267633153856186
Основная: Multistart SGD + Momentum + L2,124,0.03263560461109381
Основная: Multistart SGD + Momentum + L2,125,0.03262055840693115
Основная: Multistart SGD + Momentum + L2,126,0.0325743028871009
Основная: Multistart SGD + Momentum + L2,127,0.03252625482122825
Основная: Multistart SGD + Momentum + L2,128,0.032484746157261664
Основная: Multistart SGD + Momentum + L2,129,0.032467813102367876
Основная: Multistart SGD + Momentum + L2,130,0.032455037861332366
Основная: Multistart SGD + Momentum + L2,131,0.03240486855940298
Основная: Multistart SGD + Momentum + L2,132,0.03236006239915485
Основная: Multistart SGD + Momentum + L2,133,0.03233006865546299
Основная: Multistart SGD + Momentum + L2,134,0.03229733903634667
Основная: Multistart SGD + Momentum + L2,135,0.03226760557402384
Основная: Multistart SGD + Momentum + L2,136,0.03224387308497787
Основная: Multistart SGD + Momentum + L2,137,0.03223700105277794
Основная: Multistart SGD + Momentum + L2,138,0.032235504806474524
Основная: Multistart SGD + Momentum + L2,139,0.03224074865200514
Основная: Multistart SGD + Momentum + L2,140,0.03224562941956793
Основная: Multistart SGD + Momentum + L2,141,0.03226529835980223
Основная: Multistart SGD + Momentum + L2,142,0.03222696879874203
Основная: Multistart SGD + Momentum + L2,143,0.03219390984992621
Основная: Multistart SGD + Momentum + L2,144,0.03216953464402114
Основная: Multistart SGD + Momentum + L2,145,0.03213886715262696
Основная: Multistart SGD + Momentum + L2,146,0.03209015965759228
Основная: Multistart SGD + Momentum + L2,147,0.03198885482094805
Основная: Multistart SGD + Momentum + L2,148,0.031896948832933814
Основная: Multistart SGD + Momentum + L2,149,0.03183082141035088
Основная: Multistart SGD + Momentum + L2,150,0.0317795228676336
Основная: Multistart SGD + Momentum + L2,151,0.03174139858692646
Основная: Multistart SGD + Momentum + L2,152,0.03172209735689004
Основная: Multistart SGD + Momentum + L2,153,0.03172161838727567
Основная: Multistart SGD + Momentum + L2,154,0.03173041342631872
Основная: Multistart SGD + Momentum + L2,155,0.031745468553747616
Основная: Multistart SGD + Momentum + L2,156,0.031742692447958396
Основная: Multistart SGD + Momentum + L2,157,0.03173407093416207
Основная: Multistart SGD + Momentum + L2,158,0.031726584281021084
Основная: Multistart SGD + Momentum + L2,159,0.03171995260886469
Основная: Multistart SGD + Momentum + L2,160,0.03171336736312116
Основная: Multistart SGD + Momentum + L2,161,0.03169865113110287
Основная: Multistart SGD + Momentum + L2,162,0.031656902960503296
Основная: Multistart SGD + Momentum + L2,163,0.0316135276511075
Основная: Multistart SGD + Momentum + L2,164,0.03159045772700161
Основная: Multistart SGD + Momentum + L2,165,0.03159548546894992
Основная: Multistart SGD + Momentum + L2,166,0.03159419691659645
Основная: Multistart SGD + Momentum + L2,167,0.03158454582309498
Основная: Multistart SGD + Momentum + L2,168,0.031577810703077656
Основная: Multistart SGD + Momentum + L2,169,0.031567450800170295
Основная: Multistart SGD + Momentum + L2,170,0.03155407994370914
Основная: Multistart SGD + Momentum + L2,171,0.03154784354741646
Основная: Multistart SGD + Momentum + L2,172,0.03154093888496866
Основная: Multistart SGD + Momentum + L2,173,0.031511372397404896
Основная: Multistart SGD + Momentum + L2,174,0.03147156438903486
Основная: Multistart SGD + Momentum + L2,175,0.03145005425912316
Основная: Multistart SGD + Momentum + L2,176,0.031433125302876445
Основная: Multistart SGD + Momentum + L2,177,0.031447949787550764
Основная: Multistart SGD + Momentum + L2,178,0.03145665095266541
Основная: Multistart SGD + Momentum + L2,179,0.031458339327771805
Основная: Multistart SGD + Momentum + L2,180,0.03147755627560271
Основная: Multistart SGD + Momentum + L2,181,0.03146932537497865
Основная: Multistart SGD + Momentum + L2,182,0.03146151981135627
Основная: Multistart SGD + Momentum + L2,183,0.03145429098038582
Основная: Multistart SGD + Momentum + L2,184,0.031443322932607244
Основная: Multistart SGD + Momentum + L2,185,0.03143984309869382
Основная: Multistart SGD + Momentum + L2,186,0.031431314537431525
Основная: Multistart SGD + Momentum + L2,187,0.031422305661109505
Основная: Multistart SGD + Momentum + L2,188,0.031397071522733945
Основная: Multistart SGD + Momentum + L2,189,0.031372549619696134
Основная: Multistart SGD + Momentum + L2,190,0.031394446371509205
Основная: Multistart SGD + Momentum + L2,191,0.03139517797106126
Основная: Multistart SGD + Momentum + L2,192,0.031388108984153444
Основная: Multistart SGD + Momentum + L2,193,0.03138266584648573
Основная: Multistart SGD + Momentum + L2,194,0.03138043379667562
Основная: Multistart SGD + Momentum + L2,195,0.03138121904777609
Основная: Multistart SGD + Momentum + L2,196,0.031361027914601644
Основная: Multistart SGD + Momentum + L2,197,0.03134674738397357
Основная: Multistart SGD + Momentum + L2,198,0.031329333933507696
Основная: Multistart SGD + Momentum + L2,199,0.03131294971693957
Основная: Multistart SGD + Momentum + L2,200,0.031254936629058906
Основная: Multistart SGD + Momentum + L2,201,0.031181188274922892
Основная: Multistart SGD + Momentum + L2,202,0.03113294176414648
Основная: Multistart SGD + Momentum + L2,203,0.031090905268881076
Основная: Multistart SGD + Momentum + L2,204,0.031054355336452195
Основная: Multistart SGD + Momentum + L2,205,0.03101248495181079
Основная: Multistart SGD + Momentum + L2,206,0.03098184954389742
Основная: Multistart SGD + Momentum + L2,207,0.030955028869817557
Основная: Multistart SGD + Momentum + L2,208,0.030927682727573742
Основная: Multistart SGD + Momentum + L2,209,0.03091077210583377
Основная: Multistart SGD + Momentum + L2,210,0.03089468378093957
Основная: Multistart SGD + Momentum + L2,211,0.030890182290511367
Основная: Multistart SGD + Momentum + L2,212,0.030884055135646505
Основная: Multistart SGD + Momentum + L2,213,0.03089114639664412
Основная: Multistart SGD + Momentum + L2,214,0.030855034147583123
Основная: Multistart SGD + Momentum + L2,215,0.030821613533823903
Основная: Multistart SGD + Momentum + L2,216,0.030785282846574804
Основная: Multistart SGD + Momentum + L2,217,0.030768320390184633
Основная: Multistart SGD + Momentum + L2,218,0.030746158673446232
Основная: Multistart SGD + Momentum + L2,219,0.030723436870941215
Основная: Multistart SGD + Momentum + L2,220,0.03070354239039495
Основная: Multistart SGD + Momentum + L2,221,0.030698258940071332
Основная: Multistart SGD + Momentum + L2,222,0.030698362247781445
Основная: Multistart SGD + Momentum + L2,223,0.03068241050320768
Основная: Multistart SGD + Momentum + L2,224,0.03067435552111092
Основная: Multistart SGD + Momentum + L2,225,0.030667686297640027
Основная: Multistart SGD + Momentum + L2,226,0.030662793131880292
Основная: Multistart SGD + Momentum + L2,227,0.030673239220814944
Основная: Multistart SGD + Momentum + L2,228,0.030677548795535775
Основная: Multistart SGD + Momentum + L2,229,0.03068196901158304
Основная: Multistart SGD + Momentum + L2,230,0.03068670837641143
Основная: Multistart SGD + Momentum + L2,231,0.030677810055446602
Основная: Multistart SGD + Momentum + L2,232,0.030696220235434665
Основная: Multistart SGD + Momentum + L2,233,0.030712530835497204
Основная: Multistart SGD + Momentum + L2,234,0.03072879374326472
Основная: Multistart SGD + Momentum + L2,235,0.030743734444796656
Основная: Multistart SGD + Momentum + L2,236,0.030763093884498636
Основная: Multistart SGD + Momentum + L2,237,0.03078147435706433
Основная: Multistart SGD + Momentum + L2,238,0.030791118921476783
Основная: Multistart SGD + Momentum + L2,239,0.030801718152621015
Основная: Multistart SGD + Momentum + L2,240,0.030813613093133702
Основная: Multistart SGD + Momentum + L2,241,0.03082725868315701
Основная: Multistart SGD + Momentum + L2,242,0.030834737176284075
Основная: Multistart SGD + Momentum + L2,243,0.03084132318280065
Основная: Multistart SGD + Momentum + L2,244,0.03085080029687056
Основная: Multistart SGD + Momentum + L2,245,0.030850007148709953
Основная: Multistart SGD + Momentum + L2,246,0.030859095646864104
Основная: Multistart SGD + Momentum + L2,247,0.03084935634755852
Основная: Multistart SGD + Momentum + L2,248,0.030843399280299475
Основная: Multistart SGD + Momentum + L2,249,0.030839090593444474
Основная: Multistart SGD + Momentum + L2,250,0.030835755602413948
Основная: Multistart SGD + Momentum + L2,251,0.030828518167346847
Основная: Multistart SGD + Momentum + L2,252,0.030817544239494527
Основная: Multistart SGD + Momentum + L2,253,0.03081057905806455
Основная: Multistart SGD + Momentum + L2,254,0.030827595767330764
Основная: Multistart SGD + Momentum + L2,255,0.030828120027510498
Основная: Multistart SGD + Momentum + L2,256,0.030828609000103344
Основная: Multistart SGD + Momentum + L2,257,0.03084180179247182
Основная: Multistart SGD + Momentum + L2,258,0.03084302891934424
Основная: Multistart SGD + Momentum + L2,259,0.03084660726203014
Основная: Multistart SGD + Momentum + L2,260,0.030838512735812534
Основная: Multistart SGD + Momentum + L2,261,0.030833487715627897
Основная: Multistart SGD + Momentum + L2,262,0.030832300124646914
Основная: Multistart SGD + Momentum + L2,263,0.030836401086001088
Основная: Multistart SGD + Momentum + L2,264,0.030832373290203677
Основная: Multistart SGD + Momentum + L2,265,0.030835496243958448
Основная: Multistart SGD + Momentum + L2,266,0.03085414550637209
Основная: Multistart SGD + Momentum + L2,267,0.030879321399669965
Основная: Multistart SGD + Momentum + L2,268,0.03090370529449144
Основная: Multistart SGD + Momentum + L2,269,0.0309406909813113
Основная: Multistart SGD + Momentum + L2,270,0.030998674580267692
Основная: Multistart SGD + Momentum + L2,271,0.031026252514442205
Основная: Multistart SGD + Momentum + L2,272,0.031054842950296077
Основная: Multistart SGD + Momentum + L2,273,0.031101550865641762
Основная: Multistart SGD + Momentum + L2,274,0.031140554143020534
Основная: Multistart SGD + Momentum + L2,275,0.03113212734971335
Основная: Multistart SGD + Momentum + L2,276,0.031136830187381444
Основная: Multistart SGD + Momentum + L2,277,0.03112068857884943
Основная: Multistart SGD + Momentum + L2,278,0.031122878068910263
Основная: Multistart SGD + Momentum + L2,279,0.031126033363489996
Основная: Multistart SGD + Momentum + L2,280,0.03115763509213397
Основная: Multistart SGD + Momentum + L2,281,0.031177651557507038
Основная: Multistart SGD + Momentum + L2,282,0.03122193370521084
Основная: Multistart SGD + Momentum + L2,283,0.03128715777653751
Основная: Multistart SGD + Momentum + L2,284,0.031351069860777035
Основная: Multistart SGD + Momentum + L2,285,0.031383039119209984
Основная: Multistart SGD + Momentum + L2,286,0.031425151749444005
Основная: Multistart SGD + Momentum + L2,287,0.03148403670552258
Основная: Multistart SGD + Momentum + L2,288,0.03146980881536125
Основная: Multistart SGD + Momentum + L2,289,0.03145198639294043
Основная: Multistart SGD + Momentum + L2,290,0.03146435495072781
Основная: Multistart SGD + Momentum + L2,291,0.03142814503572284
Основная: Multistart SGD + Momentum + L2,292,0.0312717516488191
Основная: Multistart SGD + Momentum + L2,293,0.03115273386375438
Основная: Multistart SGD + Momentum + L2,294,0.03106131301556025
Основная: Multistart SGD + Momentum + L2,295,0.030980516566174194
Основная: Multistart SGD + Momentum + L2,296,0.030929857266607703
Основная: Multistart SGD + Momentum + L2,297,0.030899617058031167
Основная: Multistart SGD + Momentum + L2,298,0.030884438923850704
Основная: Multistart SGD + Momentum + L2,299,0.03084641798883318
Основная: Multistart SGD + Momentum + L2,300,0.030791447062471826
Основная: Multistart SGD + Momentum + L2,301,0.03070774350452245
Основная: Multistart SGD + Momentum + L2,302,0.030641178996005585
Основная: Multistart SGD + Momentum + L2,303,0.030600764956405003
Основная: Multistart SGD + Momentum + L2,304,0.030555976571222155
Основная: Multistart SGD + Momentum + L2,305,0.03050613400427066
Основная: Multistart SGD + Momentum + L2,306,0.030475847388204084
Основная: Multistart SGD + Momentum + L2,307,0.030442772618246468
Основная: Multistart SGD + Momentum + L2,308,0.030419934996513034
Основная: Multistart SGD + Momentum + L2,309,0.03041388197292764
Основная: Multistart SGD + Momentum + L2,310,0.030411194340679303
Основная: Multistart SGD + Momentum + L2,311,0.03041255806110094
Основная: Multistart SGD + Momentum + L2,312,0.030416120002737433
Основная: Multistart SGD + Momentum + L2,313,0.03040939590730832
Основная: Multistart SGD + Momentum + L2,314,0.03040378351755078
Основная: Multistart SGD + Momentum + L2,315,0.030398663741091785
Основная: Multistart SGD + Momentum + L2,316,0.030394967604143473
Основная: Multistart SGD + Momentum + L2,317,0.03039423587194805
Основная: Multistart SGD + Momentum + L2,318,0.0303954032108759
Основная: Multistart SGD + Momentum + L2,319,0.030394212909453093
Основная: Multistart SGD + Momentum + L2,320,0.030381441639259425
Основная: Multistart SGD + Momentum + L2,321,0.030362900735093075
Основная: Multistart SGD + Momentum + L2,322,0.030350366345686428
Основная: Multistart SGD + Momentum + L2,323,0.030341464224490498
Основная: Multistart SGD + Momentum + L2,324,0.030336566843016145
Основная: Multistart SGD + Momentum + L2,325,0.030322677351209013
Основная: Multistart SGD + Momentum + L2,326,0.030312839367027732
Основная: Multistart SGD + Momentum + L2,327,0.030308167347302708
Основная: Multistart SGD + Momentum + L2,328,0.03031522422374435
Основная: Multistart SGD + Momentum + L2,329,0.030321265967281578
Основная: Multistart SGD + Momentum + L2,330,0.03033260468132994
Основная: Multistart SGD + Momentum + L2,331,0.030346266182588073
Основная: Multistart SGD + Momentum + L2,332,0.030360871505600916
Основная: Multistart SGD + Momentum + L2,333,0.030379873687768733
Основная: Multistart SGD + Momentum + L2,334,0.0303445560982039
Основная: Multistart SGD + Momentum + L2,335,0.030334402460989167
Основная: Multistart SGD + Momentum + L2,336,0.030326484943535306
Основная: Multistart SGD + Momentum + L2,337,0.03033262432497519
Основная: Multistart SGD + Momentum + L2,338,0.030335292505732872
Основная: Multistart SGD + Momentum + L2,339,0.03035046024849673
Основная: Multistart SGD + Momentum + L2,340,0.03037787706076731
Основная: Multistart SGD + Momentum + L2,341,0.030412671775881944
Основная: Multistart SGD + Momentum + L2,342,0.030473420927843164
Основная: Multistart SGD + Momentum + L2,343,0.03055194119729465
Основная: Multistart SGD + Momentum + L2,344,0.03064366087313791
Основная: Multistart SGD + Momentum + L2,345,0.030761120453876613
Основная: Multistart SGD + Momentum + L2,346,0.030913896094289253
Основная: Multistart SGD + Momentum + L2,347,0.031085973210572344
Основная: Multistart SGD + Momentum + L2,348,0.03126993122228325
Основная: Multistart SGD + Momentum + L2,349,0.03137637524190755
Основная: Multistart SGD + Momentum + L2,350,0.03152659042168699
Основная: Multistart SGD + Momentum + L2,351,0.03165676237651009
Основная: Multistart SGD + Momentum + L2,352,0.03179876301404765
Основная: Multistart SGD + Momentum + L2,353,0.03199347693575607
Основная: Multistart SGD + Momentum + L2,354,0.03216349338594696
Основная: Multistart SGD + Momentum + L2,355,0.032242405475851804
Основная: Multistart SGD + Momentum + L2,356,0.03221475367287744
Основная: Multistart SGD + Momentum + L2,357,0.03201454321764907
Основная: Multistart SGD + Momentum + L2,358,0.03182223643296755
Основная: Multistart SGD + Momentum + L2,359,0.03168519658125917
Основная: Multistart SGD + Momentum + L2,360,0.03157619805418369
Основная: Multistart SGD + Momentum + L2,361,0.03152424815141917
Основная: Multistart SGD + Momentum + L2,362,0.031472315106338355
Основная: Multistart SGD + Momentum + L2,363,0.031376026594781004
Основная: Multistart SGD + Momentum + L2,364,0.0312810753015266
Основная: Multistart SGD + Momentum + L2,365,0.031218914363164065
Основная: Multistart SGD + Momentum + L2,366,0.031123689576867702
Основная: Multistart SGD + Momentum + L2,367,0.031029220825969525
Основная: Multistart SGD + Momentum + L2,368,0.030970693979324265
Основная: Multistart SGD + Momentum + L2,369,0.030857092598834807
Основная: Multistart SGD + Momentum + L2,370,0.030738455526626574
Основная: Multistart SGD + Momentum + L2,371,0.030625680434343504
Основная: Multistart SGD + Momentum + L2,372,0.03054694705953855
Основная: Multistart SGD + Momentum + L2,373,0.030461491612328678
Основная: Multistart SGD + Momentum + L2,374,0.030341810076062826
Основная: Multistart SGD + Momentum + L2,375,0.030256942155717854
Основная: Multistart SGD + Momentum + L2,376,0.03020608368564905
Основная: Multistart SGD + Momentum + L2,377,0.030172788167678728
Основная: Multistart SGD + Momentum + L2,378,0.030154656020920306
Основная: Multistart SGD + Momentum + L2,379,0.03015466329411094
Основная: Multistart SGD + Momentum + L2,380,0.030165037255751495
Основная: Multistart SGD + Momentum + L2,381,0.030187419536773223
Основная: Multistart SGD + Momentum + L2,382,0.03023924464878278
Основная: Multistart SGD + Momentum + L2,383,0.03031267931905018
Основная: Multistart SGD + Momentum + L2,384,0.030386766976367587
Основная: Multistart SGD + Momentum + L2,385,0.030446220419692666
Основная: Multistart SGD + Momentum + L2,386,0.0305303780810316
Основная: Multistart SGD + Momentum + L2,387,0.03058041469255398
Основная: Multistart SGD + Momentum + L2,388,0.030645339509567653
Основная: Multistart SGD + Momentum + L2,389,0.030794732082508224
Основная: Multistart SGD + Momentum + L2,390,0.03092118469304636
Основная: Multistart SGD + Momentum + L2,391,0.03108925215940724
Основная: Multistart SGD + Momentum + L2,392,0.031322588086564
Основная: Multistart SGD + Momentum + L2,393,0.03152680405575367
Основная: Multistart SGD + Momentum + L2,394,0.031759939644350865
Основная: Multistart SGD + Momentum + L2,395,0.03196650432791328
Основная: Multistart SGD + Momentum + L2,396,0.0322245464356491
Основная: Multistart SGD + Momentum + L2,397,0.03245412473448334
Основная: Multistart SGD + Momentum + L2,398,0.03262419836917175
Основная: Multistart SGD + Momentum + L2,399,0.03282861143155159
Основная: Multistart SGD + Momentum + L2,400,0.03296242137972982
Основная: Multistart SGD + Momentum + L2,401,0.0330400818639097
Основная: Multistart SGD + Momentum + L2,402,0.03305608497400448
Основная: Multistart SGD + Momentum + L2,403,0.03306356909143201
Основная: Multistart SGD + Momentum + L2,404,0.03302584242253946
Основная: Multistart SGD + Momentum + L2,405,0.032978411438143576
Основная: Multistart SGD + Momentum + L2,406,0.032848491897031165
Основная: Multistart SGD + Momentum + L2,407,0.03266548037260086
Основная: Multistart SGD + Momentum + L2,408,0.032494261140681
Основная: Multistart SGD + Momentum + L2,409,0.032322758686596745
Основная: Multistart SGD + Momentum + L2,410,0.032134377445961405
Основная: Multistart SGD + Momentum + L2,411,0.03203973228473351
Основная: Multistart SGD + Momentum + L2,412,0.031951972693173326
Основная: Multistart SGD + Momentum + L2,413,0.031808206320642095
Основная: Multistart SGD + Momentum + L2,414,0.03163329051531192
Основная: Multistart SGD + Momentum + L2,415,0.031502085675475154
Основная: Multistart SGD + Momentum + L2,416,0.03140854677824006
Основная: Multistart SGD + Momentum + L2,417,0.03137482596753868
Основная: Multistart SGD + Momentum + L2,418,0.03133102527437539
Основная: Multistart SGD + Momentum + L2,419,0.031311659663630004
Основная: Multistart SGD + Momentum + L2,420,0.031333518041978384
Основная: Multistart SGD + Momentum + L2,421,0.031317335572836655
Основная: Multistart SGD + Momentum + L2,422,0.03132381101586754
Основная: Multistart SGD + Momentum + L2,423,0.03128499226394043
Основная: Multistart SGD + Momentum + L2,424,0.031228773716320646
Основная: Multistart SGD + Momentum + L2,425,0.031154766785789097
Основная: Multistart SGD + Momentum + L2,426,0.031069043602752592
Основная: Multistart SGD + Momentum + L2,427,0.03104610484669252
Основная: Multistart SGD + Momentum + L2,428,0.030994529771955638
Основная: Multistart SGD + Momentum + L2,429,0.03091781116746368
Основная: Multistart SGD + Momentum + L2,430,0.03081346741222835
Основная: Multistart SGD + Momentum + L2,431,0.030752168849947324
Основная: Multistart SGD + Momentum + L2,432,0.030739560750750967
Основная: Multistart SGD + Momentum + L2,433,0.03068678804999834
Основная: Multistart SGD + Momentum + L2,434,0.03072161678471906
Основная: Multistart SGD + Momentum + L2,435,0.030768631750814988
Основная: Multistart SGD + Momentum + L2,436,0.03084867981115563
Основная: Multistart SGD + Momentum + L2,437,0.03090743250995103
Основная: Multistart SGD + Momentum + L2,438,0.030932470580251715
Основная: Multistart SGD + Momentum + L2,439,0.030936857517073396
Основная: Multistart SGD + Momentum + L2,440,0.03091144624328198
Основная: Multistart SGD + Momentum + L2,441,0.03083754202478529
Основная: Multistart SGD + Momentum + L2,442,0.03076620423527167
Основная: Multistart SGD + Momentum + L2,443,0.03070499327547384
Основная: Multistart SGD + Momentum + L2,444,0.0307143968534601
Основная: Multistart SGD + Momentum + L2,445,0.030748664546848305
Основная: Multistart SGD + Momentum + L2,446,0.0307824098423535
Основная: Multistart SGD + Momentum + L2,447,0.030794094264358852
Основная: Multistart SGD + Momentum + L2,448,0.03080650220050854
Основная: Multistart SGD + Momentum + L2,449,0.030823217003526908
Основная: Multistart SGD + Momentum + L2,450,0.030830064830935828
Основная: Multistart SGD + Momentum + L2,451,0.030812794337240445
Основная: Multistart SGD + Momentum + L2,452,0.030762990558796104
Основная: Multistart SGD + Momentum + L2,453,0.030781838586098682
Основная: Multistart SGD + Momentum + L2,454,0.030808250955660123
Основная: Multistart SGD + Momentum + L2,455,0.030801373862509796
Основная: Multistart SGD + Momentum + L2,456,0.030814497884284354
Основная: Multistart SGD + Momentum + L2,457,0.03084703359746106
Основная: Multistart SGD + Momentum + L2,458,0.030868197171472704
Основная: Multistart SGD + Momentum + L2,459,0.03085309015254534
Основная: Multistart SGD + Momentum + L2,460,0.030858891599037833
Основная: Multistart SGD + Momentum + L2,461,0.03082874418724553
Основная: Multistart SGD + Momentum + L2,462,0.03082061730347157
Основная: Multistart SGD + Momentum + L2,463,0.030778838911452333
Основная: Multistart SGD + Momentum + L2,464,0.03076176532242162
Основная: Multistart SGD + Momentum + L2,465,0.030790996762195152
Основная: Multistart SGD + Momentum + L2,466,0.03081802627922498
Основная: Multistart SGD + Momentum + L2,467,0.030843389063208375
Основная: Multistart SGD + Momentum + L2,468,0.03083672499200402
Основная: Multistart SGD + Momentum + L2,469,0.030795936937925497
Основная: Multistart SGD + Momentum + L2,470,0.030731092624479144
Основная: Multistart SGD + Momentum + L2,471,0.03066484777226424
Основная: Multistart SGD + Momentum + L2,472,0.030609824213161444
Основная: Multistart SGD + Momentum + L2,473,0.030519282274887146
Основная: Multistart SGD + Momentum + L2,474,0.0304419737111295
Основная: Multistart SGD + Momentum + L2,475,0.03035700501931698
Основная: Multistart SGD + Momentum + L2,476,0.03027209017766675
Основная: Multistart SGD + Momentum + L2,477,0.03018233446916675
Основная: Multistart SGD + Momentum + L2,478,0.030095214024831066
Основная: Multistart SGD + Momentum + L2,479,0.03002926821411837
Основная: Multistart SGD + Momentum + L2,480,0.029972483472412267
Основная: Multistart SGD + Momentum + L2,481,0.029917809854590076
Основная: Multistart SGD + Momentum + L2,482,0.02985594795836489
Основная: Multistart SGD + Momentum + L2,483,0.02979064769863736
Основная: Multistart SGD + Momentum + L2,484,0.029742673137054657
Основная: Multistart SGD + Momentum + L2,485,0.02969724000928462
Основная: Multistart SGD + Momentum + L2,486,0.02966227670478237
Основная: Multistart SGD + Momentum + L2,487,0.029642540544152607
Основная: Multistart SGD + Momentum + L2,488,0.029629200038882423
Основная: Multistart SGD + Momentum + L2,489,0.029621923441948632
Основная: Multistart SGD + Momentum + L2,490,0.029620352058377142
Основная: Multistart SGD + Momentum + L2,491,0.029619501943742244
Основная: Multistart SGD + Momentum + L2,492,0.029622257393520472
Основная: Multistart SGD + Momentum + L2,493,0.02961531320659171
Основная: Multistart SGD + Momentum + L2,494,0.02961129432777925
Основная: Multistart SGD + Momentum + L2,495,0.029606547169660054
Основная: Multistart SGD + Momentum + L2,496,0.02960482687920887
Основная: Multistart SGD + Momentum + L2,497,0.029605714671464528
Основная: Multistart SGD + Momentum + L2,498,0.029608902302250256
Основная: Multistart SGD + Momentum + L2,499,0.029613809042322747
Основная: Multistart SGD + Momentum + L2,500,0.02961254009311834
Основная: Multistart SGD + Momentum + L2,501,0.029608054975215632
Основная: Multistart SGD + Momentum + L2,502,0.02959512879637388
Основная: Multistart SGD + Momentum + L2,503,0.029595151822169468
Основная: Multistart SGD + Momentum + L2,504,0.029602769247117324
Основная: Multistart SGD + Momentum + L2,505,0.029617647598169126
Основная: Multistart SGD + Momentum + L2,506,0.029641559747348514
Основная: Multistart SGD + Momentum + L2,507,0.029666988006358048
Основная: Multistart SGD + Momentum + L2,508,0.0296931651560267
Основная: Multistart SGD + Momentum + L2,509,0.029737966206578727
Основная: Multistart SGD + Momentum + L2,510,0.029794321843059933
Основная: Multistart SGD + Momentum + L2,511,0.02984725968553532
Основная: Multistart SGD + Momentum + L2,512,0.029895216839863376
Основная: Multistart SGD + Momentum + L2,513,0.02992660629547323
Основная: Multistart SGD + Momentum + L2,514,0.029954330494757538
Основная: Multistart SGD + Momentum + L2,515,0.029978499656431144
Основная: Multistart SGD + Momentum + L2,516,0.029999187438751653
Основная: Multistart SGD + Momentum + L2,517,0.029986351899607227
Основная: Multistart SGD + Momentum + L2,518,0.029985916542170386
Основная: Multistart SGD + Momentum + L2,519,0.029951013160045874
Основная: Multistart SGD + Momentum + L2,520,0.029920749986582174
Основная: Multistart SGD + Momentum + L2,521,0.02987760521384278
Основная: Multistart SGD + Momentum + L2,522,0.029834735463619363
Основная: Multistart SGD + Momentum + L2,523,0.02979065716233355
Основная: Multistart SGD + Momentum + L2,524,0.029752859576593363
Основная: Multistart SGD + Momentum + L2,525,0.029715553943184904
Основная: Multistart SGD + Momentum + L2,526,0.029689805296080368
Основная: Multistart SGD + Momentum + L2,527,0.029675783421455965
Основная: Multistart SGD + Momentum + L2,528,0.02967342869076529
Основная: Multistart SGD + Momentum + L2,529,0.02967238376864069
Основная: Multistart SGD + Momentum + L2,530,0.029676354544744845
Основная: Multistart SGD + Momentum + L2,531,0.029690201683549734
Основная: Multistart SGD + Momentum + L2,532,0.029732401784442794
Основная: Multistart SGD + Momentum + L2,533,0.029782102732464375
Основная: Multistart SGD + Momentum + L2,534,0.029843009049831365
Основная: Multistart SGD + Momentum + L2,535,0.029876466580106814
Основная: Multistart SGD + Momentum + L2,536,0.029878136325893256
Основная: Multistart SGD + Momentum + L2,537,0.02985907855318985
Основная: Multistart SGD + Momentum + L2,538,0.02983602229836925
Основная: Multistart SGD + Momentum + L2,539,0.029808663826398463
Основная: Multistart SGD + Momentum + L2,540,0.02980547145277617
Основная: Multistart SGD + Momentum + L2,541,0.029796787548018552
Основная: Multistart SGD + Momentum + L2,542,0.029786024237715668
Основная: Multistart SGD + Momentum + L2,543,0.0297655183656899
Основная: Multistart SGD + Momentum + L2,544,0.029748857052088212
Основная: Multistart SGD + Momentum + L2,545,0.02976077447710718
Основная: Multistart SGD + Momentum + L2,546,0.02977884197937944
Основная: Multistart SGD + Momentum + L2,547,0.02979182374112444
Основная: Multistart SGD + Momentum + L2,548,0.029797245339666066
Основная: Multistart SGD + Momentum + L2,549,0.029795344634805435
Основная: Multistart SGD + Momentum + L2,550,0.029774463092595557
Основная: Multistart SGD + Momentum + L2,551,0.029736281268794247
Основная: Multistart SGD + Momentum + L2,552,0.029719725099078824
Основная: Multistart SGD + Momentum + L2,553,0.029715629225705097
Основная: Multistart SGD + Momentum + L2,554,0.02973207827843749
Основная: Multistart SGD + Momentum + L2,555,0.029745858994156753
Основная: Multistart SGD + Momentum + L2,556,0.02975494077090758
Основная: Multistart SGD + Momentum + L2,557,0.029763863428521522
Основная: Multistart SGD + Momentum + L2,558,0.029764175259864342
Основная: Multistart SGD + Momentum + L2,559,0.02974471459709053
Основная: Multistart SGD + Momentum + L2,560,0.029716376123110837
Основная: Multistart SGD + Momentum + L2,561,0.029675231307484673
Основная: Multistart SGD + Momentum + L2,562,0.029664639924696513
Основная: Multistart SGD + Momentum + L2,563,0.029662314830517362
Основная: Multistart SGD + Momentum + L2,564,0.02965517439422101
Основная: Multistart SGD + Momentum + L2,565,0.029638760834358777
Основная: Multistart SGD + Momentum + L2,566,0.02962289183197296
Основная: Multistart SGD + Momentum + L2,567,0.029605838312540038
Основная: Multistart SGD + Momentum + L2,568,0.029587813454014286
Основная: Multistart SGD + Momentum + L2,569,0.029575826760212344
Основная: Multistart SGD + Momentum + L2,570,0.029567469942189683
Основная: Multistart SGD + Momentum + L2,571,0.029550901954701145
Основная: Multistart SGD + Momentum + L2,572,0.029538140203140304
Основная: Multistart SGD + Momentum + L2,573,0.029532171924524415
Основная: Multistart SGD + Momentum + L2,574,0.029532415763472892
Основная: Multistart SGD + Momentum + L2,575,0.029537970206790685
Основная: Multistart SGD + Momentum + L2,576,0.02954603256926884
Основная: Multistart SGD + Momentum + L2,577,0.02955970269806237
Основная: Multistart SGD + Momentum + L2,578,0.029581566870606597
Основная: Multistart SGD + Momentum + L2,579,0.029591955891194132
Основная: Multistart SGD + Momentum + L2,580,0.029612461102424836
Основная: Multistart SGD + Momentum + L2,581,0.02964173887101513
Основная: Multistart SGD + Momentum + L2,582,0.029648946149584486
Основная: Multistart SGD + Momentum + L2,583,0.029630413207725803
Основная: Multistart SGD + Momentum + L2,584,0.0296211999128994
Основная: Multistart SGD + Momentum + L2,585,0.029619447921661754
Основная: Multistart SGD + Momentum + L2,586,0.029624368454660745
Основная: Multistart SGD + Momentum + L2,587,0.029620555838422616
Основная: Multistart SGD + Momentum + L2,588,0.029617031188828667
Основная: Multistart SGD + Momentum + L2,589,0.0295887070794842
Основная: Multistart SGD + Momentum + L2,590,0.029570133869694273
Основная: Multistart SGD + Momentum + L2,591,0.029555931409752274
Основная: Multistart SGD + Momentum + L2,592,0.02954002059605289
Основная: Multistart SGD + Momentum + L2,593,0.029530920474900968
Основная: Multistart SGD + Momentum + L2,594,0.029527504263178177
Основная: Multistart SGD + Momentum + L2,595,0.02952245256533351
Основная: Multistart SGD + Momentum + L2,596,0.02952311822720022
Основная: Multistart SGD + Momentum + L2,597,0.02952820922939619
Основная: Multistart SGD + Momentum + L2,598,0.02953844123786216
Основная: Multistart SGD + Momentum + L2,599,0.0295513167556651
Основная: Multistart SGD + Momentum + L2,600,0.02956292631731505
Основная: Multistart SGD + Momentum + L2,601,0.02957187349118383
Основная: Multistart SGD + Momentum + L2,602,0.02960376141377973
Основная: Multistart SGD + Momentum + L2,603,0.029635763047151206
Основная: Multistart SGD + Momentum + L2,604,0.029664265135047767
Основная: Multistart SGD + Momentum + L2,605,0.029714779983770846
Основная: Multistart SGD + Momentum + L2,606,0.0297521520551986
Основная: Multistart SGD + Momentum + L2,607,0.029797202916491117
Основная: Multistart SGD + Momentum + L2,608,0.02985698167031474
Основная: Multistart SGD + Momentum + L2,609,0.02990369841190168
Основная: Multistart SGD + Momentum + L2,610,0.02994654302619325
Основная: Multistart SGD + Momentum + L2,611,0.029971198709262088
Основная: Multistart SGD + Momentum + L2,612,0.029979341862985124
Основная: Multistart SGD + Momentum + L2,613,0.029974395502225387
Основная: Multistart SGD + Momentum + L2,614,0.029950586615982155
Основная: Multistart SGD + Momentum + L2,615,0.02989784500918392
Основная: Multistart SGD + Momentum + L2,616,0.02986617457215973
Основная: Multistart SGD + Momentum + L2,617,0.029803088442722427
Основная: Multistart SGD + Momentum + L2,618,0.029761640122411028
Основная: Multistart SGD + Momentum + L2,619,0.02974767805344922
Основная: Multistart SGD + Momentum + L2,620,0.02971476431334687
Основная: Multistart SGD + Momentum + L2,621,0.029677549940813126
Основная: Multistart SGD + Momentum + L2,622,0.029655547541651686
Основная: Multistart SGD + Momentum + L2,623,0.029616049172039853
Основная: Multistart SGD + Momentum + L2,624,0.029590460388918893
Основная: Multistart SGD + Momentum + L2,625,0.029565601963591762
Основная: Multistart SGD + Momentum + L2,626,0.02954648049548045
Основная: Multistart SGD + Momentum + L2,627,0.029529137689073094
Основная: Multistart SGD + Momentum + L2,628,0.029498971856262386
Основная: Multistart SGD + Momentum + L2,629,0.0294713720462379
Основная: Multistart SGD + Momentum + L2,630,0.02945343835586676
Основная: Multistart SGD + Momentum + L2,631,0.029446624071077565
Основная: Multistart SGD + Momentum + L2,632,0.02945173487183038
Основная: Multistart SGD + Momentum + L2,633,0.029469707988856952
Основная: Multistart SGD + Momentum + L2,634,0.02951055339602808
Основная: Multistart SGD + Momentum + L2,635,0.029556133527814957
Основная: Multistart SGD + Momentum + L2,636,0.029620703306248723
Основная: Multistart SGD + Momentum + L2,637,0.029700075347826375
Основная: Multistart SGD + Momentum + L2,638,0.029775338481481013
Основная: Multistart SGD + Momentum + L2,639,0.029820236058777507
Основная: Multistart SGD + Momentum + L2,640,0.02985655385856237
Основная: Multistart SGD + Momentum + L2,641,0.02990118481915254
Основная: Multistart SGD + Momentum + L2,642,0.029924431995640727
Основная: Multistart SGD + Momentum + L2,643,0.029924223008445314
Основная: Multistart SGD + Momentum + L2,644,0.029937856089852173
Основная: Multistart SGD + Momentum + L2,645,0.029946900435618422
Основная: Multistart SGD + Momentum + L2,646,0.02999108093775832
Основная: Multistart SGD + Momentum + L2,647,0.030024321135250904
Основная: Multistart SGD + Momentum + L2,648,0.030059914121022983
Основная: Multistart SGD + Momentum + L2,649,0.03010307206815133
Основная: Multistart SGD + Momentum + L2,650,0.03016458622754855
Основная: Multistart SGD + Momentum + L2,651,0.030186160456540673
Основная: Multistart SGD + Momentum + L2,652,0.030201747942155403
Основная: Multistart SGD + Momentum + L2,653,0.030113184038593026
Основная: Multistart SGD + Momentum + L2,654,0.03006927429637777
Основная: Multistart SGD + Momentum + L2,655,0.030064125625661558
Основная: Multistart SGD + Momentum + L2,656,0.03009755763671632
Основная: Multistart SGD + Momentum + L2,657,0.030140740625884593
Основная: Multistart SGD + Momentum + L2,658,0.03019504826241052
Основная: Multistart SGD + Momentum + L2,659,0.030256280594163767
Основная: Multistart SGD + Momentum + L2,660,0.030283374843796812
Основная: Multistart SGD + Momentum + L2,661,0.03027843830040552
Основная: Multistart SGD + Momentum + L2,662,0.030284835558572344
Основная: Multistart SGD + Momentum + L2,663,0.03026477722532083
Основная: Multistart SGD + Momentum + L2,664,0.030226418322622524
Основная: Multistart SGD + Momentum + L2,665,0.030204280302982174
Основная: Multistart SGD + Momentum + L2,666,0.030161142975963062
Основная: Multistart SGD + Momentum + L2,667,0.030093695467453
Основная: Multistart SGD + Momentum + L2,668,0.030049412100678713
Основная: Multistart SGD + Momentum + L2,669,0.03000027588826128
Основная: Multistart SGD + Momentum + L2,670,0.029953203846067762
Основная: Multistart SGD + Momentum + L2,671,0.029892135911137693
Основная: Multistart SGD + Momentum + L2,672,0.02984507785603652
Основная: Multistart SGD + Momentum + L2,673,0.029792564102567542
Основная: Multistart SGD + Momentum + L2,674,0.029734024094599257
Основная: Multistart SGD + Momentum + L2,675,0.02966387845134827
Основная: Multistart SGD + Momentum + L2,676,0.029596861008429384
Основная: Multistart SGD + Momentum + L2,677,0.029489379507954726
Основная: Multistart SGD + Momentum + L2,678,0.029438459030717918
Основная: Multistart SGD + Momentum + L2,679,0.029426654866149617
Основная: Multistart SGD + Momentum + L2,680,0.029448415103207597
Основная: Multistart SGD + Momentum + L2,681,0.02949281114949034
Основная: Multistart SGD + Momentum + L2,682,0.029538027347887543
Основная: Multistart SGD + Momentum + L2,683,0.029578015422889656
Основная: Multistart SGD + Momentum + L2,684,0.029598266310710195
Основная: Multistart SGD + Momentum + L2,685,0.029607391089450447
Основная: Multistart SGD + Momentum + L2,686,0.029609137368968995
Основная: Multistart SGD + Momentum + L2,687,0.029637533401883107
Основная: Multistart SGD + Momentum + L2,688,0.02967749103193142
Основная: Multistart SGD + Momentum + L2,689,0.02972426482326923
Основная: Multistart SGD + Momentum + L2,690,0.02981446056547933
Основная: Multistart SGD + Momentum + L2,691,0.029890536081138796
Основная: Multistart SGD + Momentum + L2,692,0.03005210904163804
Основная: Multistart SGD + Momentum + L2,693,0.03020078270889348
Основная: Multistart SGD + Momentum + L2,694,0.03033265414982696
Основная: Multistart SGD + Momentum + L2,695,0.030436348701489663
Основная: Multistart SGD + Momentum + L2,696,0.030527131510811524
Основная: Multistart SGD + Momentum + L2,697,0.030600036360141192
Основная: Multistart SGD + Momentum + L2,698,0.030716516154028317
Основная: Multistart SGD + Momentum + L2,699,0.03081579243381949
Основная: Multistart SGD + Momentum + L2,700,0.030913013541036063
Основная: Multistart SGD + Momentum + L2,701,0.0309460715424186
Основная: Multistart SGD + Momentum + L2,702,0.03092977799247536
Основная: Multistart SGD + Momentum + L2,703,0.030937307880717767
Основная: Multistart SGD + Momentum + L2,704,0.030901904371864648
Основная: Multistart SGD + Momentum + L2,705,0.030909211899722122
Основная: Multistart SGD + Momentum + L2,706,0.03092287599450388
Основная: Multistart SGD + Momentum + L2,707,0.030988081297678674
Основная: Multistart SGD + Momentum + L2,708,0.03102645503144006
Основная: Multistart SGD + Momentum + L2,709,0.03103306842319622
Основная: Multistart SGD + Momentum + L2,710,0.031042967959005453
Основная: Multistart SGD + Momentum + L2,711,0.03101881924978779
Основная: Multistart SGD + Momentum + L2,712,0.030955502656134563
Основная: Multistart SGD + Momentum + L2,713,0.030935947083050176
Основная: Multistart SGD + Momentum + L2,714,0.030911387957088407
Основная: Multistart SGD + Momentum + L2,715,0.03093683960501506
Основная: Multistart SGD + Momentum + L2,716,0.03095722333331549
Основная: Multistart SGD + Momentum + L2,717,0.030933141604386014
Основная: Multistart SGD + Momentum + L2,718,0.03087655105370129
Основная: Multistart SGD + Momentum + L2,719,0.030784034045381495
Основная: Multistart SGD + Momentum + L2,720,0.030685734130283363
Основная: Multistart SGD + Momentum + L2,721,0.030575566315528505
Основная: Multistart SGD + Momentum + L2,722,0.030449938113511578
Основная: Multistart SGD + Momentum + L2,723,0.030379408525980117
Основная: Multistart SGD + Momentum + L2,724,0.03030281027558684
Основная: Multistart SGD + Momentum + L2,725,0.030211265026359575
Основная: Multistart SGD + Momentum + L2,726,0.030125066621164764
Основная: Multistart SGD + Momentum + L2,727,0.03002310647211679
Основная: Multistart SGD + Momentum + L2,728,0.029962671582978394
Основная: Multistart SGD + Momentum + L2,729,0.029888696949212687
Основная: Multistart SGD + Momentum + L2,730,0.02981888245744949
Основная: Multistart SGD + Momentum + L2,731,0.0298041936348386
Основная: Multistart SGD + Momentum + L2,732,0.029823734110165777
Основная: Multistart SGD + Momentum + L2,733,0.029832220404752235
Основная: Multistart SGD + Momentum + L2,734,0.029822198609371298
Основная: Multistart SGD + Momentum + L2,735,0.029802848114108865
Основная: Multistart SGD + Momentum + L2,736,0.02977505269059169
Основная: Multistart SGD + Momentum + L2,737,0.0297662764052134
Основная: Multistart SGD + Momentum + L2,738,0.029740048232271443
Основная: Multistart SGD + Momentum + L2,739,0.029722927764619145
Основная: Multistart SGD + Momentum + L2,740,0.02970440181966127
Основная: Multistart SGD + Momentum + L2,741,0.029672831765462496
Основная: Multistart SGD + Momentum + L2,742,0.029642346879945897
Основная: Multistart SGD + Momentum + L2,743,0.02964066635874996
Основная: Multistart SGD + Momentum + L2,744,0.029659338645636392
Основная: Multistart SGD + Momentum + L2,745,0.029650309038350017
Основная: Multistart SGD + Momentum + L2,746,0.029636552309119688
Основная: Multistart SGD + Momentum + L2,747,0.02962716828501715
Основная: Multistart SGD + Momentum + L2,748,0.029610843894665614
Основная: Multistart SGD + Momentum + L2,749,0.029594000189353074
Основная: Multistart SGD + Momentum + L2,750,0.029577317482981137
Основная: Multistart SGD + Momentum + L2,751,0.029560814523750006
Основная: Multistart SGD + Momentum + L2,752,0.029539404166782805
Основная: Multistart SGD + Momentum + L2,753,0.029528871312846993
Основная: Multistart SGD + Momentum + L2,754,0.029513582763775727
Основная: Multistart SGD + Momentum + L2,755,0.029510236587041674
Основная: Multistart SGD + Momentum + L2,756,0.029502113378304582
Основная: Multistart SGD + Momentum + L2,757,0.029498795487554404
Основная: Multistart SGD + Momentum + L2,758,0.029497085773351597
Основная: Multistart SGD + Momentum + L2,759,0.029508020219744104
Основная: Multistart SGD + Momentum + L2,760,0.02952796993722555
Основная: Multistart SGD + Momentum + L2,761,0.029532590379397736
Основная: Multistart SGD + Momentum + L2,762,0.029532884982958345
Основная: Multistart SGD + Momentum + L2,763,0.029513708047237727
Основная: Multistart SGD + Momentum + L2,764,0.029502475777698656
Основная: Multistart SGD + Momentum + L2,765,0.029486561663115165
Основная: Multistart SGD + Momentum + L2,766,0.029479986352477797
Основная: Multistart SGD + Momentum + L2,767,0.029469249817750592
Основная: Multistart SGD + Momentum + L2,768,0.029446957912616145
Основная: Multistart SGD + Momentum + L2,769,0.0294357880989589
Основная: Multistart SGD + Momentum + L2,770,0.029427758737757576
Основная: Multistart SGD + Momentum + L2,771,0.029411198829603358
Основная: Multistart SGD + Momentum + L2,772,0.02939773010472785
Основная: Multistart SGD + Momentum + L2,773,0.029384931060729178
Основная: Multistart SGD + Momentum + L2,774,0.02937703136777648
Основная: Multistart SGD + Momentum + L2,775,0.029376465704872196
Основная: Multistart SGD + Momentum + L2,776,0.029375260922228322
Основная: Multistart SGD + Momentum + L2,777,0.029381104077506954
Основная: Multistart SGD + Momentum + L2,778,0.02937923484162742
Основная: Multistart SGD + Momentum + L2,779,0.029385747600506676
Основная: Multistart SGD + Momentum + L2,780,0.029388475242656677
Основная: Multistart SGD + Momentum + L2,781,0.029387956719624256
Основная: Multistart SGD + Momentum + L2,782,0.029383113373328197
Основная: Multistart SGD + Momentum + L2,783,0.029377566041446614
Основная: Multistart SGD + Momentum + L2,784,0.029369145022846554
Основная: Multistart SGD + Momentum + L2,785,0.02936223869543521
Основная: Multistart SGD + Momentum + L2,786,0.029359571448728826
Основная: Multistart SGD + Momentum + L2,787,0.02936585278022729
Основная: Multistart SGD + Momentum + L2,788,0.029380124327946535
Основная: Multistart SGD + Momentum + L2,789,0.02941045257501689
Основная: Multistart SGD + Momentum + L2,790,0.029440274337235246
Основная: Multistart SGD + Momentum + L2,791,0.029463773302107702
Основная: Multistart SGD + Momentum + L2,792,0.029480461016924964
Основная: Multistart SGD + Momentum + L2,793,0.029479480944820443
Основная: Multistart SGD + Momentum + L2,794,0.02947094499959705
Основная: Multistart SGD + Momentum + L2,795,0.029466578354433434
Основная: Multistart SGD + Momentum + L2,796,0.029489180502978073
Основная: Multistart SGD + Momentum + L2,797,0.029523621661998633
Основная: Multistart SGD + Momentum + L2,798,0.029577141481524873
Основная: Multistart SGD + Momentum + L2,799,0.029635587453774266
Основная: Multistart SGD + Momentum + L2,800,0.029681643453818747
Основная: Multistart SGD + Momentum + L2,801,0.02971992203076464
Основная: Multistart SGD + Momentum + L2,802,0.02975821171701341
Основная: Multistart SGD + Momentum + L2,803,0.029779175554619678
Основная: Multistart SGD + Momentum + L2,804,0.029792448412475598
Основная: Multistart SGD + Momentum + L2,805,0.029792338306965833
Основная: Multistart SGD + Momentum + L2,806,0.02984497888776768
Основная: Multistart SGD + Momentum + L2,807,0.029855092006160988
Основная: Multistart SGD + Momentum + L2,808,0.029830071199165344
Основная: Multistart SGD + Momentum + L2,809,0.02980844200555783
Основная: Multistart SGD + Momentum + L2,810,0.029791649125888216
Основная: Multistart SGD + Momentum + L2,811,0.029774350071285476
Основная: Multistart SGD + Momentum + L2,812,0.029745555048794545
Основная: Multistart SGD + Momentum + L2,813,0.029756348525845997
Основная: Multistart SGD + Momentum + L2,814,0.029770242452639484
Основная: Multistart SGD + Momentum + L2,815,0.029767332389949757
Основная: Multistart SGD + Momentum + L2,816,0.029778413543978484
Основная: Multistart SGD + Momentum + L2,817,0.029796542635224604
Основная: Multistart SGD + Momentum + L2,818,0.029780582449801127
Основная: Multistart SGD + Momentum + L2,819,0.02974544135738103
Основная: Multistart SGD + Momentum + L2,820,0.02979974744747546
Основная: Multistart SGD + Momentum + L2,821,0.029821019695253775
Основная: Multistart SGD + Momentum + L2,822,0.02981258076156103
Основная: Multistart SGD + Momentum + L2,823,0.029773941141277866
Основная: Multistart SGD + Momentum + L2,824,0.029730224190214705
Основная: Multistart SGD + Momentum + L2,825,0.029685911838700008
Основная: Multistart SGD + Momentum + L2,826,0.029638179931204017
Основная: Multistart SGD + Momentum + L2,827,0.029594952134928475
Основная: Multistart SGD + Momentum + L2,828,0.029564712328631972
Основная: Multistart SGD + Momentum + L2,829,0.029548582298548315
Основная: Multistart SGD + Momentum + L2,830,0.02953065554473502
Основная: Multistart SGD + Momentum + L2,831,0.029523595844739042
Основная: Multistart SGD + Momentum + L2,832,0.029533094642690275
Основная: Multistart SGD + Momentum + L2,833,0.02954832968788017
Основная: Multistart SGD + Momentum + L2,834,0.029562778788909956
Основная: Multistart SGD + Momentum + L2,835,0.029581846282569497
Основная: Multistart SGD + Momentum + L2,836,0.029602634345623796
Основная: Multistart SGD + Momentum + L2,837,0.029624815823152312
Основная: Multistart SGD + Momentum + L2,838,0.029647548724350825
Основная: Multistart SGD + Momentum + L2,839,0.029664358276852987
Основная: Multistart SGD + Momentum + L2,840,0.029678906896574778
Основная: Multistart SGD + Momentum + L2,841,0.029687770930336633
Основная: Multistart SGD + Momentum + L2,842,0.029663911124996112
Основная: Multistart SGD + Momentum + L2,843,0.02964619342203429
Основная: Multistart SGD + Momentum + L2,844,0.029630779284191756
Основная: Multistart SGD + Momentum + L2,845,0.029618769895897654
Основная: Multistart SGD + Momentum + L2,846,0.029611125614169533
Основная: Multistart SGD + Momentum + L2,847,0.02961578091054606
Основная: Multistart SGD + Momentum + L2,848,0.029633829100296393
Основная: Multistart SGD + Momentum + L2,849,0.029639506306964266
Основная: Multistart SGD + Momentum + L2,850,0.029643616485778974
Основная: Multistart SGD + Momentum + L2,851,0.029646334801683306
Основная: Multistart SGD + Momentum + L2,852,0.02961849749982243
Основная: Multistart SGD + Momentum + L2,853,0.029586746259840497
Основная: Multistart SGD + Momentum + L2,854,0.029563280104774065
Основная: Multistart SGD + Momentum + L2,855,0.029543444279810004
Основная: Multistart SGD + Momentum + L2,856,0.02952934394929604
Основная: Multistart SGD + Momentum + L2,857,0.02952559359708224
Основная: Multistart SGD + Momentum + L2,858,0.02952297035387013
Основная: Multistart SGD + Momentum + L2,859,0.029529880297870948
Основная: Multistart SGD + Momentum + L2,860,0.02953658214613214
Основная: Multistart SGD + Momentum + L2,861,0.02953713885097214
Основная: Multistart SGD + Momentum + L2,862,0.029543404581113084
Основная: Multistart SGD + Momentum + L2,863,0.02955120806680802
Основная: Multistart SGD + Momentum + L2,864,0.029552831236183054
Основная: Multistart SGD + Momentum + L2,865,0.029550716129197737
Основная: Multistart SGD + Momentum + L2,866,0.02954752609512272
Основная: Multistart SGD + Momentum + L2,867,0.02955799244629643
Основная: Multistart SGD + Momentum + L2,868,0.029580012508205574
Основная: Multistart SGD + Momentum + L2,869,0.029619381309322814
Основная: Multistart SGD + Momentum + L2,870,0.029662171158412066
Основная: Multistart SGD + Momentum + L2,871,0.02971311874156392
Основная: Multistart SGD + Momentum + L2,872,0.029792991264464365
Основная: Multistart SGD + Momentum + L2,873,0.02987580214561507
Основная: Multistart SGD + Momentum + L2,874,0.02995768164901279
Основная: Multistart SGD + Momentum + L2,875,0.03004077952830602
Основная: Multistart SGD + Momentum + L2,876,0.030135446928783012
Основная: Multistart SGD + Momentum + L2,877,0.030271125826593373
Основная: Multistart SGD + Momentum + L2,878,0.03040347421914181
Основная: Multistart SGD + Momentum + L2,879,0.030551112546252715
Основная: Multistart SGD + Momentum + L2,880,0.03069681802920505
Основная: Multistart SGD + Momentum + L2,881,0.030750899434646338
Основная: Multistart SGD + Momentum + L2,882,0.030803382338449502
Основная: Multistart SGD + Momentum + L2,883,0.030840828801539228
Основная: Multistart SGD + Momentum + L2,884,0.030917984001983808
Основная: Multistart SGD + Momentum + L2,885,0.03097142236102458
Основная: Multistart SGD + Momentum + L2,886,0.031040129156261875
Основная: Multistart SGD + Momentum + L2,887,0.031055415603888276
Основная: Multistart SGD + Momentum + L2,888,0.03108144271400474
Основная: Multistart SGD + Momentum + L2,889,0.031091979074300793
Основная: Multistart SGD + Momentum + L2,890,0.03111340043904373
Основная: Multistart SGD + Momentum + L2,891,0.031100614587489226
Основная: Multistart SGD + Momentum + L2,892,0.03111226038205102
Основная: Multistart SGD + Momentum + L2,893,0.03112956491882312
Основная: Multistart SGD + Momentum + L2,894,0.031095492369521274
Основная: Multistart SGD + Momentum + L2,895,0.031103178811699418
Основная: Multistart SGD + Momentum + L2,896,0.031116298815090246
Основная: Multistart SGD + Momentum + L2,897,0.03105714911045288
Основная: Multistart SGD + Momentum + L2,898,0.031074090466278487
Основная: Multistart SGD + Momentum + L2,899,0.031102750212662216
Основная: Multistart SGD + Momentum + L2,900,0.031140298920842035
Основная: Multistart SGD + Momentum + L2,901,0.031185597694151024
Основная: Multistart SGD + Momentum + L2,902,0.031225145203154933
Основная: Multistart SGD + Momentum + L2,903,0.031335523778421054
Основная: Multistart SGD + Momentum + L2,904,0.03144792937545218
Основная: Multistart SGD + Momentum + L2,905,0.03127324290553949
Основная: Multistart SGD + Momentum + L2,906,0.031144560224616924
Основная: Multistart SGD + Momentum + L2,907,0.031038439661238926
Основная: Multistart SGD + Momentum + L2,908,0.030970508300353344
Основная: Multistart SGD + Momentum + L2,909,0.0309257485092079
Основная: Multistart SGD + Momentum + L2,910,0.030796195865961253
Основная: Multistart SGD + Momentum + L2,911,0.030655967053600373
Основная: Multistart SGD + Momentum + L2,912,0.03040833134178171
Основная: Multistart SGD + Momentum + L2,913,0.03022859344318251
Основная: Multistart SGD + Momentum + L2,914,0.030095878381137836
Основная: Multistart SGD + Momentum + L2,915,0.029997767227401096
Основная: Multistart SGD + Momentum + L2,916,0.02992584005976542
Основная: Multistart SGD + Momentum + L2,917,0.02981584853930106
Основная: Multistart SGD + Momentum + L2,918,0.029733944289477343
Основная: Multistart SGD + Momentum + L2,919,0.029688948543229572
Основная: Multistart SGD + Momentum + L2,920,0.029654775661765054
Основная: Multistart SGD + Momentum + L2,921,0.02963638776231189
Основная: Multistart SGD + Momentum + L2,922,0.029610544019977095
Основная: Multistart SGD + Momentum + L2,923,0.029593572575800753
Основная: Multistart SGD + Momentum + L2,924,0.02957726406162504
Основная: Multistart SGD + Momentum + L2,925,0.029573280567916905
Основная: Multistart SGD + Momentum + L2,926,0.02958186912742979
Основная: Multistart SGD + Momentum + L2,927,0.029591359657658096
Основная: Multistart SGD + Momentum + L2,928,0.0296095427187142
Основная: Multistart SGD + Momentum + L2,929,0.029633804534686108
Основная: Multistart SGD + Momentum + L2,930,0.029663327131803363
Основная: Multistart SGD + Momentum + L2,931,0.029715812435713914
Основная: Multistart SGD + Momentum + L2,932,0.02979644597735023
Основная: Multistart SGD + Momentum + L2,933,0.029856909188437187
Основная: Multistart SGD + Momentum + L2,934,0.02992118178101095
Основная: Multistart SGD + Momentum + L2,935,0.029986076751460092
Основная: Multistart SGD + Momentum + L2,936,0.030064762423898907
Основная: Multistart SGD + Momentum + L2,937,0.030126650806043584
Основная: Multistart SGD + Momentum + L2,938,0.030167336984653022
Основная: Multistart SGD + Momentum + L2,939,0.030193195684845263
Основная: Multistart SGD + Momentum + L2,940,0.03024189330723805
Основная: Multistart SGD + Momentum + L2,941,0.03022405867931217
Основная: Multistart SGD + Momentum + L2,942,0.030183996413124737
Основная: Multistart SGD + Momentum + L2,943,0.03017259386776652
Основная: Multistart SGD + Momentum + L2,944,0.030170561682898344
Основная: Multistart SGD + Momentum + L2,945,0.03019432128824731
Основная: Multistart SGD + Momentum + L2,946,0.030205122702190685
Основная: Multistart SGD + Momentum + L2,947,0.03021790208043628
Основная: Multistart SGD + Momentum + L2,948,0.030240440194175666
Основная: Multistart SGD + Momentum + L2,949,0.030216419296020893
Основная: Multistart SGD + Momentum + L2,950,0.030135614930278748
Основная: Multistart SGD + Momentum + L2,951,0.030078332540358684
Основная: Multistart SGD + Momentum + L2,952,0.03001737320611602
Основная: Multistart SGD + Momentum + L2,953,0.02994655683382879
Основная: Multistart SGD + Momentum + L2,954,0.029884079638664702
Основная: Multistart SGD + Momentum + L2,955,0.02984893596201438
Основная: Multistart SGD + Momentum + L2,956,0.02982455276733117
Основная: Multistart SGD + Momentum + L2,957,0.02980653410379718
Основная: Multistart SGD + Momentum + L2,958,0.029796737693477002
Основная: Multistart SGD + Momentum + L2,959,0.02977735517413725
Основная: Multistart SGD + Momentum + L2,960,0.02976997961350096
Основная: Multistart SGD + Momentum + L2,961,0.029774292026021908
Основная: Multistart SGD + Momentum + L2,962,0.02978699618485293
Основная: Multistart SGD + Momentum + L2,963,0.02980476296412427
Основная: Multistart SGD + Momentum + L2,964,0.029824889853980123
Основная: Multistart SGD + Momentum + L2,965,0.029845352410082626
Основная: Multistart SGD + Momentum + L2,966,0.0298656536021246
Основная: Multistart SGD + Momentum + L2,967,0.029880351954991554
Основная: Multistart SGD + Momentum + L2,968,0.029894332523824365
Основная: Multistart SGD + Momentum + L2,969,0.02990792313187507
Основная: Multistart SGD + Momentum + L2,970,0.029920239690774633
Основная: Multistart SGD + Momentum + L2,971,0.029932477874995395
Основная: Multistart SGD + Momentum + L2,972,0.029954431898356868
Основная: Multistart SGD + Momentum + L2,973,0.02997505053924926
Основная: Multistart SGD + Momentum + L2,974,0.02999342375433443
Основная: Multistart SGD + Momentum + L2,975,0.029996982717352988
Основная: Multistart SGD + Momentum + L2,976,0.029996613295542537
Основная: Multistart SGD + Momentum + L2,977,0.030021984820358588
Основная: Multistart SGD + Momentum + L2,978,0.03004492662783242
Основная: Multistart SGD + Momentum + L2,979,0.030073573094233013
Основная: Multistart SGD + Momentum + L2,980,0.030101296334730604
Основная: Multistart SGD + Momentum + L2,981,0.03012535958244042
Основная: Multistart SGD + Momentum + L2,982,0.03014968665757087
Основная: Multistart SGD + Momentum + L2,983,0.03017063024056897
Основная: Multistart SGD + Momentum + L2,984,0.03021410666945634
Основная: Multistart SGD + Momentum + L2,985,0.030216005007463454
Основная: Multistart SGD + Momentum + L2,986,0.030214761448360078
Основная: Multistart SGD + Momentum + L2,987,0.030219880693943463
Основная: Multistart SGD + Momentum + L2,988,0.03019664377852135
Основная: Multistart SGD + Momentum + L2,989,0.03017626881404794
Основная: Multistart SGD + Momentum + L2,990,0.030169106588383527
Основная: Multistart SGD + Momentum + L2,991,0.030166394222666336
Основная: Multistart SGD + Momentum + L2,992,0.030156917321858986
Основная: Multistart SGD + Momentum + L2,993,0.03014959290994087
Основная: Multistart SGD + Momentum + L2,994,0.030145322142722104
Основная: Multistart SGD + Momentum + L2,995,0.030144414760297087
Основная: Multistart SGD + Momentum + L2,996,0.030148245365333493
Основная: Multistart SGD + Momentum + L2,997,0.030121333484528567
Основная: Multistart SGD + Momentum + L2,998,0.030099039136432592
Основная: Multistart SGD + Momentum + L2,999,0.03005662303511743
Основная: Multistart SGD + Momentum + L2,1000,0.030003770169711914
Основная: Multistart SGD + Momentum + L2,1001,0.029954979714180114
Основная: Multistart SGD + Momentum + L2,1002,0.02991385983026258
Основная: Multistart SGD + Momentum + L2,1003,0.029881118060754726
Основная: Multistart SGD + Momentum + L2,1004,0.029858232140084477
Основная: Multistart SGD + Momentum + L2,1005,0.029841149826879108
Основная: Multistart SGD + Momentum + L2,1006,0.02982786654050477
Основная: Multistart SGD + Momentum + L2,1007,0.029816920582693023
Основная: Multistart SGD + Momentum + L2,1008,0.029816984424724555
Основная: Multistart SGD + Momentum + L2,1009,0.029820621501668088
Основная: Multistart SGD + Momentum + L2,1010,0.02982025595328193
Основная: Multistart SGD + Momentum + L2,1011,0.029794717480036266
Основная: Multistart SGD + Momentum + L2,1012,0.029770448830493457
Основная: Multistart SGD + Momentum + L2,1013,0.029751220217347486
Основная: Multistart SGD + Momentum + L2,1014,0.029733624675820376
Основная: Multistart SGD + Momentum + L2,1015,0.029700413973876103
Основная: Multistart SGD + Momentum + L2,1016,0.029672596093749514
Основная: Multistart SGD + Momentum + L2,1017,0.02966080602632961
Основная: Multistart SGD + Momentum + L2,1018,0.029649116482256793
Основная: Multistart SGD + Momentum + L2,1019,0.029647485819215957
Основная: Multistart SGD + Momentum + L2,1020,0.02965177470338759
Основная: Multistart SGD + Momentum + L2,1021,0.029640546760589304
Основная: Multistart SGD + Momentum + L2,1022,0.029614654225429575
Основная: Multistart SGD + Momentum + L2,1023,0.029591519157032675
Основная: Multistart SGD + Momentum + L2,1024,0.02956917418109209
Основная: Multistart SGD + Momentum + L2,1025,0.02957398806713981
Основная: Multistart SGD + Momentum + L2,1026,0.029594132578732026
Основная: Multistart SGD + Momentum + L2,1027,0.029609943089085933
Основная: Multistart SGD + Momentum + L2,1028,0.029634677605923993
Основная: Multistart SGD + Momentum + L2,1029,0.029648336180764557
Основная: Multistart SGD + Momentum + L2,1030,0.029666363007464787
Основная: Multistart SGD + Momentum + L2,1031,0.029686769973049438
Основная: Multistart SGD + Momentum + L2,1032,0.02970374490646148
Основная: Multistart SGD + Momentum + L2,1033,0.029735654045835194
Основная: Multistart SGD + Momentum + L2,1034,0.029839946955292986
Основная: Multistart SGD + Momentum + L2,1035,0.029984874670526036
Основная: Multistart SGD + Momentum + L2,1036,0.03011473029446938
Основная: Multistart SGD + Momentum + L2,1037,0.030249868889541964
Основная: Multistart SGD + Momentum + L2,1038,0.030455342679499064
Основная: Multistart SGD + Momentum + L2,1039,0.030661222219284776
Основная: Multistart SGD + Momentum + L2,1040,0.03085762869818691
Основная: Multistart SGD + Momentum + L2,1041,0.031076747483063032
Основная: Multistart SGD + Momentum + L2,1042,0.031257770569538115
Основная: Multistart SGD + Momentum + L2,1043,0.031453225586607514
Основная: Multistart SGD + Momentum + L2,1044,0.03157622324115617
Основная: Multistart SGD + Momentum + L2,1045,0.031643009261406306
Основная: Multistart SGD + Momentum + L2,1046,0.03166798100288573
Основная: Multistart SGD + Momentum + L2,1047,0.03161560927858819
Основная: Multistart SGD + Momentum + L2,1048,0.031599109318764675
Основная: Multistart SGD + Momentum + L2,1049,0.03154625349950372
Основная: Multistart SGD + Momentum + L2,1050,0.03142605742100174
Основная: Multistart SGD + Momentum + L2,1051,0.031325695791938515
Основная: Multistart SGD + Momentum + L2,1052,0.031217972846273888
Основная: Multistart SGD + Momentum + L2,1053,0.0311032880546419
Основная: Multistart SGD + Momentum + L2,1054,0.030979888492658227
Основная: Multistart SGD + Momentum + L2,1055,0.03081603186774693
Основная: Multistart SGD + Momentum + L2,1056,0.030670737104678766
Основная: Multistart SGD + Momentum + L2,1057,0.03053484211445328
Основная: Multistart SGD + Momentum + L2,1058,0.030405327161477147
Основная: Multistart SGD + Momentum + L2,1059,0.030300671818430956
Основная: Multistart SGD + Momentum + L2,1060,0.03017690631028966
Основная: Multistart SGD + Momentum + L2,1061,0.030070526410431894
Основная: Multistart SGD + Momentum + L2,1062,0.02997241827974908
Основная: Multistart SGD + Momentum + L2,1063,0.02986160113995272
Основная: Multistart SGD + Momentum + L2,1064,0.029816410843554603
Основная: Multistart SGD + Momentum + L2,1065,0.02982446722302584
Основная: Multistart SGD + Momentum + L2,1066,0.029823280991691167
Основная: Multistart SGD + Momentum + L2,1067,0.029824657715695133
Основная: Multistart SGD + Momentum + L2,1068,0.029852792887604573
Основная: Multistart SGD + Momentum + L2,1069,0.029846656227939118
Основная: Multistart SGD + Momentum + L2,1070,0.02984167783937779
Основная: Multistart SGD + Momentum + L2,1071,0.0298270318265397
Основная: Multistart SGD + Momentum + L2,1072,0.02982101049409066
Основная: Multistart SGD + Momentum + L2,1073,0.02982312667398711
Основная: Multistart SGD + Momentum + L2,1074,0.029826719909534723
Основная: Multistart SGD + Momentum + L2,1075,0.029819540571552037
Основная: Multistart SGD + Momentum + L2,1076,0.02981431155614382
Основная: Multistart SGD + Momentum + L2,1077,0.029788341269401115
Основная: Multistart SGD + Momentum + L2,1078,0.02976012534961107
Основная: Multistart SGD + Momentum + L2,1079,0.02973061397355754
Основная: Multistart SGD + Momentum + L2,1080,0.029700690053977706
Основная: Multistart SGD + Momentum + L2,1081,0.02966909309570203
Основная: Multistart SGD + Momentum + L2,1082,0.02963898206863604
Основная: Multistart SGD + Momentum + L2,1083,0.02961322997744187
Основная: Multistart SGD + Momentum + L2,1084,0.029595760914722484
Основная: Multistart SGD + Momentum + L2,1085,0.02958312690764795
Основная: Multistart SGD + Momentum + L2,1086,0.029574457827073745
Основная: Multistart SGD + Momentum + L2,1087,0.029571699331706322
Основная: Multistart SGD + Momentum + L2,1088,0.029564547441291424
Основная: Multistart SGD + Momentum + L2,1089,0.02955626152792779
Основная: Multistart SGD + Momentum + L2,1090,0.02955256332651848
Основная: Multistart SGD + Momentum + L2,1091,0.029547887049594868
Основная: Multistart SGD + Momentum + L2,1092,0.029544623818724938
Основная: Multistart SGD + Momentum + L2,1093,0.029553259255632305
Основная: Multistart SGD + Momentum + L2,1094,0.02955999883455297
Основная: Multistart SGD + Momentum + L2,1095,0.029573038087961183
Основная: Multistart SGD + Momentum + L2,1096,0.029582773640051328
Основная: Multistart SGD + Momentum + L2,1097,0.029573600469780956
Основная: Multistart SGD + Momentum + L2,1098,0.029564206140519772
Основная: Multistart SGD + Momentum + L2,1099,0.02956028804584777
Основная: Multistart SGD + Momentum + L2,1100,0.029556405447504368
Основная: Multistart SGD + Momentum + L2,1101,0.029541634032810838
Основная: Multistart SGD + Momentum + L2,1102,0.02953281093987104
Основная: Multistart SGD + Momentum + L2,1103,0.02952726549950431
Основная: Multistart SGD + Momentum + L2,1104,0.029525692210323768
Основная: Multistart SGD + Momentum + L2,1105,0.029530981669795568
Основная: Multistart SGD + Momentum + L2,1106,0.029539239463191914
Основная: Multistart SGD + Momentum + L2,1107,0.029547708533134584
Основная: Multistart SGD + Momentum + L2,1108,0.029551296199344754
Основная: Multistart SGD + Momentum + L2,1109,0.029554374187928906
Основная: Multistart SGD + Momentum + L2,1110,0.029559099079097893
Основная: Multistart SGD + Momentum + L2,1111,0.029556170812100692
Основная: Multistart SGD + Momentum + L2,1112,0.029554849839948712
Основная: Multistart SGD + Momentum + L2,1113,0.029554919313546115
Основная: Multistart SGD + Momentum + L2,1114,0.02955247572235132
Основная: Multistart SGD + Momentum + L2,1115,0.02955172036570383
Основная: Multistart SGD + Momentum + L2,1116,0.0295529854486363
Основная: Multistart SGD + Momentum + L2,1117,0.029559425273980176
Основная: Multistart SGD + Momentum + L2,1118,0.02955767055043988
Основная: Multistart SGD + Momentum + L2,1119,0.029559356751204566
Основная: Multistart SGD + Momentum + L2,1120,0.029565099962968962
Основная: Multistart SGD + Momentum + L2,1121,0.029575344847592663
Основная: Multistart SGD + Momentum + L2,1122,0.02958787951754326
Основная: Multistart SGD + Momentum + L2,1123,0.029615362314468062
Основная: Multistart SGD + Momentum + L2,1124,0.029653291747804452
Основная: Multistart SGD + Momentum + L2,1125,0.02968682875471591
Основная: Multistart SGD + Momentum + L2,1126,0.02972404581562585
Основная: Multistart SGD + Momentum + L2,1127,0.02977597017284584
Основная: Multistart SGD + Momentum + L2,1128,0.029838102212127127
Основная: Multistart SGD + Momentum + L2,1129,0.029870780506380576
Основная: Multistart SGD + Momentum + L2,1130,0.029913035095206958
Основная: Multistart SGD + Momentum + L2,1131,0.02991381770891914
Основная: Multistart SGD + Momentum + L2,1132,0.029906379715102967
Основная: Multistart SGD + Momentum + L2,1133,0.02990967105338846
Основная: Multistart SGD + Momentum + L2,1134,0.029901435090420425
Основная: Multistart SGD + Momentum + L2,1135,0.02991054851783477
Основная: Multistart SGD + Momentum + L2,1136,0.029935557133895417
Основная: Multistart SGD + Momentum + L2,1137,0.029951839380011495
Основная: Multistart SGD + Momentum + L2,1138,0.02995967975490482
Основная: Multistart SGD + Momentum + L2,1139,0.029942059192764582
Основная: Multistart SGD + Momentum + L2,1140,0.029937084100094255
Основная: Multistart SGD + Momentum + L2,1141,0.029916134431038976
Основная: Multistart SGD + Momentum + L2,1142,0.029882074305814545
Основная: Multistart SGD + Momentum + L2,1143,0.029832306761918326
Основная: Multistart SGD + Momentum + L2,1144,0.02978306902970875
Основная: Multistart SGD + Momentum + L2,1145,0.02973531424232572
Основная: Multistart SGD + Momentum + L2,1146,0.029681443161793667
Основная: Multistart SGD + Momentum + L2,1147,0.029646981262352556
Основная: Multistart SGD + Momentum + L2,1148,0.029626990476168923
Основная: Multistart SGD + Momentum + L2,1149,0.02960431381360548
Основная: Multistart SGD + Momentum + L2,1150,0.029597207515189804
Основная: Multistart SGD + Momentum + L2,1151,0.029599014163722504
Основная: Multistart SGD + Momentum + L2,1152,0.029613055512382455
Основная: Multistart SGD + Momentum + L2,1153,0.029561384257388686
Основная: Multistart SGD + Momentum + L2,1154,0.029530560578508835
Основная: Multistart SGD + Momentum + L2,1155,0.02949140301339284
Основная: Multistart SGD + Momentum + L2,1156,0.029468498767170937
Основная: Multistart SGD + Momentum + L2,1157,0.029455998145336684
Основная: Multistart SGD + Momentum + L2,1158,0.029454787231430583
Основная: Multistart SGD + Momentum + L2,1159,0.029427238058509643
Основная: Multistart SGD + Momentum + L2,1160,0.029414154899535517
Основная: Multistart SGD + Momentum + L2,1161,0.02940657804330865
Основная: Multistart SGD + Momentum + L2,1162,0.02940588571789575
Основная: Multistart SGD + Momentum + L2,1163,0.029410012458639122
Основная: Multistart SGD + Momentum + L2,1164,0.0294181444651625
Основная: Multistart SGD + Momentum + L2,1165,0.029428866633743188
Основная: Multistart SGD + Momentum + L2,1166,0.029444363891745567
Основная: Multistart SGD + Momentum + L2,1167,0.02946227774176219
Основная: Multistart SGD + Momentum + L2,1168,0.029477548941151663
Основная: Multistart SGD + Momentum + L2,1169,0.02949904041746406
Основная: Multistart SGD + Momentum + L2,1170,0.029535563816059412
Основная: Multistart SGD + Momentum + L2,1171,0.029583208192218564
Основная: Multistart SGD + Momentum + L2,1172,0.02962519406802781
Основная: Multistart SGD + Momentum + L2,1173,0.029675205178022898
Основная: Multistart SGD + Momentum + L2,1174,0.02972998310987128
Основная: Multistart SGD + Momentum + L2,1175,0.029794271710810047
Основная: Multistart SGD + Momentum + L2,1176,0.02986702904655931
Основная: Multistart SGD + Momentum + L2,1177,0.02995217053720141
Основная: Multistart SGD + Momentum + L2,1178,0.03005869713816943
Основная: Multistart SGD + Momentum + L2,1179,0.030150510393721287
Основная: Multistart SGD + Momentum + L2,1180,0.03020620089622945
Основная: Multistart SGD + Momentum + L2,1181,0.03021964816652004
Основная: Multistart SGD + Momentum + L2,1182,0.030195932665477557
Основная: Multistart SGD + Momentum + L2,1183,0.030230614990333703
Основная: Multistart SGD + Momentum + L2,1184,0.030281410304419963
Основная: Multistart SGD + Momentum + L2,1185,0.030243915319925964
Основная: Multistart SGD + Momentum + L2,1186,0.030246362223929815
Основная: Multistart SGD + Momentum + L2,1187,0.030258071620126562
Основная: Multistart SGD + Momentum + L2,1188,0.03024598144741558
Основная: Multistart SGD + Momentum + L2,1189,0.030222821357190458
Основная: Multistart SGD + Momentum + L2,1190,0.030214779932758794
Основная: Multistart SGD + Momentum + L2,1191,0.03018049259214898
Основная: Multistart SGD + Momentum + L2,1192,0.0301727155434714
Основная: Multistart SGD + Momentum + L2,1193,0.030148552591070774
Основная: Multistart SGD + Momentum + L2,1194,0.030178539785391107
Основная: Multistart SGD + Momentum + L2,1195,0.030208353755869517
Основная: Multistart SGD + Momentum + L2,1196,0.030263639508541728
Основная: Multistart SGD + Momentum + L2,1197,0.030321334221093014
Основная: Multistart SGD + Momentum + L2,1198,0.030382352512420743
Основная: Multistart SGD + Momentum + L2,1199,0.030452812713061158
Основная: Multistart SGD + Momentum + L2,1200,0.030505640622920396
Основная: Multistart SGD + Momentum + L2,1201,0.030578446618794056
Основная: Multistart SGD + Momentum + L2,1202,0.03060633102017822
Основная: Multistart SGD + Momentum + L2,1203,0.030643569794973728
Основная: Multistart SGD + Momentum + L2,1204,0.030676302091134797
Основная: Multistart SGD + Momentum + L2,1205,0.030720314061611267
Основная: Multistart SGD + Momentum + L2,1206,0.03071601331040159
Основная: Multistart SGD + Momentum + L2,1207,0.030754588536798376
Основная: Multistart SGD + Momentum + L2,1208,0.030788432369228996
Основная: Multistart SGD + Momentum + L2,1209,0.030843454327827848
Основная: Multistart SGD + Momentum + L2,1210,0.030884628527995242
Основная: Multistart SGD + Momentum + L2,1211,0.030929830477462592
Основная: Multistart SGD + Momentum + L2,1212,0.030963816331295073
Основная: Multistart SGD + Momentum + L2,1213,0.03100255460810725
Основная: Multistart SGD + Momentum + L2,1214,0.03098829792142398
Основная: Multistart SGD + Momentum + L2,1215,0.03097751239632485
Основная: Multistart SGD + Momentum + L2,1216,0.03097757886024757
Основная: Multistart SGD + Momentum + L2,1217,0.030993304773549158
Основная: Multistart SGD + Momentum + L2,1218,0.030997396091742586
Основная: Multistart SGD + Momentum + L2,1219,0.031023344624832715
Основная: Multistart SGD + Momentum + L2,1220,0.031043961718106073
Основная: Multistart SGD + Momentum + L2,1221,0.03107692992705607
Основная: Multistart SGD + Momentum + L2,1222,0.031154818249768394
Основная: Multistart SGD + Momentum + L2,1223,0.031246125624808514
Основная: Multistart SGD + Momentum + L2,1224,0.031282305785657924
Основная: Multistart SGD + Momentum + L2,1225,0.031326139628429873
Основная: Multistart SGD + Momentum + L2,1226,0.03120043312523458
Основная: Multistart SGD + Momentum + L2,1227,0.03114005417835044
Основная: Multistart SGD + Momentum + L2,1228,0.03113338971169895
Основная: Multistart SGD + Momentum + L2,1229,0.031062947366247914
Основная: Multistart SGD + Momentum + L2,1230,0.031009462630797662
Основная: Multistart SGD + Momentum + L2,1231,0.030969579863640597
Основная: Multistart SGD + Momentum + L2,1232,0.030902919679847207
Основная: Multistart SGD + Momentum + L2,1233,0.030806981843713752
Основная: Multistart SGD + Momentum + L2,1234,0.030749270182730482
Основная: Multistart SGD + Momentum + L2,1235,0.030720325752868483
Основная: Multistart SGD + Momentum + L2,1236,0.03070237992037163
Основная: Multistart SGD + Momentum + L2,1237,0.030708050310337073
Основная: Multistart SGD + Momentum + L2,1238,0.030643679312190326
Основная: Multistart SGD + Momentum + L2,1239,0.030616191534751154
Основная: Multistart SGD + Momentum + L2,1240,0.030538306121973405
Основная: Multistart SGD + Momentum + L2,1241,0.03046170294643294
Основная: Multistart SGD + Momentum + L2,1242,0.030390756730941573
Основная: Multistart SGD + Momentum + L2,1243,0.030243992778621435
Основная: Multistart SGD + Momentum + L2,1244,0.030016110272269112
Основная: Multistart SGD + Momentum + L2,1245,0.02980108172205615
Основная: Multistart SGD + Momentum + L2,1246,0.02965416313456161
Основная: Multistart SGD + Momentum + L2,1247,0.029561602795860197
Основная: Multistart SGD + Momentum + L2,1248,0.029501244173903048
Основная: Multistart SGD + Momentum + L2,1249,0.02945945109080347
Основная: Multistart SGD + Momentum + L2,1250,0.02942832820065666
Основная: Multistart SGD + Momentum + L2,1251,0.029413485312733967
Основная: Multistart SGD + Momentum + L2,1252,0.02940115483468327
Основная: Multistart SGD + Momentum + L2,1253,0.029397995032505425
Основная: Multistart SGD + Momentum + L2,1254,0.029409614714443044
Основная: Multistart SGD + Momentum + L2,1255,0.029421025762233346
Основная: Multistart SGD + Momentum + L2,1256,0.029443430893082847
Основная: Multistart SGD + Momentum + L2,1257,0.029458132302203396
Основная: Multistart SGD + Momentum + L2,1258,0.029470200999803308
Основная: Multistart SGD + Momentum + L2,1259,0.029493159440857303
Основная: Multistart SGD + Momentum + L2,1260,0.029525964827855553
Основная: Multistart SGD + Momentum + L2,1261,0.029622304842343433
Основная: Multistart SGD + Momentum + L2,1262,0.02975343960906501
Основная: Multistart SGD + Momentum + L2,1263,0.029888684767425143
Основная: Multistart SGD + Momentum + L2,1264,0.029988298374403807
Основная: Multistart SGD + Momentum + L2,1265,0.03008280458762322
Основная: Multistart SGD + Momentum + L2,1266,0.030144700011227474
Основная: Multistart SGD + Momentum + L2,1267,0.030195087631250037
Основная: Multistart SGD + Momentum + L2,1268,0.030213439935988563
Основная: Multistart SGD + Momentum + L2,1269,0.030264355983508077
Основная: Multistart SGD + Momentum + L2,1270,0.030275666483775467
Основная: Multistart SGD + Momentum + L2,1271,0.03033772671817051
Основная: Multistart SGD + Momentum + L2,1272,0.03038388074527629
Основная: Multistart SGD + Momentum + L2,1273,0.030410088262548103
Основная: Multistart SGD + Momentum + L2,1274,0.03044765822322017
Основная: Multistart SGD + Momentum + L2,1275,0.030483213196985885
Основная: Multistart SGD + Momentum + L2,1276,0.03056912507501867
Основная: Multistart SGD + Momentum + L2,1277,0.030619745013547278
Основная: Multistart SGD + Momentum + L2,1278,0.030634721302432517
Основная: Multistart SGD + Momentum + L2,1279,0.03059793225901886
Основная: Multistart SGD + Momentum + L2,1280,0.030560704010120364
Основная: Multistart SGD + Momentum + L2,1281,0.030513870026376157
Основная: Multistart SGD + Momentum + L2,1282,0.030470719255984456
Основная: Multistart SGD + Momentum + L2,1283,0.03040981727362605
Основная: Multistart SGD + Momentum + L2,1284,0.030304852652696227
Основная: Multistart SGD + Momentum + L2,1285,0.030220526019342345
Основная: Multistart SGD + Momentum + L2,1286,0.03013002299352883
Основная: Multistart SGD + Momentum + L2,1287,0.030051494793281137
Основная: Multistart SGD + Momentum + L2,1288,0.030007888585295343
Основная: Multistart SGD + Momentum + L2,1289,0.029973231871836162
Основная: Multistart SGD + Momentum + L2,1290,0.029902546855561086
Основная: Multistart SGD + Momentum + L2,1291,0.02988331133620122
Основная: Multistart SGD + Momentum + L2,1292,0.02987016291122317
Основная: Multistart SGD + Momentum + L2,1293,0.029895674387576215
Основная: Multistart SGD + Momentum + L2,1294,0.029908763754443814
Основная: Multistart SGD + Momentum + L2,1295,0.02990381282866236
Основная: Multistart SGD + Momentum + L2,1296,0.029891264218216508
Основная: Multistart SGD + Momentum + L2,1297,0.029866002828343268
Основная: Multistart SGD + Momentum + L2,1298,0.029839537964914006
Основная: Multistart SGD + Momentum + L2,1299,0.02980069236685553
Основная: Multistart SGD + Momentum + L2,1300,0.029757288261298333
Основная: Multistart SGD + Momentum + L2,1301,0.02976589858051026
Основная: Multistart SGD + Momentum + L2,1302,0.029765559520920783
Основная: Multistart SGD + Momentum + L2,1303,0.029734841111426855
Основная: Multistart SGD + Momentum + L2,1304,0.029706257571742035
Основная: Multistart SGD + Momentum + L2,1305,0.029684743853144437
Основная: Multistart SGD + Momentum + L2,1306,0.02966102519954538
Основная: Multistart SGD + Momentum + L2,1307,0.029648703235246845
Основная: Multistart SGD + Momentum + L2,1308,0.029650075884041747
Основная: Multistart SGD + Momentum + L2,1309,0.029647109814014135
Основная: Multistart SGD + Momentum + L2,1310,0.02963763924546724
Основная: Multistart SGD + Momentum + L2,1311,0.029637591196662646
Основная: Multistart SGD + Momentum + L2,1312,0.029603596632485882
Основная: Multistart SGD + Momentum + L2,1313,0.029579493274152605
Основная: Multistart SGD + Momentum + L2,1314,0.02955743770613935
Основная: Multistart SGD + Momentum + L2,1315,0.02955623455032562
Основная: Multistart SGD + Momentum + L2,1316,0.029548640564486205
Основная: Multistart SGD + Momentum + L2,1317,0.029522018678961332
Основная: Multistart SGD + Momentum + L2,1318,0.029500778488469017
Основная: Multistart SGD + Momentum + L2,1319,0.02950001264664225
Основная: Multistart SGD + Momentum + L2,1320,0.02949344544940068
Основная: Multistart SGD + Momentum + L2,1321,0.029491622258965663
Основная: Multistart SGD + Momentum + L2,1322,0.029492366467948884
Основная: Multistart SGD + Momentum + L2,1323,0.02947652574607357
Основная: Multistart SGD + Momentum + L2,1324,0.02945863046569436
Основная: Multistart SGD + Momentum + L2,1325,0.02945658676079385
Основная: Multistart SGD + Momentum + L2,1326,0.02945434170343581
Основная: Multistart SGD + Momentum + L2,1327,0.02945452342192359
Основная: Multistart SGD + Momentum + L2,1328,0.029449402747088585
Основная: Multistart SGD + Momentum + L2,1329,0.029446221796108955
Основная: Multistart SGD + Momentum + L2,1330,0.029442004806812347
Основная: Multistart SGD + Momentum + L2,1331,0.029450911212336207
Основная: Multistart SGD + Momentum + L2,1332,0.02945379728217004
Основная: Multistart SGD + Momentum + L2,1333,0.02944585285274894
Основная: Multistart SGD + Momentum + L2,1334,0.02942920961488115
Основная: Multistart SGD + Momentum + L2,1335,0.02942090554149465
Основная: Multistart SGD + Momentum + L2,1336,0.029410733234603866
Основная: Multistart SGD + Momentum + L2,1337,0.029410627053415458
Основная: Multistart SGD + Momentum + L2,1338,0.029407538457954414
Основная: Multistart SGD + Momentum + L2,1339,0.029407236330555597
Основная: Multistart SGD + Momentum + L2,1340,0.02940491674224897
Основная: Multistart SGD + Momentum + L2,1341,0.029402601109439267
Основная: Multistart SGD + Momentum + L2,1342,0.02940346265382067
Основная: Multistart SGD + Momentum + L2,1343,0.029394476628372804
Основная: Multistart SGD + Momentum + L2,1344,0.029386696307539456
Основная: Multistart SGD + Momentum + L2,1345,0.029401726112803304
Основная: Multistart SGD + Momentum + L2,1346,0.029428056481303127
Основная: Multistart SGD + Momentum + L2,1347,0.02945331539139501
Основная: Multistart SGD + Momentum + L2,1348,0.029466429120205945
Основная: Multistart SGD + Momentum + L2,1349,0.029477140474204494
Основная: Multistart SGD + Momentum + L2,1350,0.029485127272935535
Основная: Multistart SGD + Momentum + L2,1351,0.029487660604658548
Основная: Multistart SGD + Momentum + L2,1352,0.02949231938680932
Основная: Multistart SGD + Momentum + L2,1353,0.02949393757877535
Основная: Multistart SGD + Momentum + L2,1354,0.02948770600576708
Основная: Multistart SGD + Momentum + L2,1355,0.029480447215930926
Основная: Multistart SGD + Momentum + L2,1356,0.02949480596119056
Основная: Multistart SGD + Momentum + L2,1357,0.029503091633166282
Основная: Multistart SGD + Momentum + L2,1358,0.029531713612683683
Основная: Multistart SGD + Momentum + L2,1359,0.02955518631444837
Основная: Multistart SGD + Momentum + L2,1360,0.02957439090558277
Основная: Multistart SGD + Momentum + L2,1361,0.029582583423330013
Основная: Multistart SGD + Momentum + L2,1362,0.029591594567076107
Основная: Multistart SGD + Momentum + L2,1363,0.029588420365860152
Основная: Multistart SGD + Momentum + L2,1364,0.029571635654860977
Основная: Multistart SGD + Momentum + L2,1365,0.029537600626223216
Основная: Multistart SGD + Momentum + L2,1366,0.029517780370390302
Основная: Multistart SGD + Momentum + L2,1367,0.029503534412203505
Основная: Multistart SGD + Momentum + L2,1368,0.02949072835935201
Основная: Multistart SGD + Momentum + L2,1369,0.029478428494447664
Основная: Multistart SGD + Momentum + L2,1370,0.02946537523980157
Основная: Multistart SGD + Momentum + L2,1371,0.029462754858402676
Основная: Multistart SGD + Momentum + L2,1372,0.02944874862357104
Основная: Multistart SGD + Momentum + L2,1373,0.02943558368359139
Основная: Multistart SGD + Momentum + L2,1374,0.029420513517327246
Основная: Multistart SGD + Momentum + L2,1375,0.02940814871696871
Основная: Multistart SGD + Momentum + L2,1376,0.02939695839946516
Основная: Multistart SGD + Momentum + L2,1377,0.029387672994390518
Основная: Multistart SGD + Momentum + L2,1378,0.02938282222118724
Основная: Multistart SGD + Momentum + L2,1379,0.02938243895032338
Основная: Multistart SGD + Momentum + L2,1380,0.02938743798860005
Основная: Multistart SGD + Momentum + L2,1381,0.02939674039194267
Основная: Multistart SGD + Momentum + L2,1382,0.029412052418608156
Основная: Multistart SGD + Momentum + L2,1383,0.02943929356868486
Основная: Multistart SGD + Momentum + L2,1384,0.029471851589203592
Основная: Multistart SGD + Momentum + L2,1385,0.029510902935229184
Основная: Multistart SGD + Momentum + L2,1386,0.02956368174561737
Основная: Multistart SGD + Momentum + L2,1387,0.029621195627225566
Основная: Multistart SGD + Momentum + L2,1388,0.029702094659955814
Основная: Multistart SGD + Momentum + L2,1389,0.029758124905074183
Основная: Multistart SGD + Momentum + L2,1390,0.02980810113311356
Основная: Multistart SGD + Momentum + L2,1391,0.029834053769140407
Основная: Multistart SGD + Momentum + L2,1392,0.029850468044229535
Основная: Multistart SGD + Momentum + L2,1393,0.029865845333500656
Основная: Multistart SGD + Momentum + L2,1394,0.029831968489823592
Основная: Multistart SGD + Momentum + L2,1395,0.02979534571913588
Основная: Multistart SGD + Momentum + L2,1396,0.029786864267182554
Основная: Multistart SGD + Momentum + L2,1397,0.029759233945110486
Основная: Multistart SGD + Momentum + L2,1398,0.02974216586645733
Основная: Multistart SGD + Momentum + L2,1399,0.02967031522338964
Основная: Multistart SGD + Momentum + L2,1400,0.02961690281229032
Основная: Multistart SGD + Momentum + L2,1401,0.02956487228444376
Основная: Multistart SGD + Momentum + L2,1402,0.029513131365742632
Основная: Multistart SGD + Momentum + L2,1403,0.029481045153028445
Основная: Multistart SGD + Momentum + L2,1404,0.029459104905471843
Основная: Multistart SGD + Momentum + L2,1405,0.029435662128345887
Основная: Multistart SGD + Momentum + L2,1406,0.029419222635949087
Основная: Multistart SGD + Momentum + L2,1407,0.029411275931689504
Основная: Multistart SGD + Momentum + L2,1408,0.029407747094752957
Основная: Multistart SGD + Momentum + L2,1409,0.029410015413969454
Основная: Multistart SGD + Momentum + L2,1410,0.02940817380189627
Основная: Multistart SGD + Momentum + L2,1411,0.029413160575935203
Основная: Multistart SGD + Momentum + L2,1412,0.029409691808597854
Основная: Multistart SGD + Momentum + L2,1413,0.029410365978501662
Основная: Multistart SGD + Momentum + L2,1414,0.029401846008401487
Основная: Multistart SGD + Momentum + L2,1415,0.02939351035455313
Основная: Multistart SGD + Momentum + L2,1416,0.02938972052175431
Основная: Multistart SGD + Momentum + L2,1417,0.029390048552572875
Основная: Multistart SGD + Momentum + L2,1418,0.029391479484223614
Основная: Multistart SGD + Momentum + L2,1419,0.029393567934122837
Основная: Multistart SGD + Momentum + L2,1420,0.02939779725251111
Основная: Multistart SGD + Momentum + L2,1421,0.02940667160181953
Основная: Multistart SGD + Momentum + L2,1422,0.029427143928859346
Основная: Multistart SGD + Momentum + L2,1423,0.029458152701658046
Основная: Multistart SGD + Momentum + L2,1424,0.029501823908007194
Основная: Multistart SGD + Momentum + L2,1425,0.02953868531302862
Основная: Multistart SGD + Momentum + L2,1426,0.029590399558054654
Основная: Multistart SGD + Momentum + L2,1427,0.029627104677345945
Основная: Multistart SGD + Momentum + L2,1428,0.02965505045478903
Основная: Multistart SGD + Momentum + L2,1429,0.02967964095521076
Основная: Multistart SGD + Momentum + L2,1430,0.029725915012300836
Основная: Multistart SGD + Momentum + L2,1431,0.029776602204045707
Основная: Multistart SGD + Momentum + L2,1432,0.029851236035489455
Основная: Multistart SGD + Momentum + L2,1433,0.029905273231834055
Основная: Multistart SGD + Momentum + L2,1434,0.02996559749686357
Основная: Multistart SGD + Momentum + L2,1435,0.030060736272143625
Основная: Multistart SGD + Momentum + L2,1436,0.030195463117881474
Основная: Multistart SGD + Momentum + L2,1437,0.03032698578397993
Основная: Multistart SGD + Momentum + L2,1438,0.030425699017151864
Основная: Multistart SGD + Momentum + L2,1439,0.030499571409567917
Основная: Multistart SGD + Momentum + L2,1440,0.03057288623310589
Основная: Multistart SGD + Momentum + L2,1441,0.03051938173845782
Основная: Multistart SGD + Momentum + L2,1442,0.030487128190812656
Основная: Multistart SGD + Momentum + L2,1443,0.03047693402555131
Основная: Multistart SGD + Momentum + L2,1444,0.030482158201368695
Основная: Multistart SGD + Momentum + L2,1445,0.030507699722677844
Основная: Multistart SGD + Momentum + L2,1446,0.030573111519319636
Основная: Multistart SGD + Momentum + L2,1447,0.030634691876809655
Основная: Multistart SGD + Momentum + L2,1448,0.03063130007932938
Основная: Multistart SGD + Momentum + L2,1449,0.030648839116810603
Основная: Multistart SGD + Momentum + L2,1450,0.030681442522161016
Основная: Multistart SGD + Momentum + L2,1451,0.03072415133435686
Основная: Multistart SGD + Momentum + L2,1452,0.030736660751599046
Основная: Multistart SGD + Momentum + L2,1453,0.03078811600477317
Основная: Multistart SGD + Momentum + L2,1454,0.0308729443457566
Основная: Multistart SGD + Momentum + L2,1455,0.030968439582412712
Основная: Multistart SGD + Momentum + L2,1456,0.031047149172179666
Основная: Multistart SGD + Momentum + L2,1457,0.03110421571988393
Основная: Multistart SGD + Momentum + L2,1458,0.031142861953372483
Основная: Multistart SGD + Momentum + L2,1459,0.03117419123623718
Основная: Multistart SGD + Momentum + L2,1460,0.03107105363289123
Основная: Multistart SGD + Momentum + L2,1461,0.030995868740957354
Основная: Multistart SGD + Momentum + L2,1462,0.030954724491471835
Основная: Multistart SGD + Momentum + L2,1463,0.030906631969490117
Основная: Multistart SGD + Momentum + L2,1464,0.030925708270858047
Основная: Multistart SGD + Momentum + L2,1465,0.030933001301564213
Основная: Multistart SGD + Momentum + L2,1466,0.030732333423218402
Основная: Multistart SGD + Momentum + L2,1467,0.030600217883845465
Основная: Multistart SGD + Momentum + L2,1468,0.030458691845286715
Основная: Multistart SGD + Momentum + L2,1469,0.030325474686772432
Основная: Multistart SGD + Momentum + L2,1470,0.030267139359187248
Основная: Multistart SGD + Momentum + L2,1471,0.030211413676912286
Основная: Multistart SGD + Momentum + L2,1472,0.03017892612056478
Основная: Multistart SGD + Momentum + L2,1473,0.0301675569744541
Основная: Multistart SGD + Momentum + L2,1474,0.030171685119399473
Основная: Multistart SGD + Momentum + L2,1475,0.030169396947863594
Основная: Multistart SGD + Momentum + L2,1476,0.0301456508395097
Основная: Multistart SGD + Momentum + L2,1477,0.03014109081092912
Основная: Multistart SGD + Momentum + L2,1478,0.03013848895637436
Основная: Multistart SGD + Momentum + L2,1479,0.03013458230672016
Основная: Multistart SGD + Momentum + L2,1480,0.030109774704915764
Основная: Multistart SGD + Momentum + L2,1481,0.030020113418748013
Основная: Multistart SGD + Momentum + L2,1482,0.0299570833032583
Основная: Multistart SGD + Momentum + L2,1483,0.02988450865805318
Основная: Multistart SGD + Momentum + L2,1484,0.029819192076592366
Основная: Multistart SGD + Momentum + L2,1485,0.029772143553486115
Основная: Multistart SGD + Momentum + L2,1486,0.02976301445090943
Основная: Multistart SGD + Momentum + L2,1487,0.029755818858916323
Основная: Multistart SGD + Momentum + L2,1488,0.02975875640166462
Основная: Multistart SGD + Momentum + L2,1489,0.02977015070847791
Основная: Multistart SGD + Momentum + L2,1490,0.02980985557535101
Основная: Multistart SGD + Momentum + L2,1491,0.02985312255472129
Основная: Multistart SGD + Momentum + L2,1492,0.02989307775969205
Основная: Multistart SGD + Momentum + L2,1493,0.02987662949226578
Основная: Multistart SGD + Momentum + L2,1494,0.029873968775582738
Основная: Multistart SGD + Momentum + L2,1495,0.02984340885248808
Основная: Multistart SGD + Momentum + L2,1496,0.029831662115058177
Основная: Multistart SGD + Momentum + L2,1497,0.029836584296945176
Основная: Multistart SGD + Momentum + L2,1498,0.02984427333863292
Основная: Multistart SGD + Momentum + L2,1499,0.029862332441041726
Основная: Multistart SGD + Momentum + L2,1500,0.029897946112726777
Основная: Multistart SGD + Momentum + L2,1501,0.029931382967285564
Основная: Multistart SGD + Momentum + L2,1502,0.029974137329983646
Основная: Multistart SGD + Momentum + L2,1503,0.030029179278747514
Основная: Multistart SGD + Momentum + L2,1504,0.030088001793095003
Основная: Multistart SGD + Momentum + L2,1505,0.03015809606620875
Основная: Multistart SGD + Momentum + L2,1506,0.030124054563397187
Основная: Multistart SGD + Momentum + L2,1507,0.030092984869742042
Основная: Multistart SGD + Momentum + L2,1508,0.030074168566297577
Основная: Multistart SGD + Momentum + L2,1509,0.03007057818784775
Основная: Multistart SGD + Momentum + L2,1510,0.030087752024297844
Основная: Multistart SGD + Momentum + L2,1511,0.030095742104039713
Основная: Multistart SGD + Momentum + L2,1512,0.03004991397753375
Основная: Multistart SGD + Momentum + L2,1513,0.03002683580940361
Основная: Multistart SGD + Momentum + L2,1514,0.029968567795269317
Основная: Multistart SGD + Momentum + L2,1515,0.02991369705315479
Основная: Multistart SGD + Momentum + L2,1516,0.02987541927249972
Основная: Multistart SGD + Momentum + L2,1517,0.029821472414296443
Основная: Multistart SGD + Momentum + L2,1518,0.029781311469770807
Основная: Multistart SGD + Momentum + L2,1519,0.02974326536260581
Основная: Multistart SGD + Momentum + L2,1520,0.029701840327729788
Основная: Multistart SGD + Momentum + L2,1521,0.029661518967634526
Основная: Multistart SGD + Momentum + L2,1522,0.02964574949426416
Основная: Multistart SGD + Momentum + L2,1523,0.02962474116777886
Основная: Multistart SGD + Momentum + L2,1524,0.029618890091007967
Основная: Multistart SGD + Momentum + L2,1525,0.02962021788010733
Основная: Multistart SGD + Momentum + L2,1526,0.02961968314428101
Основная: Multistart SGD + Momentum + L2,1527,0.029619795140216322
Основная: Multistart SGD + Momentum + L2,1528,0.029618779423399723
Основная: Multistart SGD + Momentum + L2,1529,0.02961248972661859
Основная: Multistart SGD + Momentum + L2,1530,0.029613198811299136
Основная: Multistart SGD + Momentum + L2,1531,0.02961726110162452
Основная: Multistart SGD + Momentum + L2,1532,0.02962396195059414
Основная: Multistart SGD + Momentum + L2,1533,0.0296255228418471
Основная: Multistart SGD + Momentum + L2,1534,0.029632107316342908
Основная: Multistart SGD + Momentum + L2,1535,0.029638188620242808
Основная: Multistart SGD + Momentum + L2,1536,0.029649366184821745
Основная: Multistart SGD + Momentum + L2,1537,0.029661469843994794
Основная: Multistart SGD + Momentum + L2,1538,0.029660031571577514
Основная: Multistart SGD + Momentum + L2,1539,0.029658479214950628
Основная: Multistart SGD + Momentum + L2,1540,0.029657801124958062
Основная: Multistart SGD + Momentum + L2,1541,0.029649410941105136
Основная: Multistart SGD + Momentum + L2,1542,0.02964226924427662
Основная: Multistart SGD + Momentum + L2,1543,0.029638370816250113
Основная: Multistart SGD + Momentum + L2,1544,0.029638112286651495
Основная: Multistart SGD + Momentum + L2,1545,0.02964072023854607
Основная: Multistart SGD + Momentum + L2,1546,0.029674741734239212
Основная: Multistart SGD + Momentum + L2,1547,0.02972227320122453
Основная: Multistart SGD + Momentum + L2,1548,0.029760293645713243
Основная: Multistart SGD + Momentum + L2,1549,0.029796789849369693
Основная: Multistart SGD + Momentum + L2,1550,0.029834483474536766
Основная: Multistart SGD + Momentum + L2,1551,0.029857702701808913
Основная: Multistart SGD + Momentum + L2,1552,0.02989656837541565
Основная: Multistart SGD + Momentum + L2,1553,0.029977194283962044
Основная: Multistart SGD + Momentum + L2,1554,0.030054902531450236
Основная: Multistart SGD + Momentum + L2,1555,0.03012125987192776
Основная: Multistart SGD + Momentum + L2,1556,0.030143140822302045
Основная: Multistart SGD + Momentum + L2,1557,0.030191222472872835
Основная: Multistart SGD + Momentum + L2,1558,0.030229279219117524
Основная: Multistart SGD + Momentum + L2,1559,0.03020916814151894
Основная: Multistart SGD + Momentum + L2,1560,0.030202397895560715
Основная: Multistart SGD + Momentum + L2,1561,0.03019670898605411
Основная: Multistart SGD + Momentum + L2,1562,0.030197737787082624
Основная: Multistart SGD + Momentum + L2,1563,0.030189690139956676
Основная: Multistart SGD + Momentum + L2,1564,0.030146212412916554
Основная: Multistart SGD + Momentum + L2,1565,0.030121191924038223
Основная: Multistart SGD + Momentum + L2,1566,0.03010044263062486
Основная: Multistart SGD + Momentum + L2,1567,0.030067918240456175
Основная: Multistart SGD + Momentum + L2,1568,0.030038107634115335
Основная: Multistart SGD + Momentum + L2,1569,0.03000822237316932
Основная: Multistart SGD + Momentum + L2,1570,0.029940165518224305
Основная: Multistart SGD + Momentum + L2,1571,0.02987692926969654
Основная: Multistart SGD + Momentum + L2,1572,0.029784885675859612
Основная: Multistart SGD + Momentum + L2,1573,0.029719913192299316
Основная: Multistart SGD + Momentum + L2,1574,0.02967033330367021
Основная: Multistart SGD + Momentum + L2,1575,0.0296287818545174
Основная: Multistart SGD + Momentum + L2,1576,0.029593809189286776
Основная: Multistart SGD + Momentum + L2,1577,0.029566908197419313
Основная: Multistart SGD + Momentum + L2,1578,0.02954924724227563
Основная: Multistart SGD + Momentum + L2,1579,0.02953097110643451
Основная: Multistart SGD + Momentum + L2,1580,0.029517113790518114
Основная: Multistart SGD + Momentum + L2,1581,0.02950779893244039
Основная: Multistart SGD + Momentum + L2,1582,0.0295036723143153
Основная: Multistart SGD + Momentum + L2,1583,0.02950491484165118
Основная: Multistart SGD + Momentum + L2,1584,0.02950359110582979
Основная: Multistart SGD + Momentum + L2,1585,0.029502950868078488
Основная: Multistart SGD + Momentum + L2,1586,0.029511092270002363
Основная: Multistart SGD + Momentum + L2,1587,0.029529802639961356
Основная: Multistart SGD + Momentum + L2,1588,0.029540763292395883
Основная: Multistart SGD + Momentum + L2,1589,0.029552754170158024
Основная: Multistart SGD + Momentum + L2,1590,0.029566756830213276
Основная: Multistart SGD + Momentum + L2,1591,0.029570538694266877
Основная: Multistart SGD + Momentum + L2,1592,0.029580052539773374
Основная: Multistart SGD + Momentum + L2,1593,0.029594763667127762
Основная: Multistart SGD + Momentum + L2,1594,0.029590154924818226
Основная: Multistart SGD + Momentum + L2,1595,0.029588713714997758
Основная: Multistart SGD + Momentum + L2,1596,0.02959600866212662
Основная: Multistart SGD + Momentum + L2,1597,0.02960191231918742
Основная: Multistart SGD + Momentum + L2,1598,0.029614827364579092
Основная: Multistart SGD + Momentum + L2,1599,0.02964143301168519
Основная: Multistart SGD + Momentum + L2,1600,0.0296496170641339
Основная: Multistart SGD + Momentum + L2,1601,0.029638824170905343
Основная: Multistart SGD + Momentum + L2,1602,0.029643354470435472
Основная: Multistart SGD + Momentum + L2,1603,0.029637905864006147
Основная: Multistart SGD + Momentum + L2,1604,0.02964852187630113
Основная: Multistart SGD + Momentum + L2,1605,0.029667856457421603
Основная: Multistart SGD + Momentum + L2,1606,0.029674020621075665
Основная: Multistart SGD + Momentum + L2,1607,0.02968413996543587
Основная: Multistart SGD + Momentum + L2,1608,0.02967630807729393
Основная: Multistart SGD + Momentum + L2,1609,0.029689705615569117
Основная: Multistart SGD + Momentum + L2,1610,0.02970451920038353
Основная: Multistart SGD + Momentum + L2,1611,0.02972551418589672
Основная: Multistart SGD + Momentum + L2,1612,0.0297482745080246
Основная: Multistart SGD + Momentum + L2,1613,0.02976675560459439
Основная: Multistart SGD + Momentum + L2,1614,0.029782385624608512
Основная: Multistart SGD + Momentum + L2,1615,0.029805421133866323
Основная: Multistart SGD + Momentum + L2,1616,0.02982246142302945
Основная: Multistart SGD + Momentum + L2,1617,0.029834504916279526
Основная: Multistart SGD + Momentum + L2,1618,0.02985592118803081
Основная: Multistart SGD + Momentum + L2,1619,0.029877124482118607
Основная: Multistart SGD + Momentum + L2,1620,0.029888714211639758
Основная: Multistart SGD + Momentum + L2,1621,0.029890399468624075
Основная: Multistart SGD + Momentum + L2,1622,0.029895644899272336
Основная: Multistart SGD + Momentum + L2,1623,0.029896679850446584
Основная: Multistart SGD + Momentum + L2,1624,0.029898609172564816
Основная: Multistart SGD + Momentum + L2,1625,0.029893916788925765
Основная: Multistart SGD + Momentum + L2,1626,0.029890901772573884
Основная: Multistart SGD + Momentum + L2,1627,0.02988884968402008
Основная: Multistart SGD + Momentum + L2,1628,0.029891629267992197
Основная: Multistart SGD + Momentum + L2,1629,0.029890774932342077
Основная: Multistart SGD + Momentum + L2,1630,0.02986069955124112
Основная: Multistart SGD + Momentum + L2,1631,0.029854087945441785
Основная: Multistart SGD + Momentum + L2,1632,0.029853483587073754
Основная: Multistart SGD + Momentum + L2,1633,0.02986192410321302
Основная: Multistart SGD + Momentum + L2,1634,0.029881066643964043
Основная: Multistart SGD + Momentum + L2,1635,0.029907960669503075
Основная: Multistart SGD + Momentum + L2,1636,0.029909172985141435
Основная: Multistart SGD + Momentum + L2,1637,0.02991914544042986
Основная: Multistart SGD + Momentum + L2,1638,0.02989862117578912
Основная: Multistart SGD + Momentum + L2,1639,0.02990162687084691
Основная: Multistart SGD + Momentum + L2,1640,0.02990599752198093
Основная: Multistart SGD + Momentum + L2,1641,0.029874967134883672
Основная: Multistart SGD + Momentum + L2,1642,0.029817356518152177
Основная: Multistart SGD + Momentum + L2,1643,0.029735019373983686
Основная: Multistart SGD + Momentum + L2,1644,0.029662936105628774
Основная: Multistart SGD + Momentum + L2,1645,0.02962336646133794
Основная: Multistart SGD + Momentum + L2,1646,0.029594806096709027
Основная: Multistart SGD + Momentum + L2,1647,0.029558610659045883
Основная: Multistart SGD + Momentum + L2,1648,0.0295254278241264
Основная: Multistart SGD + Momentum + L2,1649,0.029498450774425616
Основная: Multistart SGD + Momentum + L2,1650,0.0295216561190277
Основная: Multistart SGD + Momentum + L2,1651,0.029527070010933548
Основная: Multistart SGD + Momentum + L2,1652,0.029546341335607615
Основная: Multistart SGD + Momentum + L2,1653,0.02957309632086308
Основная: Multistart SGD + Momentum + L2,1654,0.029569355283160285
Основная: Multistart SGD + Momentum + L2,1655,0.029545762545136044
Основная: Multistart SGD + Momentum + L2,1656,0.029521693574236608
Основная: Multistart SGD + Momentum + L2,1657,0.029496752287713947
Основная: Multistart SGD + Momentum + L2,1658,0.029484789940268628
Основная: Multistart SGD + Momentum + L2,1659,0.029463096440383276
Основная: Multistart SGD + Momentum + L2,1660,0.029449523742396868
Основная: Multistart SGD + Momentum + L2,1661,0.029446922484375665
Основная: Multistart SGD + Momentum + L2,1662,0.029446213229245403
Основная: Multistart SGD + Momentum + L2,1663,0.029449071567150813
Основная: Multistart SGD + Momentum + L2,1664,0.029449426797244844
Основная: Multistart SGD + Momentum + L2,1665,0.02945242050360564
Основная: Multistart SGD + Momentum + L2,1666,0.029458636384298086
Основная: Multistart SGD + Momentum + L2,1667,0.029470462556466105
Основная: Multistart SGD + Momentum + L2,1668,0.029480096376931664
Основная: Multistart SGD + Momentum + L2,1669,0.0294842520428576
Основная: Multistart SGD + Momentum + L2,1670,0.029485803501070502
Основная: Multistart SGD + Momentum + L2,1671,0.029487274863799373
Основная: Multistart SGD + Momentum + L2,1672,0.029489969737338386
Основная: Multistart SGD + Momentum + L2,1673,0.029488515766937437
Основная: Multistart SGD + Momentum + L2,1674,0.02948517311582828
Основная: Multistart SGD + Momentum + L2,1675,0.029491413690346906
Основная: Multistart SGD + Momentum + L2,1676,0.029502151612230777
Основная: Multistart SGD + Momentum + L2,1677,0.029516644195376876
Основная: Multistart SGD + Momentum + L2,1678,0.029554871320420013
Основная: Multistart SGD + Momentum + L2,1679,0.02959741312414497
Основная: Multistart SGD + Momentum + L2,1680,0.029644269565148377
Основная: Multistart SGD + Momentum + L2,1681,0.02969671542640978
Основная: Multistart SGD + Momentum + L2,1682,0.029752425424391965
Основная: Multistart SGD + Momentum + L2,1683,0.029815450674886657
Основная: Multistart SGD + Momentum + L2,1684,0.02987188454635982
Основная: Multistart SGD + Momentum + L2,1685,0.029928049443433323
Основная: Multistart SGD + Momentum + L2,1686,0.029989259799887494
Основная: Multistart SGD + Momentum + L2,1687,0.030047866314037962
Основная: Multistart SGD + Momentum + L2,1688,0.030086239877943195
Основная: Multistart SGD + Momentum + L2,1689,0.030133229443433465
Основная: Multistart SGD + Momentum + L2,1690,0.030187703021573475
Основная: Multistart SGD + Momentum + L2,1691,0.030245612391030175
Основная: Multistart SGD + Momentum + L2,1692,0.030338057080160432
Основная: Multistart SGD + Momentum + L2,1693,0.03039590493754944
Основная: Multistart SGD + Momentum + L2,1694,0.03043992936729291
Основная: Multistart SGD + Momentum + L2,1695,0.030350242887065927
Основная: Multistart SGD + Momentum + L2,1696,0.03027167599635459
Основная: Multistart SGD + Momentum + L2,1697,0.030204845543008035
Основная: Multistart SGD + Momentum + L2,1698,0.030189161844776546
Основная: Multistart SGD + Momentum + L2,1699,0.03017724196866284
Основная: Multistart SGD + Momentum + L2,1700,0.030173777662536712
Основная: Multistart SGD + Momentum + L2,1701,0.030162710042880646
Основная: Multistart SGD + Momentum + L2,1702,0.03016871403865268
Основная: Multistart SGD + Momentum + L2,1703,0.030110769340956262
Основная: Multistart SGD + Momentum + L2,1704,0.03008662763513673
Основная: Multistart SGD + Momentum + L2,1705,0.030043837853564834
Основная: Multistart SGD + Momentum + L2,1706,0.030036620179452054
Основная: Multistart SGD + Momentum + L2,1707,0.029986916477830968
Основная: Multistart SGD + Momentum + L2,1708,0.029939909387901878
Основная: Multistart SGD + Momentum + L2,1709,0.029916394770504697
Основная: Multistart SGD + Momentum + L2,1710,0.029920547048639407
Основная: Multistart SGD + Momentum + L2,1711,0.029964951838591495
Основная: Multistart SGD + Momentum + L2,1712,0.030026712920944432
Основная: Multistart SGD + Momentum + L2,1713,0.03009525055445122
Основная: Multistart SGD + Momentum + L2,1714,0.03016952691465093
Основная: Multistart SGD + Momentum + L2,1715,0.030219490692042734
Основная: Multistart SGD + Momentum + L2,1716,0.03026456415082162
Основная: Multistart SGD + Momentum + L2,1717,0.030299360642251073
Основная: Multistart SGD + Momentum + L2,1718,0.030343256967362554
Основная: Multistart SGD + Momentum + L2,1719,0.030366684553485287
Основная: Multistart SGD + Momentum + L2,1720,0.03039356147714525
Основная: Multistart SGD + Momentum + L2,1721,0.030435481789800198
Основная: Multistart SGD + Momentum + L2,1722,0.030492494001860954
Основная: Multistart SGD + Momentum + L2,1723,0.030563041743211894
Основная: Multistart SGD + Momentum + L2,1724,0.03065007452787922
Основная: Multistart SGD + Momentum + L2,1725,0.030747247253016214
Основная: Multistart SGD + Momentum + L2,1726,0.030852897314895628
Основная: Multistart SGD + Momentum + L2,1727,0.030985925986475947
Основная: Multistart SGD + Momentum + L2,1728,0.0311837002662843
Основная: Multistart SGD + Momentum + L2,1729,0.03136920575082257
Основная: Multistart SGD + Momentum + L2,1730,0.03163400140280888
Основная: Multistart SGD + Momentum + L2,1731,0.031913896404477234
Основная: Multistart SGD + Momentum + L2,1732,0.03220063667118659
Основная: Multistart SGD + Momentum + L2,1733,0.03248236839304904
Основная: Multistart SGD + Momentum + L2,1734,0.03265622732173659
Основная: Multistart SGD + Momentum + L2,1735,0.032796204045588646
Основная: Multistart SGD + Momentum + L2,1736,0.032986793301604325
Основная: Multistart SGD + Momentum + L2,1737,0.033208601978126896
Основная: Multistart SGD + Momentum + L2,1738,0.03302785630275592
Основная: Multistart SGD + Momentum + L2,1739,0.03286616598317849
Основная: Multistart SGD + Momentum + L2,1740,0.03276149792351353
Основная: Multistart SGD + Momentum + L2,1741,0.03241551147862445
Основная: Multistart SGD + Momentum + L2,1742,0.03191901829102549
Основная: Multistart SGD + Momentum + L2,1743,0.031469059975186627
Основная: Multistart SGD + Momentum + L2,1744,0.03108037756562228
Основная: Multistart SGD + Momentum + L2,1745,0.030697723737950763
Основная: Multistart SGD + Momentum + L2,1746,0.030398836274300314
Основная: Multistart SGD + Momentum + L2,1747,0.030109495442349768
Основная: Multistart SGD + Momentum + L2,1748,0.02986705002014806
Основная: Multistart SGD + Momentum + L2,1749,0.02968681136327855
Основная: Multistart SGD + Momentum + L2,1750,0.02954006851885763
Основная: Multistart SGD + Momentum + L2,1751,0.02944038360113079
Основная: Multistart SGD + Momentum + L2,1752,0.02940579481739841
Основная: Multistart SGD + Momentum + L2,1753,0.02939794733026063
Основная: Multistart SGD + Momentum + L2,1754,0.02941079671573874
Основная: Multistart SGD + Momentum + L2,1755,0.02944060226381269
Основная: Multistart SGD + Momentum + L2,1756,0.02948226153357862
Основная: Multistart SGD + Momentum + L2,1757,0.02953212181223602
Основная: Multistart SGD + Momentum + L2,1758,0.029585939254669055
Основная: Multistart SGD + Momentum + L2,1759,0.02963896444547627
Основная: Multistart SGD + Momentum + L2,1760,0.029691127821032285
Основная: Multistart SGD + Momentum + L2,1761,0.029737869010436863
Основная: Multistart SGD + Momentum + L2,1762,0.02979460465882225
Основная: Multistart SGD + Momentum + L2,1763,0.02983443657969588
Основная: Multistart SGD + Momentum + L2,1764,0.029862044446671513
Основная: Multistart SGD + Momentum + L2,1765,0.029870988357071155
Основная: Multistart SGD + Momentum + L2,1766,0.029862513771377053
Основная: Multistart SGD + Momentum + L2,1767,0.029857536132425477
Основная: Multistart SGD + Momentum + L2,1768,0.02984264858010247
Основная: Multistart SGD + Momentum + L2,1769,0.0298105300934192
Основная: Multistart SGD + Momentum + L2,1770,0.029764086621028474
Основная: Multistart SGD + Momentum + L2,1771,0.02976451938351318
Основная: Multistart SGD + Momentum + L2,1772,0.029771282061716624
Основная: Multistart SGD + Momentum + L2,1773,0.029760549948573457
Основная: Multistart SGD + Momentum + L2,1774,0.029736100775645938
Основная: Multistart SGD + Momentum + L2,1775,0.029705247012459895
Основная: Multistart SGD + Momentum + L2,1776,0.02966891882803582
Основная: Multistart SGD + Momentum + L2,1777,0.02965541566735196
Основная: Multistart SGD + Momentum + L2,1778,0.029633173921169622
Основная: Multistart SGD + Momentum + L2,1779,0.029604358385707175
Основная: Multistart SGD + Momentum + L2,1780,0.029625876946002067
Основная: Multistart SGD + Momentum + L2,1781,0.029637485316018758
Основная: Multistart SGD + Momentum + L2,1782,0.029635204090095565
Основная: Multistart SGD + Momentum + L2,1783,0.029622695838355924
Основная: Multistart SGD + Momentum + L2,1784,0.02961007223199967
Основная: Multistart SGD + Momentum + L2,1785,0.029593717244847988
Основная: Multistart SGD + Momentum + L2,1786,0.029570075530441
Основная: Multistart SGD + Momentum + L2,1787,0.02954112403428356
Основная: Multistart SGD + Momentum + L2,1788,0.029527073918618654
Основная: Multistart SGD + Momentum + L2,1789,0.029510634012903977
Основная: Multistart SGD + Momentum + L2,1790,0.029499532942528942
Основная: Multistart SGD + Momentum + L2,1791,0.02949266886969434
Основная: Multistart SGD + Momentum + L2,1792,0.029482110058924683
Основная: Multistart SGD + Momentum + L2,1793,0.0294767334440017
Основная: Multistart SGD + Momentum + L2,1794,0.029475369089723924
Основная: Multistart SGD + Momentum + L2,1795,0.029479720258605725
Основная: Multistart SGD + Momentum + L2,1796,0.029487175660385303
Основная: Multistart SGD + Momentum + L2,1797,0.029499876622557167
Основная: Multistart SGD + Momentum + L2,1798,0.029518148094588456
Основная: Multistart SGD + Momentum + L2,1799,0.0295438692221495
Основная: Multistart SGD + Momentum + L2,1800,0.029581532708052947
Основная: Multistart SGD + Momentum + L2,1801,0.029646121416738783
Основная: Multistart SGD + Momentum + L2,1802,0.02969746414372137
Основная: Multistart SGD + Momentum + L2,1803,0.02974485322006724
Основная: Multistart SGD + Momentum + L2,1804,0.029765464575202703
Основная: Multistart SGD + Momentum + L2,1805,0.029777741283201514
Основная: Multistart SGD + Momentum + L2,1806,0.02977918727236552
Основная: Multistart SGD + Momentum + L2,1807,0.0297834964030234
Основная: Multistart SGD + Momentum + L2,1808,0.029782975872702552
Основная: Multistart SGD + Momentum + L2,1809,0.02975741823451142
Основная: Multistart SGD + Momentum + L2,1810,0.029736303324126148
Основная: Multistart SGD + Momentum + L2,1811,0.0297248779948265
Основная: Multistart SGD + Momentum + L2,1812,0.029719287480847144
Основная: Multistart SGD + Momentum + L2,1813,0.029715745022558485
Основная: Multistart SGD + Momentum + L2,1814,0.029705784953796516
Основная: Multistart SGD + Momentum + L2,1815,0.029701280804904723
Основная: Multistart SGD + Momentum + L2,1816,0.029667759480656804
Основная: Multistart SGD + Momentum + L2,1817,0.02962364297013807
Основная: Multistart SGD + Momentum + L2,1818,0.029595401123872003
Основная: Multistart SGD + Momentum + L2,1819,0.029562002778260373
Основная: Multistart SGD + Momentum + L2,1820,0.029541239465940446
Основная: Multistart SGD + Momentum + L2,1821,0.029527626582270438
Основная: Multistart SGD + Momentum + L2,1822,0.029520490760560365
Основная: Multistart SGD + Momentum + L2,1823,0.029485301787400147
Основная: Multistart SGD + Momentum + L2,1824,0.02946048923588251
Основная: Multistart SGD + Momentum + L2,1825,0.029443120460463136
Основная: Multistart SGD + Momentum + L2,1826,0.02943794682559051
Основная: Multistart SGD + Momentum + L2,1827,0.029412811016141734
Основная: Multistart SGD + Momentum + L2,1828,0.02940209841905092
Основная: Multistart SGD + Momentum + L2,1829,0.029400987625838596
Основная: Multistart SGD + Momentum + L2,1830,0.029405370036258188
Основная: Multistart SGD + Momentum + L2,1831,0.02941323106613459
Основная: Multistart SGD + Momentum + L2,1832,0.029421507581886663
Основная: Multistart SGD + Momentum + L2,1833,0.029433678228644598
Основная: Multistart SGD + Momentum + L2,1834,0.029459706932087104
Основная: Multistart SGD + Momentum + L2,1835,0.02948858627630427
Основная: Multistart SGD + Momentum + L2,1836,0.0295314933718495
Основная: Multistart SGD + Momentum + L2,1837,0.02957403508651735
Основная: Multistart SGD + Momentum + L2,1838,0.02960837741272072
Основная: Multistart SGD + Momentum + L2,1839,0.02965256847999931
Основная: Multistart SGD + Momentum + L2,1840,0.02969017881609059
Основная: Multistart SGD + Momentum + L2,1841,0.029714848070413562
Основная: Multistart SGD + Momentum + L2,1842,0.029759113774745435
Основная: Multistart SGD + Momentum + L2,1843,0.029790023849544454
Основная: Multistart SGD + Momentum + L2,1844,0.02981867520108488
Основная: Multistart SGD + Momentum + L2,1845,0.029838701996620778
Основная: Multistart SGD + Momentum + L2,1846,0.02987205565248921
Основная: Multistart SGD + Momentum + L2,1847,0.029899479467215488
Основная: Multistart SGD + Momentum + L2,1848,0.02989653054559942
Основная: Multistart SGD + Momentum + L2,1849,0.029885208844626688
Основная: Multistart SGD + Momentum + L2,1850,0.02989110615790692
Основная: Multistart SGD + Momentum + L2,1851,0.029880139421144335
Основная: Multistart SGD + Momentum + L2,1852,0.029862236904597116
Основная: Multistart SGD + Momentum + L2,1853,0.029834226033440377
Основная: Multistart SGD + Momentum + L2,1854,0.02980281416939239
Основная: Multistart SGD + Momentum + L2,1855,0.02976876053269397
Основная: Multistart SGD + Momentum + L2,1856,0.029703905533638063
Основная: Multistart SGD + Momentum + L2,1857,0.02964938798300488
Основная: Multistart SGD + Momentum + L2,1858,0.02959579506948166
Основная: Multistart SGD + Momentum + L2,1859,0.029550171233658457
Основная: Multistart SGD + Momentum + L2,1860,0.029511785738052555
Основная: Multistart SGD + Momentum + L2,1861,0.02947106984491005
Основная: Multistart SGD + Momentum + L2,1862,0.029443465262010676
Основная: Multistart SGD + Momentum + L2,1863,0.029422094202197192
Основная: Multistart SGD + Momentum + L2,1864,0.029409465800956623
Основная: Multistart SGD + Momentum + L2,1865,0.029402618650368532
Основная: Multistart SGD + Momentum + L2,1866,0.029405129060429275
Основная: Multistart SGD + Momentum + L2,1867,0.029413783906100967
Основная: Multistart SGD + Momentum + L2,1868,0.029430560994939937
Основная: Multistart SGD + Momentum + L2,1869,0.029449649456623324
Основная: Multistart SGD + Momentum + L2,1870,0.02947154026768745
Основная: Multistart SGD + Momentum + L2,1871,0.029500046174176668
Основная: Multistart SGD + Momentum + L2,1872,0.0295401466204764
Основная: Multistart SGD + Momentum + L2,1873,0.029563715303310895
Основная: Multistart SGD + Momentum + L2,1874,0.029567271502484137
Основная: Multistart SGD + Momentum + L2,1875,0.02954415070461431
Основная: Multistart SGD + Momentum + L2,1876,0.02954128185216748
Основная: Multistart SGD + Momentum + L2,1877,0.029543791898997772
Основная: Multistart SGD + Momentum + L2,1878,0.02953455505592332
Основная: Multistart SGD + Momentum + L2,1879,0.02952704660853875
Основная: Multistart SGD + Momentum + L2,1880,0.029517204498258384
Основная: Multistart SGD + Momentum + L2,1881,0.029511717068259922
Основная: Multistart SGD + Momentum + L2,1882,0.029493372240677548
Основная: Multistart SGD + Momentum + L2,1883,0.029471475612597817
Основная: Multistart SGD + Momentum + L2,1884,0.029456213715914288
Основная: Multistart SGD + Momentum + L2,1885,0.02944429362545656
Основная: Multistart SGD + Momentum + L2,1886,0.029436861863094323
Основная: Multistart SGD + Momentum + L2,1887,0.029424575303415936
Основная: Multistart SGD + Momentum + L2,1888,0.0294185212403711
Основная: Multistart SGD + Momentum + L2,1889,0.029409958203184608
Основная: Multistart SGD + Momentum + L2,1890,0.029401594142136105
Основная: Multistart SGD + Momentum + L2,1891,0.029398140973502598
Основная: Multistart SGD + Momentum + L2,1892,0.02939838002293771
Основная: Multistart SGD + Momentum + L2,1893,0.029399730368396524
Основная: Multistart SGD + Momentum + L2,1894,0.029400922750779157
Основная: Multistart SGD + Momentum + L2,1895,0.029402985707733035
Основная: Multistart SGD + Momentum + L2,1896,0.029405848347309107
Основная: Multistart SGD + Momentum + L2,1897,0.029410676678709963
Основная: Multistart SGD + Momentum + L2,1898,0.029411244556449508
Основная: Multistart SGD + Momentum + L2,1899,0.029408921672838057
Основная: Multistart SGD + Momentum + L2,1900,0.029407084356446803
Основная: Multistart SGD + Momentum + L2,1901,0.02940660970134285
Основная: Multistart SGD + Momentum + L2,1902,0.029408099799114254
Основная: Multistart SGD + Momentum + L2,1903,0.02941109257916539
Основная: Multistart SGD + Momentum + L2,1904,0.02941642354134246
Основная: Multistart SGD + Momentum + L2,1905,0.02942689212274424
Основная: Multistart SGD + Momentum + L2,1906,0.02944376135745097
Основная: Multistart SGD + Momentum + L2,1907,0.02946594605044032
Основная: Multistart SGD + Momentum + L2,1908,0.02948299780035641
Основная: Multistart SGD + Momentum + L2,1909,0.029500725623768605
Основная: Multistart SGD + Momentum + L2,1910,0.029504927707119582
Основная: Multistart SGD + Momentum + L2,1911,0.02950037925236102
Основная: Multistart SGD + Momentum + L2,1912,0.02948067142744671
Основная: Multistart SGD + Momentum + L2,1913,0.029468479508058212
Основная: Multistart SGD + Momentum + L2,1914,0.02947502075954062
Основная: Multistart SGD + Momentum + L2,1915,0.029471016091798766
Основная: Multistart SGD + Momentum + L2,1916,0.029471894368919737
Основная: Multistart SGD + Momentum + L2,1917,0.029466365557987394
Основная: Multistart SGD + Momentum + L2,1918,0.029464998208584673
Основная: Multistart SGD + Momentum + L2,1919,0.029457355469236127
Основная: Multistart SGD + Momentum + L2,1920,0.029449895127651598
Основная: Multistart SGD + Momentum + L2,1921,0.02944699873166937
Основная: Multistart SGD + Momentum + L2,1922,0.02944019755711091
Основная: Multistart SGD + Momentum + L2,1923,0.029435068477511782
Основная: Multistart SGD + Momentum + L2,1924,0.029433180842802387
Основная: Multistart SGD + Momentum + L2,1925,0.02943947298396525
Основная: Multistart SGD + Momentum + L2,1926,0.029430209812966374
Основная: Multistart SGD + Momentum + L2,1927,0.029425826008094926
Основная: Multistart SGD + Momentum + L2,1928,0.02942231417568255
Основная: Multistart SGD + Momentum + L2,1929,0.029425233110901977
Основная: Multistart SGD + Momentum + L2,1930,0.029431936828401936
Основная: Multistart SGD + Momentum + L2,1931,0.029439140021087395
Основная: Multistart SGD + Momentum + L2,1932,0.029448138956244176
Основная: Multistart SGD + Momentum + L2,1933,0.029451640183179265
Основная: Multistart SGD + Momentum + L2,1934,0.0294506767499047
Основная: Multistart SGD + Momentum + L2,1935,0.029448247658905663
Основная: Multistart SGD + Momentum + L2,1936,0.02944635625624012
Основная: Multistart SGD + Momentum + L2,1937,0.029445364392099233
Основная: Multistart SGD + Momentum + L2,1938,0.029445619057049042
Основная: Multistart SGD + Momentum + L2,1939,0.029444962909829585
Основная: Multistart SGD + Momentum + L2,1940,0.02944541223584287
Основная: Multistart SGD + Momentum + L2,1941,0.02944575686128984
Основная: Multistart SGD + Momentum + L2,1942,0.02944744057129074
Основная: Multistart SGD + Momentum + L2,1943,0.0294593074023342
Основная: Multistart SGD + Momentum + L2,1944,0.029474885495959915
Основная: Multistart SGD + Momentum + L2,1945,0.02948040655409121
Основная: Multistart SGD + Momentum + L2,1946,0.029485086648987965
Основная: Multistart SGD + Momentum + L2,1947,0.029491745630342847
Основная: Multistart SGD + Momentum + L2,1948,0.029511282736329598
Основная: Multistart SGD + Momentum + L2,1949,0.029524079560467903
Основная: Multistart SGD + Momentum + L2,1950,0.02954105106518621
Основная: Multistart SGD + Momentum + L2,1951,0.02956398703261523
Основная: Multistart SGD + Momentum + L2,1952,0.029564097690751804
Основная: Multistart SGD + Momentum + L2,1953,0.02957146229169665
Основная: Multistart SGD + Momentum + L2,1954,0.029574185078609438
Основная: Multistart SGD + Momentum + L2,1955,0.02953601208500619
Основная: Multistart SGD + Momentum + L2,1956,0.02951316928063011
Основная: Multistart SGD + Momentum + L2,1957,0.029493196398797304
Основная: Multistart SGD + Momentum + L2,1958,0.029455546934641495
Основная: Multistart SGD + Momentum + L2,1959,0.02942078959433748
Основная: Multistart SGD + Momentum + L2,1960,0.02940227545166865
Основная: Multistart SGD + Momentum + L2,1961,0.029394177637467277
Основная: Multistart SGD + Momentum + L2,1962,0.02938960575788043
Основная: Multistart SGD + Momentum + L2,1963,0.029386957652591136
Основная: Multistart SGD + Momentum + L2,1964,0.029386559644718018
Основная: Multistart SGD + Momentum + L2,1965,0.0293890773824971
Основная: Multistart SGD + Momentum + L2,1966,0.029394224793908963
Основная: Multistart SGD + Momentum + L2,1967,0.02939764479725787
Основная: Multistart SGD + Momentum + L2,1968,0.029409131292181975
Основная: Multistart SGD + Momentum + L2,1969,0.029414071552717105
Основная: Multistart SGD + Momentum + L2,1970,0.02942910396113819
Основная: Multistart SGD + Momentum + L2,1971,0.029436040562645115
Основная: Multistart SGD + Momentum + L2,1972,0.02945762055930297
Основная: Multistart SGD + Momentum + L2,1973,0.029486452697878168
Основная: Multistart SGD + Momentum + L2,1974,0.029503630676676378
Основная: Multistart SGD + Momentum + L2,1975,0.029522737152022093
Основная: Multistart SGD + Momentum + L2,1976,0.02950456133246247
Основная: Multistart SGD + Momentum + L2,1977,0.029488428211928427
Основная: Multistart SGD + Momentum + L2,1978,0.02947329659630233
Основная: Multistart SGD + Momentum + L2,1979,0.029477565023445187
Основная: Multistart SGD + Momentum + L2,1980,0.029496062808956412
Основная: Multistart SGD + Momentum + L2,1981,0.029508117153895216
Основная: Multistart SGD + Momentum + L2,1982,0.029510080907047407
Основная: Multistart SGD + Momentum + L2,1983,0.029523682680250164
Основная: Multistart SGD + Momentum + L2,1984,0.0295371689906601
Основная: Multistart SGD + Momentum + L2,1985,0.02957714170586357
Основная: Multistart SGD + Momentum + L2,1986,0.029615215363725883
Основная: Multistart SGD + Momentum + L2,1987,0.029651228549464465
Основная: Multistart SGD + Momentum + L2,1988,0.029686854508763582
Основная: Multistart SGD + Momentum + L2,1989,0.029721111821564568
Основная: Multistart SGD + Momentum + L2,1990,0.029767149751323337
Основная: Multistart SGD + Momentum + L2,1991,0.029811844962452642
Основная: Multistart SGD + Momentum + L2,1992,0.02985863664863296
Основная: Multistart SGD + Momentum + L2,1993,0.029905433904247797
Основная: Multistart SGD + Momentum + L2,1994,0.029956890471632355
Основная: Multistart SGD + Momentum + L2,1995,0.03000902676035313
Основная: Multistart SGD + Momentum + L2,1996,0.03006009941804198
Основная: Multistart SGD + Momentum + L2,1997,0.03010203824646856
Основная: Multistart SGD + Momentum + L2,1998,0.03014891158604215
Основная: Multistart SGD + Momentum + L2,1999,0.030202694820388506
Основная: Multistart SGD + Momentum + L2,2000,0.030118719477707598
Основная: Multistart SGD + Momentum + L2,2001,0.030074921812944293
Основная: Multistart SGD + Momentum + L2,2002,0.030039529908688793
Основная: Multistart SGD + Momentum + L2,2003,0.0299878591756817
Основная: Multistart SGD + Momentum + L2,2004,0.02995128521996075
Основная: Multistart SGD + Momentum + L2,2005,0.029898196054560795
Основная: Multistart SGD + Momentum + L2,2006,0.029857411143711383
Основная: Multistart SGD + Momentum + L2,2007,0.02982998166832678
Основная: Multistart SGD + Momentum + L2,2008,0.029767393059302955
Основная: Multistart SGD + Momentum + L2,2009,0.02963953810056523
Основная: Multistart SGD + Momentum + L2,2010,0.02955321433397271
Основная: Multistart SGD + Momentum + L2,2011,0.029497560223258945
Основная: Multistart SGD + Momentum + L2,2012,0.02945596032147122
Основная: Multistart SGD + Momentum + L2,2013,0.029443345948073588
Основная: Multistart SGD + Momentum + L2,2014,0.02944002741933287
Основная: Multistart SGD + Momentum + L2,2015,0.029439909277738138
Основная: Multistart SGD + Momentum + L2,2016,0.029439636483900876
Основная: Multistart SGD + Momentum + L2,2017,0.029438202064484168
Основная: Multistart SGD + Momentum + L2,2018,0.02943726944644416
Основная: Multistart SGD + Momentum + L2,2019,0.02943847963703277
Основная: Multistart SGD + Momentum + L2,2020,0.029437945184375845
Основная: Multistart SGD + Momentum + L2,2021,0.029439408466904543
Основная: Multistart SGD + Momentum + L2,2022,0.029439407803325227
Основная: Multistart SGD + Momentum + L2,2023,0.02944194009975416
Основная: Multistart SGD + Momentum + L2,2024,0.02944016777155439
Основная: Multistart SGD + Momentum + L2,2025,0.029437103152384545
Основная: Multistart SGD + Momentum + L2,2026,0.02943152267584105
Основная: Multistart SGD + Momentum + L2,2027,0.029426647805797932
Основная: Multistart SGD + Momentum + L2,2028,0.029422895602712287
Основная: Multistart SGD + Momentum + L2,2029,0.029419522851405627
Основная: Multistart SGD + Momentum + L2,2030,0.029419554748311188
Основная: Multistart SGD + Momentum + L2,2031,0.029418392560227533
Основная: Multistart SGD + Momentum + L2,2032,0.029417138798436878
Основная: Multistart SGD + Momentum + L2,2033,0.029417427701118767
Основная: Multistart SGD + Momentum + L2,2034,0.029421477963505187
Основная: Multistart SGD + Momentum + L2,2035,0.029431279708889625
Основная: Multistart SGD + Momentum + L2,2036,0.029436827290921213
Основная: Multistart SGD + Momentum + L2,2037,0.029447232606933372
Основная: Multistart SGD + Momentum + L2,2038,0.029468384130043677
Основная: Multistart SGD + Momentum + L2,2039,0.029487113589525434
Основная: Multistart SGD + Momentum + L2,2040,0.029494286905218953
Основная: Multistart SGD + Momentum + L2,2041,0.029514545909279967
Основная: Multistart SGD + Momentum + L2,2042,0.029533861261401253
Основная: Multistart SGD + Momentum + L2,2043,0.02954852649429934
Основная: Multistart SGD + Momentum + L2,2044,0.0295652472698767
Основная: Multistart SGD + Momentum + L2,2045,0.029604636459082036
Основная: Multistart SGD + Momentum + L2,2046,0.029637059796383723
Основная: Multistart SGD + Momentum + L2,2047,0.029657153950823287
Основная: Multistart SGD + Momentum + L2,2048,0.029662248211635232
Основная: Multistart SGD + Momentum + L2,2049,0.029695410764122486
Основная: Multistart SGD + Momentum + L2,2050,0.02976274731005527
Основная: Multistart SGD + Momentum + L2,2051,0.02983548788499454
Основная: Multistart SGD + Momentum + L2,2052,0.02989298158174297
Основная: Multistart SGD + Momentum + L2,2053,0.029944800085242588
Основная: Multistart SGD + Momentum + L2,2054,0.02995248857592761
Основная: Multistart SGD + Momentum + L2,2055,0.02997107780511433
Основная: Multistart SGD + Momentum + L2,2056,0.02995678463925085
Основная: Multistart SGD + Momentum + L2,2057,0.02997591317152513
Основная: Multistart SGD + Momentum + L2,2058,0.029978643015801897
Основная: Multistart SGD + Momentum + L2,2059,0.029993350630203284
Основная: Multistart SGD + Momentum + L2,2060,0.030010070629872616
Основная: Multistart SGD + Momentum + L2,2061,0.030014039376264935
Основная: Multistart SGD + Momentum + L2,2062,0.03000667560791195
Основная: Multistart SGD + Momentum + L2,2063,0.03000314851989025
Основная: Multistart SGD + Momentum + L2,2064,0.03005066667337963
Основная: Multistart SGD + Momentum + L2,2065,0.030104444471320352
Основная: Multistart SGD + Momentum + L2,2066,0.030137747278085575
Основная: Multistart SGD + Momentum + L2,2067,0.030142491544573057
Основная: Multistart SGD + Momentum + L2,2068,0.030152601844349765
Основная: Multistart SGD + Momentum + L2,2069,0.030145101399800582
Основная: Multistart SGD + Momentum + L2,2070,0.030163383722678155
Основная: Multistart SGD + Momentum + L2,2071,0.030163145097277678
Основная: Multistart SGD + Momentum + L2,2072,0.03012934458374594
Основная: Multistart SGD + Momentum + L2,2073,0.030051483307785825
Основная: Multistart SGD + Momentum + L2,2074,0.02995290689412934
Основная: Multistart SGD + Momentum + L2,2075,0.029858461486118974
Основная: Multistart SGD + Momentum + L2,2076,0.02978155732189548
Основная: Multistart SGD + Momentum + L2,2077,0.029708253585696686
Основная: Multistart SGD + Momentum + L2,2078,0.029639707327272613
Основная: Multistart SGD + Momentum + L2,2079,0.02961535195516703
Основная: Multistart SGD + Momentum + L2,2080,0.02958594578010339
Основная: Multistart SGD + Momentum + L2,2081,0.029570979941218597
Основная: Multistart SGD + Momentum + L2,2082,0.029559818991996323
Основная: Multistart SGD + Momentum + L2,2083,0.02954481407374987
Основная: Multistart SGD + Momentum + L2,2084,0.029523682510003157
Основная: Multistart SGD + Momentum + L2,2085,0.029507429376236
Основная: Multistart SGD + Momentum + L2,2086,0.029494581988779068
Основная: Multistart SGD + Momentum + L2,2087,0.02948216360165057
Основная: Multistart SGD + Momentum + L2,2088,0.029465093305533565
Основная: Multistart SGD + Momentum + L2,2089,0.02947179769591886
Основная: Multistart SGD + Momentum + L2,2090,0.029471954289276035
Основная: Multistart SGD + Momentum + L2,2091,0.02947076016929924
Основная: Multistart SGD + Momentum + L2,2092,0.029480947212127274
Основная: Multistart SGD + Momentum + L2,2093,0.029494513541163486
Основная: Multistart SGD + Momentum + L2,2094,0.029506997632380474
Основная: Multistart SGD + Momentum + L2,2095,0.029544893398481178
Основная: Multistart SGD + Momentum + L2,2096,0.02958284784361253
Основная: Multistart SGD + Momentum + L2,2097,0.029687483134547017
Основная: Multistart SGD + Momentum + L2,2098,0.02978746633946335
Основная: Multistart SGD + Momentum + L2,2099,0.029878851204075706
Основная: Multistart SGD + Momentum + L2,2100,0.029971782989802492
Основная: Multistart SGD + Momentum + L2,2101,0.03005273849200112
Основная: Multistart SGD + Momentum + L2,2102,0.030117779591961373
Основная: Multistart SGD + Momentum + L2,2103,0.030292360891126635
Основная: Multistart SGD + Momentum + L2,2104,0.030464764151259215
Основная: Multistart SGD + Momentum + L2,2105,0.030586060346397242
Основная: Multistart SGD + Momentum + L2,2106,0.030674366216063762
Основная: Multistart SGD + Momentum + L2,2107,0.030745748755815747
Основная: Multistart SGD + Momentum + L2,2108,0.030894470919406992
Основная: Multistart SGD + Momentum + L2,2109,0.030960978324365753
Основная: Multistart SGD + Momentum + L2,2110,0.031024621310530777
Основная: Multistart SGD + Momentum + L2,2111,0.031090596260203603
Основная: Multistart SGD + Momentum + L2,2112,0.031125408943149052
Основная: Multistart SGD + Momentum + L2,2113,0.0311268491850665
Основная: Multistart SGD + Momentum + L2,2114,0.03110537833542687
Основная: Multistart SGD + Momentum + L2,2115,0.03105827705068546
Основная: Multistart SGD + Momentum + L2,2116,0.03106365734221759
Основная: Multistart SGD + Momentum + L2,2117,0.031029792000730826
Основная: Multistart SGD + Momentum + L2,2118,0.03091768629932513
Основная: Multistart SGD + Momentum + L2,2119,0.030785675087028258
Основная: Multistart SGD + Momentum + L2,2120,0.030676725115485814
Основная: Multistart SGD + Momentum + L2,2121,0.03056364781264386
Основная: Multistart SGD + Momentum + L2,2122,0.030452198320882026
Основная: Multistart SGD + Momentum + L2,2123,0.030339746321062865
Основная: Multistart SGD + Momentum + L2,2124,0.03032355652456828
Основная: Multistart SGD + Momentum + L2,2125,0.030317742150315484
Основная: Multistart SGD + Momentum + L2,2126,0.030345242706875948
Основная: Multistart SGD + Momentum + L2,2127,0.03032419758324295
Основная: Multistart SGD + Momentum + L2,2128,0.03030284055173053
Основная: Multistart SGD + Momentum + L2,2129,0.030278607335776857
Основная: Multistart SGD + Momentum + L2,2130,0.030244061687453246
Основная: Multistart SGD + Momentum + L2,2131,0.03020886428412252
Основная: Multistart SGD + Momentum + L2,2132,0.03013634280830148
Основная: Multistart SGD + Momentum + L2,2133,0.030032697009111323
Основная: Multistart SGD + Momentum + L2,2134,0.02995209193815659
Основная: Multistart SGD + Momentum + L2,2135,0.02987669531131809
Основная: Multistart SGD + Momentum + L2,2136,0.02980265987963465
Основная: Multistart SGD + Momentum + L2,2137,0.029734343886420884
Основная: Multistart SGD + Momentum + L2,2138,0.029694211955816355
Основная: Multistart SGD + Momentum + L2,2139,0.029656940006006518
Основная: Multistart SGD + Momentum + L2,2140,0.029622812825442574
Основная: Multistart SGD + Momentum + L2,2141,0.02960814170002866
Основная: Multistart SGD + Momentum + L2,2142,0.029586388568075616
Основная: Multistart SGD + Momentum + L2,2143,0.02957051726761021
Основная: Multistart SGD + Momentum + L2,2144,0.02955881035907838
Основная: Multistart SGD + Momentum + L2,2145,0.029535372287940502
Основная: Multistart SGD + Momentum + L2,2146,0.02951653284506528
Основная: Multistart SGD + Momentum + L2,2147,0.02950507058437086
Основная: Multistart SGD + Momentum + L2,2148,0.029496493676060748
Основная: Multistart SGD + Momentum + L2,2149,0.02948007896988661
Основная: Multistart SGD + Momentum + L2,2150,0.02947033500196689
Основная: Multistart SGD + Momentum + L2,2151,0.02946244714360692
Основная: Multistart SGD + Momentum + L2,2152,0.029458552285037277
Основная: Multistart SGD + Momentum + L2,2153,0.029446940572149947
Основная: Multistart SGD + Momentum + L2,2154,0.029430955459281073
Основная: Multistart SGD + Momentum + L2,2155,0.029417524334654374
Основная: Multistart SGD + Momentum + L2,2156,0.029400483936335188
Основная: Multistart SGD + Momentum + L2,2157,0.02939491847453116
Основная: Multistart SGD + Momentum + L2,2158,0.029404764648266017
Основная: Multistart SGD + Momentum + L2,2159,0.029430039326702056
Основная: Multistart SGD + Momentum + L2,2160,0.02946277516018231
Основная: Multistart SGD + Momentum + L2,2161,0.02950428165816616
Основная: Multistart SGD + Momentum + L2,2162,0.0295449612821347
Основная: Multistart SGD + Momentum + L2,2163,0.029620049327237174
Основная: Multistart SGD + Momentum + L2,2164,0.029664901091426457
Основная: Multistart SGD + Momentum + L2,2165,0.029669741864512177
Основная: Multistart SGD + Momentum + L2,2166,0.02967786486221472
Основная: Multistart SGD + Momentum + L2,2167,0.029696302574562322
Основная: Multistart SGD + Momentum + L2,2168,0.0297352270796112
Основная: Multistart SGD + Momentum + L2,2169,0.02979917571446988
Основная: Multistart SGD + Momentum + L2,2170,0.02990398052171783
Основная: Multistart SGD + Momentum + L2,2171,0.029988936535769797
Основная: Multistart SGD + Momentum + L2,2172,0.030106938309613508
Основная: Multistart SGD + Momentum + L2,2173,0.030211032061680198
Основная: Multistart SGD + Momentum + L2,2174,0.030286520727809383
Основная: Multistart SGD + Momentum + L2,2175,0.030313207522659855
Основная: Multistart SGD + Momentum + L2,2176,0.030319547223344734
Основная: Multistart SGD + Momentum + L2,2177,0.030312937662416543
Основная: Multistart SGD + Momentum + L2,2178,0.03035779642384216
Основная: Multistart SGD + Momentum + L2,2179,0.030382604109510353
Основная: Multistart SGD + Momentum + L2,2180,0.030438306171220057
Основная: Multistart SGD + Momentum + L2,2181,0.030506452322606976
Основная: Multistart SGD + Momentum + L2,2182,0.0305895726955339
Основная: Multistart SGD + Momentum + L2,2183,0.030648600992061938
Основная: Multistart SGD + Momentum + L2,2184,0.03074673278720467
Основная: Multistart SGD + Momentum + L2,2185,0.030845614255939076
Основная: Multistart SGD + Momentum + L2,2186,0.030896519658377527
Основная: Multistart SGD + Momentum + L2,2187,0.0309465290103761
Основная: Multistart SGD + Momentum + L2,2188,0.030947249339662426
Основная: Multistart SGD + Momentum + L2,2189,0.030881372615359826
Основная: Multistart SGD + Momentum + L2,2190,0.030785055478784924
Основная: Multistart SGD + Momentum + L2,2191,0.030659756285941614
Основная: Multistart SGD + Momentum + L2,2192,0.030592917633233924
Основная: Multistart SGD + Momentum + L2,2193,0.03052779020978845
Основная: Multistart SGD + Momentum + L2,2194,0.03046429175721019
Основная: Multistart SGD + Momentum + L2,2195,0.03039137831775558
Основная: Multistart SGD + Momentum + L2,2196,0.030339231485667195
Основная: Multistart SGD + Momentum + L2,2197,0.030269681597291726
Основная: Multistart SGD + Momentum + L2,2198,0.03021737759101041
Основная: Multistart SGD + Momentum + L2,2199,0.03015136759294844
Основная: Multistart SGD + Momentum + L2,2200,0.03008592336443329
Основная: Multistart SGD + Momentum + L2,2201,0.030020245165421844
Основная: Multistart SGD + Momentum + L2,2202,0.029946495357254594
Основная: Multistart SGD + Momentum + L2,2203,0.029888454663010308
Основная: Multistart SGD + Momentum + L2,2204,0.0298340502371349
Основная: Multistart SGD + Momentum + L2,2205,0.029780635029175044
Основная: Multistart SGD + Momentum + L2,2206,0.029729530527266304
Основная: Multistart SGD + Momentum + L2,2207,0.029702099505926522
Основная: Multistart SGD + Momentum + L2,2208,0.029706190111655716
Основная: Multistart SGD + Momentum + L2,2209,0.02971168820778681
Основная: Multistart SGD + Momentum + L2,2210,0.02968679738670178
Основная: Multistart SGD + Momentum + L2,2211,0.029667218739471833
Основная: Multistart SGD + Momentum + L2,2212,0.02964197016742997
Основная: Multistart SGD + Momentum + L2,2213,0.02959653274791564
Основная: Multistart SGD + Momentum + L2,2214,0.02956726619420834
Основная: Multistart SGD + Momentum + L2,2215,0.029546062422513487
Основная: Multistart SGD + Momentum + L2,2216,0.02953557503338629
Основная: Multistart SGD + Momentum + L2,2217,0.029527726051930284
Основная: Multistart SGD + Momentum + L2,2218,0.029519526134453106
Основная: Multistart SGD + Momentum + L2,2219,0.029492728795953407
Основная: Multistart SGD + Momentum + L2,2220,0.029489150545560318
Основная: Multistart SGD + Momentum + L2,2221,0.029483889481270377
Основная: Multistart SGD + Momentum + L2,2222,0.029477362058312646
Основная: Multistart SGD + Momentum + L2,2223,0.02948080369978163
Основная: Multistart SGD + Momentum + L2,2224,0.02947920091338207
Основная: Multistart SGD + Momentum + L2,2225,0.029467674406555865
Основная: Multistart SGD + Momentum + L2,2226,0.029476919385232885
Основная: Multistart SGD + Momentum + L2,2227,0.0294948426828691
Основная: Multistart SGD + Momentum + L2,2228,0.02953385568656499
Основная: Multistart SGD + Momentum + L2,2229,0.0295919613133581
Основная: Multistart SGD + Momentum + L2,2230,0.02964451098990168
Основная: Multistart SGD + Momentum + L2,2231,0.029700052814631027
Основная: Multistart SGD + Momentum + L2,2232,0.0297478849233881
Основная: Multistart SGD + Momentum + L2,2233,0.0297866404648132
Основная: Multistart SGD + Momentum + L2,2234,0.029826443448994926
Основная: Multistart SGD + Momentum + L2,2235,0.029841914209566247
Основная: Multistart SGD + Momentum + L2,2236,0.029861869365382012
Основная: Multistart SGD + Momentum + L2,2237,0.029864961815793737
Основная: Multistart SGD + Momentum + L2,2238,0.029853002950484927
Основная: Multistart SGD + Momentum + L2,2239,0.029831615414200516
Основная: Multistart SGD + Momentum + L2,2240,0.02979554680104566
Основная: Multistart SGD + Momentum + L2,2241,0.02977553665313383
Основная: Multistart SGD + Momentum + L2,2242,0.029747299940672014
Основная: Multistart SGD + Momentum + L2,2243,0.029706158437714875
Основная: Multistart SGD + Momentum + L2,2244,0.029676571747111247
Основная: Multistart SGD + Momentum + L2,2245,0.02968990717167136
Основная: Multistart SGD + Momentum + L2,2246,0.02967281575998076
Основная: Multistart SGD + Momentum + L2,2247,0.029629880956348695
Основная: Multistart SGD + Momentum + L2,2248,0.02958596529171987
Основная: Multistart SGD + Momentum + L2,2249,0.029551771179104527
Основная: Multistart SGD + Momentum + L2,2250,0.029519391575779447
Основная: Multistart SGD + Momentum + L2,2251,0.029515379820341806
Основная: Multistart SGD + Momentum + L2,2252,0.029529181776566587
Основная: Multistart SGD + Momentum + L2,2253,0.02955360090700905
Основная: Multistart SGD + Momentum + L2,2254,0.02956822249848011
Основная: Multistart SGD + Momentum + L2,2255,0.029578040021552905
Основная: Multistart SGD + Momentum + L2,2256,0.0295839379749028
Основная: Multistart SGD + Momentum + L2,2257,0.0295886226041194
Основная: Multistart SGD + Momentum + L2,2258,0.02957026307088291
Основная: Multistart SGD + Momentum + L2,2259,0.029565142603477094
Основная: Multistart SGD + Momentum + L2,2260,0.029584682997534202
Основная: Multistart SGD + Momentum + L2,2261,0.029610779468573226
Основная: Multistart SGD + Momentum + L2,2262,0.029674675899221774
Основная: Multistart SGD + Momentum + L2,2263,0.02973352302351244
Основная: Multistart SGD + Momentum + L2,2264,0.02979235439339167
Основная: Multistart SGD + Momentum + L2,2265,0.02983882717532046
Основная: Multistart SGD + Momentum + L2,2266,0.029924567856298136
Основная: Multistart SGD + Momentum + L2,2267,0.029993957874271875
Основная: Multistart SGD + Momentum + L2,2268,0.030153237983604083
Основная: Multistart SGD + Momentum + L2,2269,0.03031396713851832
Основная: Multistart SGD + Momentum + L2,2270,0.030509658303872447
Основная: Multistart SGD + Momentum + L2,2271,0.03067544750765154
Основная: Multistart SGD + Momentum + L2,2272,0.03081443777768094
Основная: Multistart SGD + Momentum + L2,2273,0.03090002965372294
Основная: Multistart SGD + Momentum + L2,2274,0.030983471170507596
Основная: Multistart SGD + Momentum + L2,2275,0.031099354553697986
Основная: Multistart SGD + Momentum + L2,2276,0.031296813603187895
Основная: Multistart SGD + Momentum + L2,2277,0.03139776211930483
Основная: Multistart SGD + Momentum + L2,2278,0.031451731655885704
Основная: Multistart SGD + Momentum + L2,2279,0.031468811491037585
Основная: Multistart SGD + Momentum + L2,2280,0.031505381910085346
Основная: Multistart SGD + Momentum + L2,2281,0.031556247329298306
Основная: Multistart SGD + Momentum + L2,2282,0.03159171536063455
Основная: Multistart SGD + Momentum + L2,2283,0.03159579289290342
Основная: Multistart SGD + Momentum + L2,2284,0.03160637000537095
Основная: Multistart SGD + Momentum + L2,2285,0.031669001014538824
Основная: Multistart SGD + Momentum + L2,2286,0.031699065395155775
Основная: Multistart SGD + Momentum + L2,2287,0.03166358456536749
Основная: Multistart SGD + Momentum + L2,2288,0.03160020395057615
Основная: Multistart SGD + Momentum + L2,2289,0.03154311098930171
Основная: Multistart SGD + Momentum + L2,2290,0.031477602570695325
Основная: Multistart SGD + Momentum + L2,2291,0.031383093123959656
Основная: Multistart SGD + Momentum + L2,2292,0.03128290274237234
Основная: Multistart SGD + Momentum + L2,2293,0.031204170928005915
Основная: Multistart SGD + Momentum + L2,2294,0.031177554670322315
Основная: Multistart SGD + Momentum + L2,2295,0.03113182999485624
Основная: Multistart SGD + Momentum + L2,2296,0.03101549245923594
Основная: Multistart SGD + Momentum + L2,2297,0.03094501676725399
Основная: Multistart SGD + Momentum + L2,2298,0.030820155052279204
Основная: Multistart SGD + Momentum + L2,2299,0.03076064049459867
Основная: Multistart SGD + Momentum + L2,2300,0.030730508128128737
Основная: Multistart SGD + Momentum + L2,2301,0.030640600120430014
Основная: Multistart SGD + Momentum + L2,2302,0.030557723410429467
Основная: Multistart SGD + Momentum + L2,2303,0.030487346710517876
Основная: Multistart SGD + Momentum + L2,2304,0.030435788508137065
Основная: Multistart SGD + Momentum + L2,2305,0.030380815099270205
Основная: Multistart SGD + Momentum + L2,2306,0.030353446974609653
Основная: Multistart SGD + Momentum + L2,2307,0.030313233750988454
Основная: Multistart SGD + Momentum + L2,2308,0.030250800929132043
Основная: Multistart SGD + Momentum + L2,2309,0.030184959602985156
Основная: Multistart SGD + Momentum + L2,2310,0.030129187951633316
Основная: Multistart SGD + Momentum + L2,2311,0.030076395846116558
Основная: Multistart SGD + Momentum + L2,2312,0.030042489327637204
Основная: Multistart SGD + Momentum + L2,2313,0.030068251119997193
Основная: Multistart SGD + Momentum + L2,2314,0.030075070885058175
Основная: Multistart SGD + Momentum + L2,2315,0.030073545119077998
Основная: Multistart SGD + Momentum + L2,2316,0.030115289188233054
Основная: Multistart SGD + Momentum + L2,2317,0.03011069271126733
Основная: Multistart SGD + Momentum + L2,2318,0.03010083637278046
Основная: Multistart SGD + Momentum + L2,2319,0.03004099678903597
Основная: Multistart SGD + Momentum + L2,2320,0.029984104914028458
Основная: Multistart SGD + Momentum + L2,2321,0.029933054563562773
Основная: Multistart SGD + Momentum + L2,2322,0.029852940837082998
Основная: Multistart SGD + Momentum + L2,2323,0.029789578396889557
Основная: Multistart SGD + Momentum + L2,2324,0.029786275864421504
Основная: Multistart SGD + Momentum + L2,2325,0.029762794419914904
Основная: Multistart SGD + Momentum + L2,2326,0.029740562104565247
Основная: Multistart SGD + Momentum + L2,2327,0.029725118266766014
Основная: Multistart SGD + Momentum + L2,2328,0.02969761043063104
Основная: Multistart SGD + Momentum + L2,2329,0.029681603299072875
Основная: Multistart SGD + Momentum + L2,2330,0.029671397539608065
Основная: Multistart SGD + Momentum + L2,2331,0.029659618107856552
Основная: Multistart SGD + Momentum + L2,2332,0.02966042901956629
Основная: Multistart SGD + Momentum + L2,2333,0.029653393334818416
Основная: Multistart SGD + Momentum + L2,2334,0.029623708629984265
Основная: Multistart SGD + Momentum + L2,2335,0.029653854194806428
Основная: Multistart SGD + Momentum + L2,2336,0.029659347630800772
Основная: Multistart SGD + Momentum + L2,2337,0.02965509125146173
Основная: Multistart SGD + Momentum + L2,2338,0.029660205704194562
Основная: Multistart SGD + Momentum + L2,2339,0.029648232237487637
Основная: Multistart SGD + Momentum + L2,2340,0.029627141568314568
Основная: Multistart SGD + Momentum + L2,2341,0.02959935334854222
Основная: Multistart SGD + Momentum + L2,2342,0.02957784053628321
Основная: Multistart SGD + Momentum + L2,2343,0.02955828397229325
Основная: Multistart SGD + Momentum + L2,2344,0.029538431939935796
Основная: Multistart SGD + Momentum + L2,2345,0.029526311021980833
Основная: Multistart SGD + Momentum + L2,2346,0.029512516153063436
Основная: Multistart SGD + Momentum + L2,2347,0.02950954217016204
Основная: Multistart SGD + Momentum + L2,2348,0.029505462476705116
Основная: Multistart SGD + Momentum + L2,2349,0.02949637680031424
Основная: Multistart SGD + Momentum + L2,2350,0.029485520028373645
Основная: Multistart SGD + Momentum + L2,2351,0.029475404365793073
Основная: Multistart SGD + Momentum + L2,2352,0.029472654466096787
Основная: Multistart SGD + Momentum + L2,2353,0.029464368286044557
Основная: Multistart SGD + Momentum + L2,2354,0.029451910405599323
Основная: Multistart SGD + Momentum + L2,2355,0.029454174256585034
Основная: Multistart SGD + Momentum + L2,2356,0.029457599280647898
Основная: Multistart SGD + Momentum + L2,2357,0.02946519554452763
Основная: Multistart SGD + Momentum + L2,2358,0.029464576936015865
Основная: Multistart SGD + Momentum + L2,2359,0.02946103485890829
Основная: Multistart SGD + Momentum + L2,2360,0.029449906068903617
Основная: Multistart SGD + Momentum + L2,2361,0.029467705310341024
Основная: Multistart SGD + Momentum + L2,2362,0.029494555924265708
Основная: Multistart SGD + Momentum + L2,2363,0.029539981945284902
Основная: Multistart SGD + Momentum + L2,2364,0.029583660823015622
Основная: Multistart SGD + Momentum + L2,2365,0.029613593075682773
Основная: Multistart SGD + Momentum + L2,2366,0.029628520623595687
Основная: Multistart SGD + Momentum + L2,2367,0.029629001019753604
Основная: Multistart SGD + Momentum + L2,2368,0.029613406223451863
Основная: Multistart SGD + Momentum + L2,2369,0.029596886171446467
Основная: Multistart SGD + Momentum + L2,2370,0.0295915174232574
Основная: Multistart SGD + Momentum + L2,2371,0.02956731387383722
Основная: Multistart SGD + Momentum + L2,2372,0.029536349759465744
Основная: Multistart SGD + Momentum + L2,2373,0.02949512996095553
Основная: Multistart SGD + Momentum + L2,2374,0.029457051759489754
Основная: Multistart SGD + Momentum + L2,2375,0.029422436628908654
Основная: Multistart SGD + Momentum + L2,2376,0.029389584237193584
Основная: Multistart SGD + Momentum + L2,2377,0.029371274244068976
Основная: Multistart SGD + Momentum + L2,2378,0.02936193913267503
Основная: Multistart SGD + Momentum + L2,2379,0.02935820717163394
Основная: Multistart SGD + Momentum + L2,2380,0.029359958283573184
Основная: Multistart SGD + Momentum + L2,2381,0.02936244224772906
Основная: Multistart SGD + Momentum + L2,2382,0.029366555974305642
Основная: Multistart SGD + Momentum + L2,2383,0.029374142245775697
Основная: Multistart SGD + Momentum + L2,2384,0.029386338045215097
Основная: Multistart SGD + Momentum + L2,2385,0.02940281832218818
Основная: Multistart SGD + Momentum + L2,2386,0.029425632511903017
Основная: Multistart SGD + Momentum + L2,2387,0.02945567244253615
Основная: Multistart SGD + Momentum + L2,2388,0.02948702420685829
Основная: Multistart SGD + Momentum + L2,2389,0.029498070119348362
Основная: Multistart SGD + Momentum + L2,2390,0.029514818267136356
Основная: Multistart SGD + Momentum + L2,2391,0.02954276375088226
Основная: Multistart SGD + Momentum + L2,2392,0.02955515504976515
Основная: Multistart SGD + Momentum + L2,2393,0.029562483582834496
Основная: Multistart SGD + Momentum + L2,2394,0.029571011066855744
Основная: Multistart SGD + Momentum + L2,2395,0.02958491181434275
Основная: Multistart SGD + Momentum + L2,2396,0.029611131002454633
Основная: Multistart SGD + Momentum + L2,2397,0.029630814999931372
Основная: Multistart SGD + Momentum + L2,2398,0.0296548971194751
Основная: Multistart SGD + Momentum + L2,2399,0.029685797749883464
Основная: Multistart SGD + Momentum + L2,2400,0.02967319639178939
Основная: Multistart SGD + Momentum + L2,2401,0.0296778591551283
Основная: Multistart SGD + Momentum + L2,2402,0.029700687555230445
Основная: Multistart SGD + Momentum + L2,2403,0.02974126115206615
Основная: Multistart SGD + Momentum + L2,2404,0.029734088060148548
Основная: Multistart SGD + Momentum + L2,2405,0.029736896380570973
Основная: Multistart SGD + Momentum + L2,2406,0.02973294502007085
Основная: Multistart SGD + Momentum + L2,2407,0.029736311052185254
Основная: Multistart SGD + Momentum + L2,2408,0.02975030757967134
Основная: Multistart SGD + Momentum + L2,2409,0.029769827863668212
Основная: Multistart SGD + Momentum + L2,2410,0.029796334022012802
Основная: Multistart SGD + Momentum + L2,2411,0.0298163624301891
Основная: Multistart SGD + Momentum + L2,2412,0.029832855854487587
Основная: Multistart SGD + Momentum + L2,2413,0.0298451114836783
Основная: Multistart SGD + Momentum + L2,2414,0.029850139706809227
Основная: Multistart SGD + Momentum + L2,2415,0.029864746817148697
Основная: Multistart SGD + Momentum + L2,2416,0.029876342543789187
Основная: Multistart SGD + Momentum + L2,2417,0.02989589324907107
Основная: Multistart SGD + Momentum + L2,2418,0.029908463029873027
Основная: Multistart SGD + Momentum + L2,2419,0.029931375194508083
Основная: Multistart SGD + Momentum + L2,2420,0.02993126713190864
Основная: Multistart SGD + Momentum + L2,2421,0.029945711499941897
Основная: Multistart SGD + Momentum + L2,2422,0.02996687734362573
Основная: Multistart SGD + Momentum + L2,2423,0.029995131757449757
Основная: Multistart SGD + Momentum + L2,2424,0.030036823103874
Основная: Multistart SGD + Momentum + L2,2425,0.030081428664751154
Основная: Multistart SGD + Momentum + L2,2426,0.03010092744870263
Основная: Multistart SGD + Momentum + L2,2427,0.030126839484437687
Основная: Multistart SGD + Momentum + L2,2428,0.03010415761141264
Основная: Multistart SGD + Momentum + L2,2429,0.030058168350370194
Основная: Multistart SGD + Momentum + L2,2430,0.03001182829323543
Основная: Multistart SGD + Momentum + L2,2431,0.029983656965272828
Основная: Multistart SGD + Momentum + L2,2432,0.029961295463291474
Основная: Multistart SGD + Momentum + L2,2433,0.029942366634603482
Основная: Multistart SGD + Momentum + L2,2434,0.029895936793616792
Основная: Multistart SGD + Momentum + L2,2435,0.02983881835534627
Основная: Multistart SGD + Momentum + L2,2436,0.02979375742425197
Основная: Multistart SGD + Momentum + L2,2437,0.02974377330598963
Основная: Multistart SGD + Momentum + L2,2438,0.029713983613780737
Основная: Multistart SGD + Momentum + L2,2439,0.029694913442994294
Основная: Multistart SGD + Momentum + L2,2440,0.029683416118655787
Основная: Multistart SGD + Momentum + L2,2441,0.029678999759427394
Основная: Multistart SGD + Momentum + L2,2442,0.029680721333669183
Основная: Multistart SGD + Momentum + L2,2443,0.029673161423861654
Основная: Multistart SGD + Momentum + L2,2444,0.029671428825141306
Основная: Multistart SGD + Momentum + L2,2445,0.029681867411563825
Основная: Multistart SGD + Momentum + L2,2446,0.029693991865169137
Основная: Multistart SGD + Momentum + L2,2447,0.029703290595187806
Основная: Multistart SGD + Momentum + L2,2448,0.029718870908464905
Основная: Multistart SGD + Momentum + L2,2449,0.029738923419604574
Основная: Multistart SGD + Momentum + L2,2450,0.029757400326328856
Основная: Multistart SGD + Momentum + L2,2451,0.02975700138345776
Основная: Multistart SGD + Momentum + L2,2452,0.029762142505524454
Основная: Multistart SGD + Momentum + L2,2453,0.02976643046759803
Основная: Multistart SGD + Momentum + L2,2454,0.029779774880843237
Основная: Multistart SGD + Momentum + L2,2455,0.029787825831233048
Основная: Multistart SGD + Momentum + L2,2456,0.029797618629719014
Основная: Multistart SGD + Momentum + L2,2457,0.029801568358749496
Основная: Multistart SGD + Momentum + L2,2458,0.029795539852145832
Основная: Multistart SGD + Momentum + L2,2459,0.02978976027138156
Основная: Multistart SGD + Momentum + L2,2460,0.029791225045390692
Основная: Multistart SGD + Momentum + L2,2461,0.029794934424021858
Основная: Multistart SGD + Momentum + L2,2462,0.029798709952093532
Основная: Multistart SGD + Momentum + L2,2463,0.029796762504034856
Основная: Multistart SGD + Momentum + L2,2464,0.029791946334078882
Основная: Multistart SGD + Momentum + L2,2465,0.02979488787404184
Основная: Multistart SGD + Momentum + L2,2466,0.029794137553202708
Основная: Multistart SGD + Momentum + L2,2467,0.0297940855821904
Основная: Multistart SGD + Momentum + L2,2468,0.029794173252049767
Основная: Multistart SGD + Momentum + L2,2469,0.029794663154317343
Основная: Multistart SGD + Momentum + L2,2470,0.02980014453257977
Основная: Multistart SGD + Momentum + L2,2471,0.029790233669087483
Основная: Multistart SGD + Momentum + L2,2472,0.029772821524402054
Основная: Multistart SGD + Momentum + L2,2473,0.02976129814825892
Основная: Multistart SGD + Momentum + L2,2474,0.029747608127985277
Основная: Multistart SGD + Momentum + L2,2475,0.029736358242806498
Основная: Multistart SGD + Momentum + L2,2476,0.02973335885752726
Основная: Multistart SGD + Momentum + L2,2477,0.029721221628510316
Основная: Multistart SGD + Momentum + L2,2478,0.029704447347793497
Основная: Multistart SGD + Momentum + L2,2479,0.029675773878883763
Основная: Multistart SGD + Momentum + L2,2480,0.029649572291965246
Основная: Multistart SGD + Momentum + L2,2481,0.029623040361450168
Основная: Multistart SGD + Momentum + L2,2482,0.029603535294346506
Основная: Multistart SGD + Momentum + L2,2483,0.02959539196191923
Основная: Multistart SGD + Momentum + L2,2484,0.029599658638822635
Основная: Multistart SGD + Momentum + L2,2485,0.029607446640420972
Основная: Multistart SGD + Momentum + L2,2486,0.02961841552234786
Основная: Multistart SGD + Momentum + L2,2487,0.02962920878357898
Основная: Multistart SGD + Momentum + L2,2488,0.029646514728732094
Основная: Multistart SGD + Momentum + L2,2489,0.02967455009654624
Основная: Multistart SGD + Momentum + L2,2490,0.029696579678705422
Основная: Multistart SGD + Momentum + L2,2491,0.029735500771334963
Основная: Multistart SGD + Momentum + L2,2492,0.029744479095428062
Основная: Multistart SGD + Momentum + L2,2493,0.029748465136610263
Основная: Multistart SGD + Momentum + L2,2494,0.029770234569557734
Основная: Multistart SGD + Momentum + L2,2495,0.02980375235096851
Основная: Multistart SGD + Momentum + L2,2496,0.02985149647521027
Основная: Multistart SGD + Momentum + L2,2497,0.029905546662185777
Основная: Multistart SGD + Momentum + L2,2498,0.029956677253630392
Основная: Multistart SGD + Momentum + L2,2499,0.030008685745340487
Основная: Multistart SGD + Momentum + L2,2500,0.030055808042555827
Основная: Multistart SGD + Momentum + L2,2501,0.03007710989380893
Основная: Multistart SGD + Momentum + L2,2502,0.030104550368641212
Основная: Multistart SGD + Momentum + L2,2503,0.030099762974985268
Основная: Multistart SGD + Momentum + L2,2504,0.030112562067155638
Основная: Multistart SGD + Momentum + L2,2505,0.030113849316927566
Основная: Multistart SGD + Momentum + L2,2506,0.030128101480378946
Основная: Multistart SGD + Momentum + L2,2507,0.030148931534816664
Основная: Multistart SGD + Momentum + L2,2508,0.030187575121632802
Основная: Multistart SGD + Momentum + L2,2509,0.03016316334180341
Основная: Multistart SGD + Momentum + L2,2510,0.030120522133684397
Основная: Multistart SGD + Momentum + L2,2511,0.03009500407773311
Основная: Multistart SGD + Momentum + L2,2512,0.030073368125889885
Основная: Multistart SGD + Momentum + L2,2513,0.03001988268514879
Основная: Multistart SGD + Momentum + L2,2514,0.030008479020703503
Основная: Multistart SGD + Momentum + L2,2515,0.03000966096393837
Основная: Multistart SGD + Momentum + L2,2516,0.030041120153374328
Основная: Multistart SGD + Momentum + L2,2517,0.030083239547707717
Основная: Multistart SGD + Momentum + L2,2518,0.030144313946400787
Основная: Multistart SGD + Momentum + L2,2519,0.030227080806572427
Основная: Multistart SGD + Momentum + L2,2520,0.03032180683463662
Основная: Multistart SGD + Momentum + L2,2521,0.03045269540496359
Основная: Multistart SGD + Momentum + L2,2522,0.03057477619128705
Основная: Multistart SGD + Momentum + L2,2523,0.030631774804191148
Основная: Multistart SGD + Momentum + L2,2524,0.03067052962784718
Основная: Multistart SGD + Momentum + L2,2525,0.030708594453448795
Основная: Multistart SGD + Momentum + L2,2526,0.030694905747543216
Основная: Multistart SGD + Momentum + L2,2527,0.030689161704573694
Основная: Multistart SGD + Momentum + L2,2528,0.03071026625188604
Основная: Multistart SGD + Momentum + L2,2529,0.03065064731278152
Основная: Multistart SGD + Momentum + L2,2530,0.030577999327119305
Основная: Multistart SGD + Momentum + L2,2531,0.03052949901516606
Основная: Multistart SGD + Momentum + L2,2532,0.0304972601528894
Основная: Multistart SGD + Momentum + L2,2533,0.03050748955282689
Основная: Multistart SGD + Momentum + L2,2534,0.030527585328011028
Основная: Multistart SGD + Momentum + L2,2535,0.030564004207059684
Основная: Multistart SGD + Momentum + L2,2536,0.030607362049565535
Основная: Multistart SGD + Momentum + L2,2537,0.030670212120093604
Основная: Multistart SGD + Momentum + L2,2538,0.030744180279412406
Основная: Multistart SGD + Momentum + L2,2539,0.030811280560424956
Основная: Multistart SGD + Momentum + L2,2540,0.030834524939832075
Основная: Multistart SGD + Momentum + L2,2541,0.030870495057741337
Основная: Multistart SGD + Momentum + L2,2542,0.030910021499656454
Основная: Multistart SGD + Momentum + L2,2543,0.03094543879779935
Основная: Multistart SGD + Momentum + L2,2544,0.030923346288534655
Основная: Multistart SGD + Momentum + L2,2545,0.030952858131144075
Основная: Multistart SGD + Momentum + L2,2546,0.031027414830511378
Основная: Multistart SGD + Momentum + L2,2547,0.031065136551685406
Основная: Multistart SGD + Momentum + L2,2548,0.031108280427578662
Основная: Multistart SGD + Momentum + L2,2549,0.031131303800689323
Основная: Multistart SGD + Momentum + L2,2550,0.031057269943249446
Основная: Multistart SGD + Momentum + L2,2551,0.03097342530529265
Основная: Multistart SGD + Momentum + L2,2552,0.03092560579859966
Основная: Multistart SGD + Momentum + L2,2553,0.030900259279596554
Основная: Multistart SGD + Momentum + L2,2554,0.030879382891540286
Основная: Multistart SGD + Momentum + L2,2555,0.03085962263882045
Основная: Multistart SGD + Momentum + L2,2556,0.030822555671172775
Основная: Multistart SGD + Momentum + L2,2557,0.03079798363278448
Основная: Multistart SGD + Momentum + L2,2558,0.03077905969090191
Основная: Multistart SGD + Momentum + L2,2559,0.030783477456231917
Основная: Multistart SGD + Momentum + L2,2560,0.030728049212652535
Основная: Multistart SGD + Momentum + L2,2561,0.030683820968975057
Основная: Multistart SGD + Momentum + L2,2562,0.030645490571899695
Основная: Multistart SGD + Momentum + L2,2563,0.03064174173198293
Основная: Multistart SGD + Momentum + L2,2564,0.03060517069117178
Основная: Multistart SGD + Momentum + L2,2565,0.030632036040936478
Основная: Multistart SGD + Momentum + L2,2566,0.03066543423306652
Основная: Multistart SGD + Momentum + L2,2567,0.03071224441939117
Основная: Multistart SGD + Momentum + L2,2568,0.030781267538040988
Основная: Multistart SGD + Momentum + L2,2569,0.030841873948002238
Основная: Multistart SGD + Momentum + L2,2570,0.03092082242735771
Основная: Multistart SGD + Momentum + L2,2571,0.031008765425970124
Основная: Multistart SGD + Momentum + L2,2572,0.031086178308050317
Основная: Multistart SGD + Momentum + L2,2573,0.03120310576066122
Основная: Multistart SGD + Momentum + L2,2574,0.031209317652131936
Основная: Multistart SGD + Momentum + L2,2575,0.03124114126762523
Основная: Multistart SGD + Momentum + L2,2576,0.03128912960232125
Основная: Multistart SGD + Momentum + L2,2577,0.03139347545853032
Основная: Multistart SGD + Momentum + L2,2578,0.03141818950385086
Основная: Multistart SGD + Momentum + L2,2579,0.0314654762056916
Основная: Multistart SGD + Momentum + L2,2580,0.0314411607792376
Основная: Multistart SGD + Momentum + L2,2581,0.03144858745511358
Основная: Multistart SGD + Momentum + L2,2582,0.031385360508460164
Основная: Multistart SGD + Momentum + L2,2583,0.031299713431925245
Основная: Multistart SGD + Momentum + L2,2584,0.03107619741876854
Основная: Multistart SGD + Momentum + L2,2585,0.03090936420503635
Основная: Multistart SGD + Momentum + L2,2586,0.030707646145828906
Основная: Multistart SGD + Momentum + L2,2587,0.030554119536533638
Основная: Multistart SGD + Momentum + L2,2588,0.030347319067825056
Основная: Multistart SGD + Momentum + L2,2589,0.030107746227308607
Основная: Multistart SGD + Momentum + L2,2590,0.02992792257942179
Основная: Multistart SGD + Momentum + L2,2591,0.029733993093934548
Основная: Multistart SGD + Momentum + L2,2592,0.02958168001333889
Основная: Multistart SGD + Momentum + L2,2593,0.02950201628742676
Основная: Multistart SGD + Momentum + L2,2594,0.029462261384633898
Основная: Multistart SGD + Momentum + L2,2595,0.02945037578969148
Основная: Multistart SGD + Momentum + L2,2596,0.02946036508576188
Основная: Multistart SGD + Momentum + L2,2597,0.029504840154581324
Основная: Multistart SGD + Momentum + L2,2598,0.029559450431929632
Основная: Multistart SGD + Momentum + L2,2599,0.02961007709937925
Основная: Multistart SGD + Momentum + L2,2600,0.029663317275661075
Основная: Multistart SGD + Momentum + L2,2601,0.02971011637229915
Основная: Multistart SGD + Momentum + L2,2602,0.02978147529183528
Основная: Multistart SGD + Momentum + L2,2603,0.029815145954100036
Основная: Multistart SGD + Momentum + L2,2604,0.029832461437805786
Основная: Multistart SGD + Momentum + L2,2605,0.02983409255987342
Основная: Multistart SGD + Momentum + L2,2606,0.029856186212285647
Основная: Multistart SGD + Momentum + L2,2607,0.029925033435748177
Основная: Multistart SGD + Momentum + L2,2608,0.02997702261242459
Основная: Multistart SGD + Momentum + L2,2609,0.0300177853225585
Основная: Multistart SGD + Momentum + L2,2610,0.030057459052277753
Основная: Multistart SGD + Momentum + L2,2611,0.030090542531213994
Основная: Multistart SGD + Momentum + L2,2612,0.030154284867427966
Основная: Multistart SGD + Momentum + L2,2613,0.030261670602195742
Основная: Multistart SGD + Momentum + L2,2614,0.03036444989866812
Основная: Multistart SGD + Momentum + L2,2615,0.030466787790128746
Основная: Multistart SGD + Momentum + L2,2616,0.030531836983334323
Основная: Multistart SGD + Momentum + L2,2617,0.03053099525020655
Основная: Multistart SGD + Momentum + L2,2618,0.03052409178988906
Основная: Multistart SGD + Momentum + L2,2619,0.030463906957198795
Основная: Multistart SGD + Momentum + L2,2620,0.030402540647707636
Основная: Multistart SGD + Momentum + L2,2621,0.030335306540882893
Основная: Multistart SGD + Momentum + L2,2622,0.030276722185122965
Основная: Multistart SGD + Momentum + L2,2623,0.030216702288583502
Основная: Multistart SGD + Momentum + L2,2624,0.0301431472460396
Основная: Multistart SGD + Momentum + L2,2625,0.030063398276191377
Основная: Multistart SGD + Momentum + L2,2626,0.029994524648317082
Основная: Multistart SGD + Momentum + L2,2627,0.02991595493914175
Основная: Multistart SGD + Momentum + L2,2628,0.029838429955043582
Основная: Multistart SGD + Momentum + L2,2629,0.029764165502356305
Основная: Multistart SGD + Momentum + L2,2630,0.029693409128747173
Основная: Multistart SGD + Momentum + L2,2631,0.029648246048332366
Основная: Multistart SGD + Momentum + L2,2632,0.02962623132120664
Основная: Multistart SGD + Momentum + L2,2633,0.029598383852408917
Основная: Multistart SGD + Momentum + L2,2634,0.029562103456972858
Основная: Multistart SGD + Momentum + L2,2635,0.029548145543483645
Основная: Multistart SGD + Momentum + L2,2636,0.029531589339153678
Основная: Multistart SGD + Momentum + L2,2637,0.029516662671127084
Основная: Multistart SGD + Momentum + L2,2638,0.02950317042839527
Основная: Multistart SGD + Momentum + L2,2639,0.029506155912965893
Основная: Multistart SGD + Momentum + L2,2640,0.029505079704146037
Основная: Multistart SGD + Momentum + L2,2641,0.02949826450516502
Основная: Multistart SGD + Momentum + L2,2642,0.029498465849440294
Основная: Multistart SGD + Momentum + L2,2643,0.029487238678514414
Основная: Multistart SGD + Momentum + L2,2644,0.02947717206445427
Основная: Multistart SGD + Momentum + L2,2645,0.02950007952063868
Основная: Multistart SGD + Momentum + L2,2646,0.02952487034276621
Основная: Multistart SGD + Momentum + L2,2647,0.029561399308623698
Основная: Multistart SGD + Momentum + L2,2648,0.02959675890966848
Основная: Multistart SGD + Momentum + L2,2649,0.029613982410431772
Основная: Multistart SGD + Momentum + L2,2650,0.029627413358822168
Основная: Multistart SGD + Momentum + L2,2651,0.029637030030082105
Основная: Multistart SGD + Momentum + L2,2652,0.029632982415376943
Основная: Multistart SGD + Momentum + L2,2653,0.029629483752600914
Основная: Multistart SGD + Momentum + L2,2654,0.029622371357917482
Основная: Multistart SGD + Momentum + L2,2655,0.029600284573326727
Основная: Multistart SGD + Momentum + L2,2656,0.02956788164112216
Основная: Multistart SGD + Momentum + L2,2657,0.029524317759295433
Основная: Multistart SGD + Momentum + L2,2658,0.029494600500074672
Основная: Multistart SGD + Momentum + L2,2659,0.02947158582753782
Основная: Multistart SGD + Momentum + L2,2660,0.02946440943931332
Основная: Multistart SGD + Momentum + L2,2661,0.02946080795122545
Основная: Multistart SGD + Momentum + L2,2662,0.029464931204905332
Основная: Multistart SGD + Momentum + L2,2663,0.029468929186841412
Основная: Multistart SGD + Momentum + L2,2664,0.029479977528085434
Основная: Multistart SGD + Momentum + L2,2665,0.02949196161630936
Основная: Multistart SGD + Momentum + L2,2666,0.029502659137690224
Основная: Multistart SGD + Momentum + L2,2667,0.029501219534780854
Основная: Multistart SGD + Momentum + L2,2668,0.02949142844512102
Основная: Multistart SGD + Momentum + L2,2669,0.02948611865030979
Основная: Multistart SGD + Momentum + L2,2670,0.029481771492625028
Основная: Multistart SGD + Momentum + L2,2671,0.02947325451633031
Основная: Multistart SGD + Momentum + L2,2672,0.02946847396199032
Основная: Multistart SGD + Momentum + L2,2673,0.029465007095870903
Основная: Multistart SGD + Momentum + L2,2674,0.029460850737653237
Основная: Multistart SGD + Momentum + L2,2675,0.029458806902643048
Основная: Multistart SGD + Momentum + L2,2676,0.029456700802726818
Основная: Multistart SGD + Momentum + L2,2677,0.029454934326224355
Основная: Multistart SGD + Momentum + L2,2678,0.029454004294109805
Основная: Multistart SGD + Momentum + L2,2679,0.029453442534625073
Основная: Multistart SGD + Momentum + L2,2680,0.029453042197557483
Основная: Multistart SGD + Momentum + L2,2681,0.029452729497225997
Основная: Multistart SGD + Momentum + L2,2682,0.029453404172827748
Основная: Multistart SGD + Momentum + L2,2683,0.029456529383961705
Основная: Multistart SGD + Momentum + L2,2684,0.02946191167718131
Основная: Multistart SGD + Momentum + L2,2685,0.029467282523379427
Основная: Multistart SGD + Momentum + L2,2686,0.029461244654069497
Основная: Multistart SGD + Momentum + L2,2687,0.029456743318708598
Основная: Multistart SGD + Momentum + L2,2688,0.029451651695412143
Основная: Multistart SGD + Momentum + L2,2689,0.029450214243536398
Основная: Multistart SGD + Momentum + L2,2690,0.029451273254069786
Основная: Multistart SGD + Momentum + L2,2691,0.029454153340258974
Основная: Multistart SGD + Momentum + L2,2692,0.02945738556046586
Основная: Multistart SGD + Momentum + L2,2693,0.02945952943536754
Основная: Multistart SGD + Momentum + L2,2694,0.029465005039789067
Основная: Multistart SGD + Momentum + L2,2695,0.029466079024621842
Основная: Multistart SGD + Momentum + L2,2696,0.029465040831237424
Основная: Multistart SGD + Momentum + L2,2697,0.029462316217611233
Основная: Multistart SGD + Momentum + L2,2698,0.029466445922327698
Основная: Multistart SGD + Momentum + L2,2699,0.029468799770327687
Основная: Multistart SGD + Momentum + L2,2700,0.02947025525523619
Основная: Multistart SGD + Momentum + L2,2701,0.029473188530655045
Основная: Multistart SGD + Momentum + L2,2702,0.02948602483865125
Основная: Multistart SGD + Momentum + L2,2703,0.029523838858963442
Основная: Multistart SGD + Momentum + L2,2704,0.029558497578096837
Основная: Multistart SGD + Momentum + L2,2705,0.029601931973656806
Основная: Multistart SGD + Momentum + L2,2706,0.029646062181507248
Основная: Multistart SGD + Momentum + L2,2707,0.029689302925561427
Основная: Multistart SGD + Momentum + L2,2708,0.029716526474950933
Основная: Multistart SGD + Momentum + L2,2709,0.029729552068682323
Основная: Multistart SGD + Momentum + L2,2710,0.029737906499277673
Основная: Multistart SGD + Momentum + L2,2711,0.029753917428744992
Основная: Multistart SGD + Momentum + L2,2712,0.029745042873090724
Основная: Multistart SGD + Momentum + L2,2713,0.029806856897976578
Основная: Multistart SGD + Momentum + L2,2714,0.029855043744845402
Основная: Multistart SGD + Momentum + L2,2715,0.029904188917298923
Основная: Multistart SGD + Momentum + L2,2716,0.029973699604721567
Основная: Multistart SGD + Momentum + L2,2717,0.03003680172941113
Основная: Multistart SGD + Momentum + L2,2718,0.030120790267197706
Основная: Multistart SGD + Momentum + L2,2719,0.030201113663709016
Основная: Multistart SGD + Momentum + L2,2720,0.030277020842658736
Основная: Multistart SGD + Momentum + L2,2721,0.030328800361959743
Основная: Multistart SGD + Momentum + L2,2722,0.030394796018201976
Основная: Multistart SGD + Momentum + L2,2723,0.03046095581571766
Основная: Multistart SGD + Momentum + L2,2724,0.030513294227123733
Основная: Multistart SGD + Momentum + L2,2725,0.030559153306224822
Основная: Multistart SGD + Momentum + L2,2726,0.030548080073811937
Основная: Multistart SGD + Momentum + L2,2727,0.030535732390968164
Основная: Multistart SGD + Momentum + L2,2728,0.030533362129058484
Основная: Multistart SGD + Momentum + L2,2729,0.03052361193868563
Основная: Multistart SGD + Momentum + L2,2730,0.030498227853721475
Основная: Multistart SGD + Momentum + L2,2731,0.030466260870209087
Основная: Multistart SGD + Momentum + L2,2732,0.030429637007050616
Основная: Multistart SGD + Momentum + L2,2733,0.030411810729358498
Основная: Multistart SGD + Momentum + L2,2734,0.03041341603433638
Основная: Multistart SGD + Momentum + L2,2735,0.030457775375946076
Основная: Multistart SGD + Momentum + L2,2736,0.030495004064891952
Основная: Multistart SGD + Momentum + L2,2737,0.03051986465080516
Основная: Multistart SGD + Momentum + L2,2738,0.03054443403796691
Основная: Multistart SGD + Momentum + L2,2739,0.03054811595708906
Основная: Multistart SGD + Momentum + L2,2740,0.030570043113386455
Основная: Multistart SGD + Momentum + L2,2741,0.03053879833110685
Основная: Multistart SGD + Momentum + L2,2742,0.030553082610550553
Основная: Multistart SGD + Momentum + L2,2743,0.030545633147364817
Основная: Multistart SGD + Momentum + L2,2744,0.030522842067060803
Основная: Multistart SGD + Momentum + L2,2745,0.030474225627176284
Основная: Multistart SGD + Momentum + L2,2746,0.030421702884765468
Основная: Multistart SGD + Momentum + L2,2747,0.030354747132762486
Основная: Multistart SGD + Momentum + L2,2748,0.030278126780428457
Основная: Multistart SGD + Momentum + L2,2749,0.0302544154032194
Основная: Multistart SGD + Momentum + L2,2750,0.030269621283009918
Основная: Multistart SGD + Momentum + L2,2751,0.03024309223978759
Основная: Multistart SGD + Momentum + L2,2752,0.030230932538003324
Основная: Multistart SGD + Momentum + L2,2753,0.030258479661549594
Основная: Multistart SGD + Momentum + L2,2754,0.03031245601052252
Основная: Multistart SGD + Momentum + L2,2755,0.030320390319446344
Основная: Multistart SGD + Momentum + L2,2756,0.03032357088513152
Основная: Multistart SGD + Momentum + L2,2757,0.030329078186338336
Основная: Multistart SGD + Momentum + L2,2758,0.030280326838910323
Основная: Multistart SGD + Momentum + L2,2759,0.03032391208848585
Основная: Multistart SGD + Momentum + L2,2760,0.030382744946301655
Основная: Multistart SGD + Momentum + L2,2761,0.030445866445917756
Основная: Multistart SGD + Momentum + L2,2762,0.030538403827508956
Основная: Multistart SGD + Momentum + L2,2763,0.030599932452243142
Основная: Multistart SGD + Momentum + L2,2764,0.030633749708413715
Основная: Multistart SGD + Momentum + L2,2765,0.03063672345878364
Основная: Multistart SGD + Momentum + L2,2766,0.030630843688843022
Основная: Multistart SGD + Momentum + L2,2767,0.030690162940759123
Основная: Multistart SGD + Momentum + L2,2768,0.030757931587020663
Основная: Multistart SGD + Momentum + L2,2769,0.030865719278177203
Основная: Multistart SGD + Momentum + L2,2770,0.030945014119513174
Основная: Multistart SGD + Momentum + L2,2771,0.030978818362239424
Основная: Multistart SGD + Momentum + L2,2772,0.03105112123776071
Основная: Multistart SGD + Momentum + L2,2773,0.031135007892698265
Основная: Multistart SGD + Momentum + L2,2774,0.031194041164338406
Основная: Multistart SGD + Momentum + L2,2775,0.03129857605487427
Основная: Multistart SGD + Momentum + L2,2776,0.03136472485703267
Основная: Multistart SGD + Momentum + L2,2777,0.03142560701177275
Основная: Multistart SGD + Momentum + L2,2778,0.03146047751481891
Основная: Multistart SGD + Momentum + L2,2779,0.03145800229547715
Основная: Multistart SGD + Momentum + L2,2780,0.031389943920103996
Основная: Multistart SGD + Momentum + L2,2781,0.03127721628936509
Основная: Multistart SGD + Momentum + L2,2782,0.03115894553532936
Основная: Multistart SGD + Momentum + L2,2783,0.031070572204132178
Основная: Multistart SGD + Momentum + L2,2784,0.030978625750595935
Основная: Multistart SGD + Momentum + L2,2785,0.030902937433499457
Основная: Multistart SGD + Momentum + L2,2786,0.03084646404712633
Основная: Multistart SGD + Momentum + L2,2787,0.030773522920612396
Основная: Multistart SGD + Momentum + L2,2788,0.030733913546612857
Основная: Multistart SGD + Momentum + L2,2789,0.03071997976778252
Основная: Multistart SGD + Momentum + L2,2790,0.03073391262246676
Основная: Multistart SGD + Momentum + L2,2791,0.03073173696594447
Основная: Multistart SGD + Momentum + L2,2792,0.030700107793780542
Основная: Multistart SGD + Momentum + L2,2793,0.030684644106730465
Основная: Multistart SGD + Momentum + L2,2794,0.030660968525611416
Основная: Multistart SGD + Momentum + L2,2795,0.030621998773019795
Основная: Multistart SGD + Momentum + L2,2796,0.030650497575202343
Основная: Multistart SGD + Momentum + L2,2797,0.03062028938798565
Основная: Multistart SGD + Momentum + L2,2798,0.030649997263280472
Основная: Multistart SGD + Momentum + L2,2799,0.030685766880762706
Основная: Multistart SGD + Momentum + L2,2800,0.03069320639563869
Основная: Multistart SGD + Momentum + L2,2801,0.030701572902312017
Основная: Multistart SGD + Momentum + L2,2802,0.030697443034121624
Основная: Multistart SGD + Momentum + L2,2803,0.03065947195009372
Основная: Multistart SGD + Momentum + L2,2804,0.03061409597311932
Основная: Multistart SGD + Momentum + L2,2805,0.03060218928223265
Основная: Multistart SGD + Momentum + L2,2806,0.03070775431011591
Основная: Multistart SGD + Momentum + L2,2807,0.030878623399503827
Основная: Multistart SGD + Momentum + L2,2808,0.031062749275886044
Основная: Multistart SGD + Momentum + L2,2809,0.031216487238099833
Основная: Multistart SGD + Momentum + L2,2810,0.03150758782229841
Основная: Multistart SGD + Momentum + L2,2811,0.03177695331551301
Основная: Multistart SGD + Momentum + L2,2812,0.032015330489527434
Основная: Multistart SGD + Momentum + L2,2813,0.03218214919466096
Основная: Multistart SGD + Momentum + L2,2814,0.03228053867960599
Основная: Multistart SGD + Momentum + L2,2815,0.03238649423820568
Основная: Multistart SGD + Momentum + L2,2816,0.03253940955477624
Основная: Multistart SGD + Momentum + L2,2817,0.0326597618668356
Основная: Multistart SGD + Momentum + L2,2818,0.032732099303776956
Основная: Multistart SGD + Momentum + L2,2819,0.032990758254786
Основная: Multistart SGD + Momentum + L2,2820,0.03319623725311276
Основная: Multistart SGD + Momentum + L2,2821,0.033448075979557075
Основная: Multistart SGD + Momentum + L2,2822,0.03365185810897491
Основная: Multistart SGD + Momentum + L2,2823,0.03379253572266892
Основная: Multistart SGD + Momentum + L2,2824,0.03390283161107936
Основная: Multistart SGD + Momentum + L2,2825,0.03388832214064549
Основная: Multistart SGD + Momentum + L2,2826,0.03385927874575229
Основная: Multistart SGD + Momentum + L2,2827,0.03386365576933555
Основная: Multistart SGD + Momentum + L2,2828,0.033837589329153914
Основная: Multistart SGD + Momentum + L2,2829,0.03378268204551417
Основная: Multistart SGD + Momentum + L2,2830,0.03369958244647092
Основная: Multistart SGD + Momentum + L2,2831,0.033553094560011806
Основная: Multistart SGD + Momentum + L2,2832,0.03338862712567651
Основная: Multistart SGD + Momentum + L2,2833,0.03329610169329024
Основная: Multistart SGD + Momentum + L2,2834,0.03318886051708955
Основная: Multistart SGD + Momentum + L2,2835,0.03311027818312236
Основная: Multistart SGD + Momentum + L2,2836,0.033081654929563824
Основная: Multistart SGD + Momentum + L2,2837,0.03303336756249611
Основная: Multistart SGD + Momentum + L2,2838,0.03289696632984339
Основная: Multistart SGD + Momentum + L2,2839,0.03270957517372635
Основная: Multistart SGD + Momentum + L2,2840,0.03255399160470332
Основная: Multistart SGD + Momentum + L2,2841,0.03242346037156673
Основная: Multistart SGD + Momentum + L2,2842,0.03230365274636473
Основная: Multistart SGD + Momentum + L2,2843,0.03217945830186531
Основная: Multistart SGD + Momentum + L2,2844,0.03207951987737075
Основная: Multistart SGD + Momentum + L2,2845,0.032024525029778386
Основная: Multistart SGD + Momentum + L2,2846,0.03193335879620763
Основная: Multistart SGD + Momentum + L2,2847,0.0318065983079449
Основная: Multistart SGD + Momentum + L2,2848,0.031734235093660294
Основная: Multistart SGD + Momentum + L2,2849,0.03165803560670902
Основная: Multistart SGD + Momentum + L2,2850,0.03154795217292595
Основная: Multistart SGD + Momentum + L2,2851,0.031467527863492405
Основная: Multistart SGD + Momentum + L2,2852,0.0313557500893897
Основная: Multistart SGD + Momentum + L2,2853,0.031216686609265635
Основная: Multistart SGD + Momentum + L2,2854,0.031109060774207952
Основная: Multistart SGD + Momentum + L2,2855,0.03103737153272374
Основная: Multistart SGD + Momentum + L2,2856,0.0309713239610378
Основная: Multistart SGD + Momentum + L2,2857,0.030881123896432553
Основная: Multistart SGD + Momentum + L2,2858,0.03078504521640001
Основная: Multistart SGD + Momentum + L2,2859,0.030657251164423246
Основная: Multistart SGD + Momentum + L2,2860,0.030490929636794343
Основная: Multistart SGD + Momentum + L2,2861,0.03037293676744427
Основная: Multistart SGD + Momentum + L2,2862,0.030297192770588236
Основная: Multistart SGD + Momentum + L2,2863,0.030207073804305786
Основная: Multistart SGD + Momentum + L2,2864,0.030116895147843433
Основная: Multistart SGD + Momentum + L2,2865,0.030023220383617814
Основная: Multistart SGD + Momentum + L2,2866,0.0299181328265503
Основная: Multistart SGD + Momentum + L2,2867,0.0298167970700302
Основная: Multistart SGD + Momentum + L2,2868,0.029742722743185183
Основная: Multistart SGD + Momentum + L2,2869,0.029671076890379615
Основная: Multistart SGD + Momentum + L2,2870,0.029606735522214128
Основная: Multistart SGD + Momentum + L2,2871,0.02956892131245327
Основная: Multistart SGD + Momentum + L2,2872,0.029542940736459515
Основная: Multistart SGD + Momentum + L2,2873,0.029519109673241617
Основная: Multistart SGD + Momentum + L2,2874,0.02950546167456964
Основная: Multistart SGD + Momentum + L2,2875,0.029486416526492615
Основная: Multistart SGD + Momentum + L2,2876,0.029467452552578186
Основная: Multistart SGD + Momentum + L2,2877,0.02945212365382135
Основная: Multistart SGD + Momentum + L2,2878,0.029443216857188176
Основная: Multistart SGD + Momentum + L2,2879,0.02944099346432121
Основная: Multistart SGD + Momentum + L2,2880,0.02944338226019739
Основная: Multistart SGD + Momentum + L2,2881,0.029447526360518395
Основная: Multistart SGD + Momentum + L2,2882,0.029452728714364322
Основная: Multistart SGD + Momentum + L2,2883,0.029458477940531275
Основная: Multistart SGD + Momentum + L2,2884,0.029463922987466206
Основная: Multistart SGD + Momentum + L2,2885,0.029478318719700313
Основная: Multistart SGD + Momentum + L2,2886,0.02947462205607012
Основная: Multistart SGD + Momentum + L2,2887,0.029477621686292286
Основная: Multistart SGD + Momentum + L2,2888,0.029482823483679373
Основная: Multistart SGD + Momentum + L2,2889,0.02948821278801826
Основная: Multistart SGD + Momentum + L2,2890,0.029492446374878786
Основная: Multistart SGD + Momentum + L2,2891,0.029498100186456842
Основная: Multistart SGD + Momentum + L2,2892,0.029503742342833334
Основная: Multistart SGD + Momentum + L2,2893,0.029506911932189964
Основная: Multistart SGD + Momentum + L2,2894,0.029523004280749894
Основная: Multistart SGD + Momentum + L2,2895,0.029536163797900767
Основная: Multistart SGD + Momentum + L2,2896,0.029547997899633555
Основная: Multistart SGD + Momentum + L2,2897,0.029559285694940193
Основная: Multistart SGD + Momentum + L2,2898,0.02956091171789277
Основная: Multistart SGD + Momentum + L2,2899,0.029564695004397068
Основная: Multistart SGD + Momentum + L2,2900,0.02957387731045832
Основная: Multistart SGD + Momentum + L2,2901,0.02958952282163072
Основная: Multistart SGD + Momentum + L2,2902,0.029607118840757052
Основная: Multistart SGD + Momentum + L2,2903,0.029628580844570748
Основная: Multistart SGD + Momentum + L2,2904,0.029669098955080454
Основная: Multistart SGD + Momentum + L2,2905,0.029711714905143256
Основная: Multistart SGD + Momentum + L2,2906,0.02974378862422792
Основная: Multistart SGD + Momentum + L2,2907,0.029759072251251923
Основная: Multistart SGD + Momentum + L2,2908,0.029757880186733855
Основная: Multistart SGD + Momentum + L2,2909,0.029772012726818047
Основная: Multistart SGD + Momentum + L2,2910,0.02981746683914015
Основная: Multistart SGD + Momentum + L2,2911,0.029870024976594738
Основная: Multistart SGD + Momentum + L2,2912,0.0299503848234546
Основная: Multistart SGD + Momentum + L2,2913,0.030032289688989213
Основная: Multistart SGD + Momentum + L2,2914,0.03010588285529333
Основная: Multistart SGD + Momentum + L2,2915,0.03022344270143413
Основная: Multistart SGD + Momentum + L2,2916,0.03030798457250634
Основная: Multistart SGD + Momentum + L2,2917,0.030397247002489386
Основная: Multistart SGD + Momentum + L2,2918,0.030467089694129763
Основная: Multistart SGD + Momentum + L2,2919,0.030533157494855
Основная: Multistart SGD + Momentum + L2,2920,0.030597574643774824
Основная: Multistart SGD + Momentum + L2,2921,0.03063480410110875
Основная: Multistart SGD + Momentum + L2,2922,0.030655790122970653
Основная: Multistart SGD + Momentum + L2,2923,0.030647513016451605
Основная: Multistart SGD + Momentum + L2,2924,0.030652296722809117
Основная: Multistart SGD + Momentum + L2,2925,0.030627628840870235
Основная: Multistart SGD + Momentum + L2,2926,0.030647222185295295
Основная: Multistart SGD + Momentum + L2,2927,0.030664942962972248
Основная: Multistart SGD + Momentum + L2,2928,0.030680133099343802
Основная: Multistart SGD + Momentum + L2,2929,0.03069587803739393
Основная: Multistart SGD + Momentum + L2,2930,0.030674797091655766
Основная: Multistart SGD + Momentum + L2,2931,0.030662460088978747
Основная: Multistart SGD + Momentum + L2,2932,0.03065322891599656
Основная: Multistart SGD + Momentum + L2,2933,0.030645548471276797
Основная: Multistart SGD + Momentum + L2,2934,0.030603904452818066
Основная: Multistart SGD + Momentum + L2,2935,0.030538901830531852
Основная: Multistart SGD + Momentum + L2,2936,0.030508218384592372
Основная: Multistart SGD + Momentum + L2,2937,0.030475382366060323
Основная: Multistart SGD + Momentum + L2,2938,0.03044575470648622
Основная: Multistart SGD + Momentum + L2,2939,0.030423700541265954
Основная: Multistart SGD + Momentum + L2,2940,0.030397733976284612
Основная: Multistart SGD + Momentum + L2,2941,0.030365387003202644
Основная: Multistart SGD + Momentum + L2,2942,0.03036895822423428
Основная: Multistart SGD + Momentum + L2,2943,0.030344050739800992
Основная: Multistart SGD + Momentum + L2,2944,0.03035999962197236
Основная: Multistart SGD + Momentum + L2,2945,0.030378753905418426
Основная: Multistart SGD + Momentum + L2,2946,0.030401456028385555
Основная: Multistart SGD + Momentum + L2,2947,0.030426443007192133
Основная: Multistart SGD + Momentum + L2,2948,0.03044516456922352
Основная: Multistart SGD + Momentum + L2,2949,0.030464971772541684
Основная: Multistart SGD + Momentum + L2,2950,0.03045246677778725
Основная: Multistart SGD + Momentum + L2,2951,0.03043567523977219
Основная: Multistart SGD + Momentum + L2,2952,0.030425210701267583
Основная: Multistart SGD + Momentum + L2,2953,0.030452035393976517
Основная: Multistart SGD + Momentum + L2,2954,0.0304949977759254
Основная: Multistart SGD + Momentum + L2,2955,0.030529100656555477
Основная: Multistart SGD + Momentum + L2,2956,0.030565261260086064
Основная: Multistart SGD + Momentum + L2,2957,0.0305819216616693
Основная: Multistart SGD + Momentum + L2,2958,0.03057951118657779
Основная: Multistart SGD + Momentum + L2,2959,0.030581949386236852
Основная: Multistart SGD + Momentum + L2,2960,0.030573774649924303
Основная: Multistart SGD + Momentum + L2,2961,0.03057056751798993
Основная: Multistart SGD + Momentum + L2,2962,0.03050038076702194
Основная: Multistart SGD + Momentum + L2,2963,0.03044439979359459
Основная: Multistart SGD + Momentum + L2,2964,0.03043506395737089
Основная: Multistart SGD + Momentum + L2,2965,0.03042850994773438
Основная: Multistart SGD + Momentum + L2,2966,0.03041662100403572
Основная: Multistart SGD + Momentum + L2,2967,0.030400617248857113
Основная: Multistart SGD + Momentum + L2,2968,0.03038734705828666
Основная: Multistart SGD + Momentum + L2,2969,0.03037759448771497
Основная: Multistart SGD + Momentum + L2,2970,0.030369373845391283
Основная: Multistart SGD + Momentum + L2,2971,0.03038448978404803
Основная: Multistart SGD + Momentum + L2,2972,0.030441603258043903
Основная: Multistart SGD + Momentum + L2,2973,0.030492913488362115
Основная: Multistart SGD + Momentum + L2,2974,0.03054115401029933
Основная: Multistart SGD + Momentum + L2,2975,0.030586475921746147
Основная: Multistart SGD + Momentum + L2,2976,0.030614439336792157
Основная: Multistart SGD + Momentum + L2,2977,0.03064696539371371
Основная: Multistart SGD + Momentum + L2,2978,0.030631601031419386
Основная: Multistart SGD + Momentum + L2,2979,0.0306537600442969
Основная: Multistart SGD + Momentum + L2,2980,0.030629570885047117
Основная: Multistart SGD + Momentum + L2,2981,0.03063813036541635
Основная: Multistart SGD + Momentum + L2,2982,0.030644068320895654
Основная: Multistart SGD + Momentum + L2,2983,0.03065027521938805
Основная: Multistart SGD + Momentum + L2,2984,0.030656418487282375
Основная: Multistart SGD + Momentum + L2,2985,0.03065533651422708
Основная: Multistart SGD + Momentum + L2,2986,0.030653735796821978
Основная: Multistart SGD + Momentum + L2,2987,0.030638607428083567
Основная: Multistart SGD + Momentum + L2,2988,0.03062107852505322
Основная: Multistart SGD + Momentum + L2,2989,0.03060487753283845
Основная: Multistart SGD + Momentum + L2,2990,0.030597023641879613
Основная: Multistart SGD + Momentum + L2,2991,0.030617157579211345
Основная: Multistart SGD + Momentum + L2,2992,0.030631348996640873
Основная: Multistart SGD + Momentum + L2,2993,0.03061443858408276
Основная: Multistart SGD + Momentum + L2,2994,0.030600949113879682
Основная: Multistart SGD + Momentum + L2,2995,0.030590082070402733
Основная: Multistart SGD + Momentum + L2,2996,0.03056676897355579
Основная: Multistart SGD + Momentum + L2,2997,0.030546639502895472
Основная: Multistart SGD + Momentum + L2,2998,0.030525280092845893
Основная: Multistart SGD + Momentum + L2,2999,0.03049960371189823
Основная: Multistart SGD + Momentum + L2,3000,0.030459770701457185
Основная: Multistart SGD + Momentum + L2,3001,0.030423526163635133
Основная: Multistart SGD + Momentum + L2,3002,0.03039152581221499
Основная: Multistart SGD + Momentum + L2,3003,0.030355163556590927
Основная: Multistart SGD + Momentum + L2,3004,0.030306682546933188
Основная: Multistart SGD + Momentum + L2,3005,0.030271242422759696
Основная: Multistart SGD + Momentum + L2,3006,0.030241316728452466
Основная: Multistart SGD + Momentum + L2,3007,0.030215105507212264
Основная: Multistart SGD + Momentum + L2,3008,0.03019168573510718
Основная: Multistart SGD + Momentum + L2,3009,0.03017079355723678
Основная: Multistart SGD + Momentum + L2,3010,0.030152951315371157
Основная: Multistart SGD + Momentum + L2,3011,0.030137847882027904
Основная: Multistart SGD + Momentum + L2,3012,0.03016835307140475
Основная: Multistart SGD + Momentum + L2,3013,0.03023006493928476
Основная: Multistart SGD + Momentum + L2,3014,0.030296057077652226
Основная: Multistart SGD + Momentum + L2,3015,0.030366583003080774
Основная: Multistart SGD + Momentum + L2,3016,0.03041014340941844
Основная: Multistart SGD + Momentum + L2,3017,0.030459279390198102
Основная: Multistart SGD + Momentum + L2,3018,0.030488972678730335
Основная: Multistart SGD + Momentum + L2,3019,0.030518874880235428
Основная: Multistart SGD + Momentum + L2,3020,0.03051522437622969
Основная: Multistart SGD + Momentum + L2,3021,0.030518221572969108
Основная: Multistart SGD + Momentum + L2,3022,0.03051704981640498
Основная: Multistart SGD + Momentum + L2,3023,0.030561998316386233
Основная: Multistart SGD + Momentum + L2,3024,0.030575650346722348
Основная: Multistart SGD + Momentum + L2,3025,0.03057879680572051
Основная: Multistart SGD + Momentum + L2,3026,0.03059488058425476
Основная: Multistart SGD + Momentum + L2,3027,0.030504660442412453
Основная: Multistart SGD + Momentum + L2,3028,0.03034456897605712
Основная: Multistart SGD + Momentum + L2,3029,0.030215683339584565
Основная: Multistart SGD + Momentum + L2,3030,0.030089250262547267
Основная: Multistart SGD + Momentum + L2,3031,0.029975539495713036
Основная: Multistart SGD + Momentum + L2,3032,0.029884983751945194
Основная: Multistart SGD + Momentum + L2,3033,0.029808117155401916
Основная: Multistart SGD + Momentum + L2,3034,0.02975507554735939
Основная: Multistart SGD + Momentum + L2,3035,0.02971717779634618
Основная: Multistart SGD + Momentum + L2,3036,0.029691264251286903
Основная: Multistart SGD + Momentum + L2,3037,0.029670683992440217
Основная: Multistart SGD + Momentum + L2,3038,0.02964528694638577
Основная: Multistart SGD + Momentum + L2,3039,0.02962273371044058
Основная: Multistart SGD + Momentum + L2,3040,0.029604695818919325
Основная: Multistart SGD + Momentum + L2,3041,0.02959186764743493
Основная: Multistart SGD + Momentum + L2,3042,0.029582886693565704
Основная: Multistart SGD + Momentum + L2,3043,0.02957076599094525
Основная: Multistart SGD + Momentum + L2,3044,0.02955833013901403
Основная: Multistart SGD + Momentum + L2,3045,0.029545128085918835
Основная: Multistart SGD + Momentum + L2,3046,0.02953392141908727
Основная: Multistart SGD + Momentum + L2,3047,0.029526944269179026
Основная: Multistart SGD + Momentum + L2,3048,0.029517408263341562
Основная: Multistart SGD + Momentum + L2,3049,0.029510366999480304
Основная: Multistart SGD + Momentum + L2,3050,0.02950422907178448
Основная: Multistart SGD + Momentum + L2,3051,0.029499216268849233
Основная: Multistart SGD + Momentum + L2,3052,0.02950209645993104
Основная: Multistart SGD + Momentum + L2,3053,0.02949531773571916
Основная: Multistart SGD + Momentum + L2,3054,0.029522809468835544
Основная: Multistart SGD + Momentum + L2,3055,0.029572081044074508
Основная: Multistart SGD + Momentum + L2,3056,0.02962001970070398
Основная: Multistart SGD + Momentum + L2,3057,0.02965889605994795
Основная: Multistart SGD + Momentum + L2,3058,0.029688890344963324
Основная: Multistart SGD + Momentum + L2,3059,0.029704344345421255
Основная: Multistart SGD + Momentum + L2,3060,0.029743028047705355
Основная: Multistart SGD + Momentum + L2,3061,0.029770482962954363
Основная: Multistart SGD + Momentum + L2,3062,0.02978712164174742
Основная: Multistart SGD + Momentum + L2,3063,0.0297915433835535
Основная: Multistart SGD + Momentum + L2,3064,0.02983676491841446
Основная: Multistart SGD + Momentum + L2,3065,0.0298605597637703
Основная: Multistart SGD + Momentum + L2,3066,0.029871903389874117
Основная: Multistart SGD + Momentum + L2,3067,0.029861517782277098
Основная: Multistart SGD + Momentum + L2,3068,0.02984431297602244
Основная: Multistart SGD + Momentum + L2,3069,0.029821964830833478
Основная: Multistart SGD + Momentum + L2,3070,0.029813322852842744
Основная: Multistart SGD + Momentum + L2,3071,0.029827223086714195
Основная: Multistart SGD + Momentum + L2,3072,0.02982653206943732
Основная: Multistart SGD + Momentum + L2,3073,0.029824568894707373
Основная: Multistart SGD + Momentum + L2,3074,0.029845438386126317
Основная: Multistart SGD + Momentum + L2,3075,0.029872286902874707
Основная: Multistart SGD + Momentum + L2,3076,0.029869063211280876
Основная: Multistart SGD + Momentum + L2,3077,0.02984949863810541
Основная: Multistart SGD + Momentum + L2,3078,0.029783448661375122
Основная: Multistart SGD + Momentum + L2,3079,0.029719538685926687
Основная: Multistart SGD + Momentum + L2,3080,0.02967022611510667
Основная: Multistart SGD + Momentum + L2,3081,0.02965517909825525
Основная: Multistart SGD + Momentum + L2,3082,0.029640114947783833
Основная: Multistart SGD + Momentum + L2,3083,0.029630336980868668
Основная: Multistart SGD + Momentum + L2,3084,0.029589855313940212
Основная: Multistart SGD + Momentum + L2,3085,0.02955131484328968
Основная: Multistart SGD + Momentum + L2,3086,0.02951410611560452
Основная: Multistart SGD + Momentum + L2,3087,0.029491101931335088
Основная: Multistart SGD + Momentum + L2,3088,0.02947103854698892
Основная: Multistart SGD + Momentum + L2,3089,0.02944385595874577
Основная: Multistart SGD + Momentum + L2,3090,0.029413806460100906
Основная: Multistart SGD + Momentum + L2,3091,0.029394697981348136
Основная: Multistart SGD + Momentum + L2,3092,0.029385305086409606
Основная: Multistart SGD + Momentum + L2,3093,0.02937931360262074
Основная: Multistart SGD + Momentum + L2,3094,0.029375586942793384
Основная: Multistart SGD + Momentum + L2,3095,0.029375824431558242
Основная: Multistart SGD + Momentum + L2,3096,0.029379005540293043
Основная: Multistart SGD + Momentum + L2,3097,0.029382070232565193
Основная: Multistart SGD + Momentum + L2,3098,0.029391854247735785
Основная: Multistart SGD + Momentum + L2,3099,0.02941220119135372
Основная: Multistart SGD + Momentum + L2,3100,0.029435965720210018
Основная: Multistart SGD + Momentum + L2,3101,0.029470405887815573
Основная: Multistart SGD + Momentum + L2,3102,0.02950943967931437
Основная: Multistart SGD + Momentum + L2,3103,0.02956164168448819
Основная: Multistart SGD + Momentum + L2,3104,0.02958976095147573
Основная: Multistart SGD + Momentum + L2,3105,0.029633315349862795
Основная: Multistart SGD + Momentum + L2,3106,0.02965408001622906
Основная: Multistart SGD + Momentum + L2,3107,0.029707685595977446
Основная: Multistart SGD + Momentum + L2,3108,0.029772818361090046
Основная: Multistart SGD + Momentum + L2,3109,0.029834929789196326
Основная: Multistart SGD + Momentum + L2,3110,0.02990774707060985
Основная: Multistart SGD + Momentum + L2,3111,0.029997432613367472
Основная: Multistart SGD + Momentum + L2,3112,0.030102762847835435
Основная: Multistart SGD + Momentum + L2,3113,0.03024510325425903
Основная: Multistart SGD + Momentum + L2,3114,0.030435853966779402
Основная: Multistart SGD + Momentum + L2,3115,0.03062676797625109
Основная: Multistart SGD + Momentum + L2,3116,0.0308351077265365
Основная: Multistart SGD + Momentum + L2,3117,0.03103507446835709
Основная: Multistart SGD + Momentum + L2,3118,0.03128012534002255
Основная: Multistart SGD + Momentum + L2,3119,0.03151099103336908
Основная: Multistart SGD + Momentum + L2,3120,0.031707291066802874
Основная: Multistart SGD + Momentum + L2,3121,0.031873306804024754
Основная: Multistart SGD + Momentum + L2,3122,0.03210385657238877
Основная: Multistart SGD + Momentum + L2,3123,0.032299332323019764
Основная: Multistart SGD + Momentum + L2,3124,0.03251416653567453
Основная: Multistart SGD + Momentum + L2,3125,0.032728517411293165
Основная: Multistart SGD + Momentum + L2,3126,0.03286171354074974
Основная: Multistart SGD + Momentum + L2,3127,0.033001788996641655
Основная: Multistart SGD + Momentum + L2,3128,0.03309472393030447
Основная: Multistart SGD + Momentum + L2,3129,0.03321365034321018
Основная: Multistart SGD + Momentum + L2,3130,0.0333753137060006
Основная: Multistart SGD + Momentum + L2,3131,0.03351650022229962
Основная: Multistart SGD + Momentum + L2,3132,0.033584524741824065
Основная: Multistart SGD + Momentum + L2,3133,0.03364022587393038
Основная: Multistart SGD + Momentum + L2,3134,0.03371329139048402
Основная: Multistart SGD + Momentum + L2,3135,0.033741847081590545
Основная: Multistart SGD + Momentum + L2,3136,0.033747736239562225
Основная: Multistart SGD + Momentum + L2,3137,0.033823747892124854
Основная: Multistart SGD + Momentum + L2,3138,0.03392031265904102
Основная: Multistart SGD + Momentum + L2,3139,0.03375147044796842
Основная: Multistart SGD + Momentum + L2,3140,0.03362125266009405
Основная: Multistart SGD + Momentum + L2,3141,0.03352457835731128
Основная: Multistart SGD + Momentum + L2,3142,0.03341329512020411
Основная: Multistart SGD + Momentum + L2,3143,0.033316469998348794
Основная: Multistart SGD + Momentum + L2,3144,0.03327622269194613
Основная: Multistart SGD + Momentum + L2,3145,0.03329571836551165
Основная: Multistart SGD + Momentum + L2,3146,0.03314955975785002
Основная: Multistart SGD + Momentum + L2,3147,0.03293975290275162
Основная: Multistart SGD + Momentum + L2,3148,0.032786048619883705
Основная: Multistart SGD + Momentum + L2,3149,0.03266023956568069
Основная: Multistart SGD + Momentum + L2,3150,0.032473974485853666
Основная: Multistart SGD + Momentum + L2,3151,0.032341418486520696
Основная: Multistart SGD + Momentum + L2,3152,0.032182553852296986
Основная: Multistart SGD + Momentum + L2,3153,0.03204308278989925
Основная: Multistart SGD + Momentum + L2,3154,0.031933055169192856
Основная: Multistart SGD + Momentum + L2,3155,0.03165128127228289
Основная: Multistart SGD + Momentum + L2,3156,0.03136255259937049
Основная: Multistart SGD + Momentum + L2,3157,0.031058068641781338
Основная: Multistart SGD + Momentum + L2,3158,0.030876318281488638
Основная: Multistart SGD + Momentum + L2,3159,0.030691322915529846
Основная: Multistart SGD + Momentum + L2,3160,0.030491921482858397
Основная: Multistart SGD + Momentum + L2,3161,0.030357116115291696
Основная: Multistart SGD + Momentum + L2,3162,0.030260789404629385
Основная: Multistart SGD + Momentum + L2,3163,0.030163663269596838
Основная: Multistart SGD + Momentum + L2,3164,0.030070705860965
Основная: Multistart SGD + Momentum + L2,3165,0.029946726974132493
Основная: Multistart SGD + Momentum + L2,3166,0.029829026363409665
Основная: Multistart SGD + Momentum + L2,3167,0.02969231108597324
Основная: Multistart SGD + Momentum + L2,3168,0.029612526151443396
Основная: Multistart SGD + Momentum + L2,3169,0.02953907671608147
Основная: Multistart SGD + Momentum + L2,3170,0.02949417265479501
Основная: Multistart SGD + Momentum + L2,3171,0.029468803046635322
Основная: Multistart SGD + Momentum + L2,3172,0.029461347614920485
Основная: Multistart SGD + Momentum + L2,3173,0.029461247421388632
Основная: Multistart SGD + Momentum + L2,3174,0.029460517515456468
Основная: Multistart SGD + Momentum + L2,3175,0.02946252457136789
Основная: Multistart SGD + Momentum + L2,3176,0.029461457597140864
Основная: Multistart SGD + Momentum + L2,3177,0.029454747438431524
Основная: Multistart SGD + Momentum + L2,3178,0.029446105879491393
Основная: Multistart SGD + Momentum + L2,3179,0.029436576313592266
Основная: Multistart SGD + Momentum + L2,3180,0.02943622105413016
Основная: Multistart SGD + Momentum + L2,3181,0.029439599325733326
Основная: Multistart SGD + Momentum + L2,3182,0.029442021025417958
Основная: Multistart SGD + Momentum + L2,3183,0.029442156363417866
Основная: Multistart SGD + Momentum + L2,3184,0.029443116636301777
Основная: Multistart SGD + Momentum + L2,3185,0.029446783365867316
Основная: Multistart SGD + Momentum + L2,3186,0.029448549715794758
Основная: Multistart SGD + Momentum + L2,3187,0.02945827206427195
Основная: Multistart SGD + Momentum + L2,3188,0.02947070881659807
Основная: Multistart SGD + Momentum + L2,3189,0.029484440051880157
Основная: Multistart SGD + Momentum + L2,3190,0.02948558922420465
Основная: Multistart SGD + Momentum + L2,3191,0.02948251153484903
Основная: Multistart SGD + Momentum + L2,3192,0.029520494116636504
Основная: Multistart SGD + Momentum + L2,3193,0.029564088678985037
Основная: Multistart SGD + Momentum + L2,3194,0.02960332335362219
Основная: Multistart SGD + Momentum + L2,3195,0.029636420776095965
Основная: Multistart SGD + Momentum + L2,3196,0.02964930292948824
Основная: Multistart SGD + Momentum + L2,3197,0.029653701467474074
Основная: Multistart SGD + Momentum + L2,3198,0.029649010251482727
Основная: Multistart SGD + Momentum + L2,3199,0.029638336793426107
Основная: Multistart SGD + Momentum + L2,3200,0.029621492875919225
Основная: Multistart SGD + Momentum + L2,3201,0.029596384042994736
Основная: Multistart SGD + Momentum + L2,3202,0.029595137580730985
Основная: Multistart SGD + Momentum + L2,3203,0.029587738630689215
Основная: Multistart SGD + Momentum + L2,3204,0.029575612080085606
Основная: Multistart SGD + Momentum + L2,3205,0.029557078358778556
Основная: Multistart SGD + Momentum + L2,3206,0.02954262686758011
Основная: Multistart SGD + Momentum + L2,3207,0.02951564863327441
Основная: Multistart SGD + Momentum + L2,3208,0.029493152357360344
Основная: Multistart SGD + Momentum + L2,3209,0.029487573183275727
Основная: Multistart SGD + Momentum + L2,3210,0.02950291963097067
Основная: Multistart SGD + Momentum + L2,3211,0.029504957654086596
Основная: Multistart SGD + Momentum + L2,3212,0.029498785915048155
Основная: Multistart SGD + Momentum + L2,3213,0.029495057510529252
Основная: Multistart SGD + Momentum + L2,3214,0.029507140902608416
Основная: Multistart SGD + Momentum + L2,3215,0.029520239806569763
Основная: Multistart SGD + Momentum + L2,3216,0.029536646662987154
Основная: Multistart SGD + Momentum + L2,3217,0.029536718534403796
Основная: Multistart SGD + Momentum + L2,3218,0.02953509443946249
Основная: Multistart SGD + Momentum + L2,3219,0.02953238801771859
Основная: Multistart SGD + Momentum + L2,3220,0.02953131110048266
Основная: Multistart SGD + Momentum + L2,3221,0.029536660321685195
Основная: Multistart SGD + Momentum + L2,3222,0.02955036364821806
Основная: Multistart SGD + Momentum + L2,3223,0.029554580472942633
Основная: Multistart SGD + Momentum + L2,3224,0.029561143305485933
Основная: Multistart SGD + Momentum + L2,3225,0.02955259951637872
Основная: Multistart SGD + Momentum + L2,3226,0.029540741827377013
Основная: Multistart SGD + Momentum + L2,3227,0.029549656256599062
Основная: Multistart SGD + Momentum + L2,3228,0.029558726853030293
Основная: Multistart SGD + Momentum + L2,3229,0.02955547393126768
Основная: Multistart SGD + Momentum + L2,3230,0.02957139924459877
Основная: Multistart SGD + Momentum + L2,3231,0.02958157495038777
Основная: Multistart SGD + Momentum + L2,3232,0.029592013932781568
Основная: Multistart SGD + Momentum + L2,3233,0.029586468940354025
Основная: Multistart SGD + Momentum + L2,3234,0.029588996003354254
Основная: Multistart SGD + Momentum + L2,3235,0.029577968985422413
Основная: Multistart SGD + Momentum + L2,3236,0.029582093809500082
Основная: Multistart SGD + Momentum + L2,3237,0.02959223178758018
Основная: Multistart SGD + Momentum + L2,3238,0.029616451954817425
Основная: Multistart SGD + Momentum + L2,3239,0.029629619990774715
Основная: Multistart SGD + Momentum + L2,3240,0.029633707723648782
Основная: Multistart SGD + Momentum + L2,3241,0.02963021633798559
Основная: Multistart SGD + Momentum + L2,3242,0.029615856230954054
Основная: Multistart SGD + Momentum + L2,3243,0.02959589336076163
Основная: Multistart SGD + Momentum + L2,3244,0.029603361369733936
Основная: Multistart SGD + Momentum + L2,3245,0.029612007069720843
Основная: Multistart SGD + Momentum + L2,3246,0.029605106208884426
Основная: Multistart SGD + Momentum + L2,3247,0.0295929537725064
Основная: Multistart SGD + Momentum + L2,3248,0.02960965304615191
Основная: Multistart SGD + Momentum + L2,3249,0.02961844976951155
Основная: Multistart SGD + Momentum + L2,3250,0.02961902187178099
Основная: Multistart SGD + Momentum + L2,3251,0.029628847418413852
Основная: Multistart SGD + Momentum + L2,3252,0.029639259226306905
Основная: Multistart SGD + Momentum + L2,3253,0.02964165530649222
Основная: Multistart SGD + Momentum + L2,3254,0.02962298822273785
Основная: Multistart SGD + Momentum + L2,3255,0.029603667065213952
Основная: Multistart SGD + Momentum + L2,3256,0.029597214855967908
Основная: Multistart SGD + Momentum + L2,3257,0.029591053709610425
Основная: Multistart SGD + Momentum + L2,3258,0.02958148018645326
Основная: Multistart SGD + Momentum + L2,3259,0.029560830030302125
Основная: Multistart SGD + Momentum + L2,3260,0.029533633771483277
Основная: Multistart SGD + Momentum + L2,3261,0.02951275612484685
Основная: Multistart SGD + Momentum + L2,3262,0.02950929420211687
Основная: Multistart SGD + Momentum + L2,3263,0.029520777780300808
Основная: Multistart SGD + Momentum + L2,3264,0.029545760053251383
Основная: Multistart SGD + Momentum + L2,3265,0.029583161778903803
Основная: Multistart SGD + Momentum + L2,3266,0.029642975580972765
Основная: Multistart SGD + Momentum + L2,3267,0.029728078942547507
Основная: Multistart SGD + Momentum + L2,3268,0.029845562848685003
Основная: Multistart SGD + Momentum + L2,3269,0.029983332820459136
Основная: Multistart SGD + Momentum + L2,3270,0.030128165563063296
Основная: Multistart SGD + Momentum + L2,3271,0.030300673999390525
Основная: Multistart SGD + Momentum + L2,3272,0.03048497447360349
Основная: Multistart SGD + Momentum + L2,3273,0.03066514885048921
Основная: Multistart SGD + Momentum + L2,3274,0.030872111617491746
Основная: Multistart SGD + Momentum + L2,3275,0.03109172281211192
Основная: Multistart SGD + Momentum + L2,3276,0.03125633241924532
Основная: Multistart SGD + Momentum + L2,3277,0.03135287679642828
Основная: Multistart SGD + Momentum + L2,3278,0.031384971045491795
Основная: Multistart SGD + Momentum + L2,3279,0.03143940059529874
Основная: Multistart SGD + Momentum + L2,3280,0.03150638861028312
Основная: Multistart SGD + Momentum + L2,3281,0.031546522244181016
Основная: Multistart SGD + Momentum + L2,3282,0.031588081897624694
Основная: Multistart SGD + Momentum + L2,3283,0.031679264745782594
Основная: Multistart SGD + Momentum + L2,3284,0.031829359190321385
Основная: Multistart SGD + Momentum + L2,3285,0.031998607066136095
Основная: Multistart SGD + Momentum + L2,3286,0.03217832959408554
Основная: Multistart SGD + Momentum + L2,3287,0.03233210480386376
Основная: Multistart SGD + Momentum + L2,3288,0.03256940828483225
Основная: Multistart SGD + Momentum + L2,3289,0.03272424488066083
Основная: Multistart SGD + Momentum + L2,3290,0.03291983527312433
Основная: Multistart SGD + Momentum + L2,3291,0.03307947723509192
Основная: Multistart SGD + Momentum + L2,3292,0.03319615739880892
Основная: Multistart SGD + Momentum + L2,3293,0.033339865966637475
Основная: Multistart SGD + Momentum + L2,3294,0.033519758065823295
Основная: Multistart SGD + Momentum + L2,3295,0.033699845140962116
Основная: Multistart SGD + Momentum + L2,3296,0.03346216760926474
Основная: Multistart SGD + Momentum + L2,3297,0.033172486786775
Основная: Multistart SGD + Momentum + L2,3298,0.03282324819789462
Основная: Multistart SGD + Momentum + L2,3299,0.03254255278899235
Основная: Multistart SGD + Momentum + L2,3300,0.03219846058954648
Основная: Multistart SGD + Momentum + L2,3301,0.03186645279868249
Основная: Multistart SGD + Momentum + L2,3302,0.03162079681084818
Основная: Multistart SGD + Momentum + L2,3303,0.031391352513139785
Основная: Multistart SGD + Momentum + L2,3304,0.03113924649315922
Основная: Multistart SGD + Momentum + L2,3305,0.03095531503629787
Основная: Multistart SGD + Momentum + L2,3306,0.030845499574461626
Основная: Multistart SGD + Momentum + L2,3307,0.030764066726205644
Основная: Multistart SGD + Momentum + L2,3308,0.030706942359160744
Основная: Multistart SGD + Momentum + L2,3309,0.030554781735548184
Основная: Multistart SGD + Momentum + L2,3310,0.03048235366550824
Основная: Multistart SGD + Momentum + L2,3311,0.03042624293542196
Основная: Multistart SGD + Momentum + L2,3312,0.030363214535120284
Основная: Multistart SGD + Momentum + L2,3313,0.030353554676003047
Основная: Multistart SGD + Momentum + L2,3314,0.03035063136979437
Основная: Multistart SGD + Momentum + L2,3315,0.030241965762809662
Основная: Multistart SGD + Momentum + L2,3316,0.030144509100876245
Основная: Multistart SGD + Momentum + L2,3317,0.030037909446053113
Основная: Multistart SGD + Momentum + L2,3318,0.029953707886574612
Основная: Multistart SGD + Momentum + L2,3319,0.02989371537242081
Основная: Multistart SGD + Momentum + L2,3320,0.029841243449949716
Основная: Multistart SGD + Momentum + L2,3321,0.02979003024362154
Основная: Multistart SGD + Momentum + L2,3322,0.029756766646138768
Основная: Multistart SGD + Momentum + L2,3323,0.02974812576712942
Основная: Multistart SGD + Momentum + L2,3324,0.029755772639313196
Основная: Multistart SGD + Momentum + L2,3325,0.02977156273825192
Основная: Multistart SGD + Momentum + L2,3326,0.02979437420283085
Основная: Multistart SGD + Momentum + L2,3327,0.029825136717243163
Основная: Multistart SGD + Momentum + L2,3328,0.0298333702208954
Основная: Multistart SGD + Momentum + L2,3329,0.029838509773133425
Основная: Multistart SGD + Momentum + L2,3330,0.029849524690665968
Основная: Multistart SGD + Momentum + L2,3331,0.029875921739627553
Основная: Multistart SGD + Momentum + L2,3332,0.029897521241417344
Основная: Multistart SGD + Momentum + L2,3333,0.02992416459475714
Основная: Multistart SGD + Momentum + L2,3334,0.029970281918746046
Основная: Multistart SGD + Momentum + L2,3335,0.030045699623851462
Основная: Multistart SGD + Momentum + L2,3336,0.030148869295542884
Основная: Multistart SGD + Momentum + L2,3337,0.030262392014768356
Основная: Multistart SGD + Momentum + L2,3338,0.030332041717286116
Основная: Multistart SGD + Momentum + L2,3339,0.0303842816494874
Основная: Multistart SGD + Momentum + L2,3340,0.03045395617793904
Основная: Multistart SGD + Momentum + L2,3341,0.03043771917153859
Основная: Multistart SGD + Momentum + L2,3342,0.030318134196554287
Основная: Multistart SGD + Momentum + L2,3343,0.0302276441482743
Основная: Multistart SGD + Momentum + L2,3344,0.030192446566262493
Основная: Multistart SGD + Momentum + L2,3345,0.030198609100251166
Основная: Multistart SGD + Momentum + L2,3346,0.03021587439552438
Основная: Multistart SGD + Momentum + L2,3347,0.030268743649306616
Основная: Multistart SGD + Momentum + L2,3348,0.030339738963621764
Основная: Multistart SGD + Momentum + L2,3349,0.030444248334367357
Основная: Multistart SGD + Momentum + L2,3350,0.0305510261026666
Основная: Multistart SGD + Momentum + L2,3351,0.030633922023167438
Основная: Multistart SGD + Momentum + L2,3352,0.030724658606117276
Основная: Multistart SGD + Momentum + L2,3353,0.030808542192315012
Основная: Multistart SGD + Momentum + L2,3354,0.030777339616328094
Основная: Multistart SGD + Momentum + L2,3355,0.0307171716298538
Основная: Multistart SGD + Momentum + L2,3356,0.03067359508341539
Основная: Multistart SGD + Momentum + L2,3357,0.030658715555890767
Основная: Multistart SGD + Momentum + L2,3358,0.03065341196408251
Основная: Multistart SGD + Momentum + L2,3359,0.030692601100313778
Основная: Multistart SGD + Momentum + L2,3360,0.03069318752885304
Основная: Multistart SGD + Momentum + L2,3361,0.030683452235487872
Основная: Multistart SGD + Momentum + L2,3362,0.030714896359242207
Основная: Multistart SGD + Momentum + L2,3363,0.03070388970676385
Основная: Multistart SGD + Momentum + L2,3364,0.0306634765195057
Основная: Multistart SGD + Momentum + L2,3365,0.03067948029213404
Основная: Multistart SGD + Momentum + L2,3366,0.030711405438829425
Основная: Multistart SGD + Momentum + L2,3367,0.03080704311970522
Основная: Multistart SGD + Momentum + L2,3368,0.030914252108454856
Основная: Multistart SGD + Momentum + L2,3369,0.030895308054269658
Основная: Multistart SGD + Momentum + L2,3370,0.030814107262436434
Основная: Multistart SGD + Momentum + L2,3371,0.030754328942378367
Основная: Multistart SGD + Momentum + L2,3372,0.030693764974154276
Основная: Multistart SGD + Momentum + L2,3373,0.030664933074576694
Основная: Multistart SGD + Momentum + L2,3374,0.03063392180092889
Основная: Multistart SGD + Momentum + L2,3375,0.03061757252973497
Основная: Multistart SGD + Momentum + L2,3376,0.03061104038524184
Основная: Multistart SGD + Momentum + L2,3377,0.03062596390093478
Основная: Multistart SGD + Momentum + L2,3378,0.030600165602190286
Основная: Multistart SGD + Momentum + L2,3379,0.030545368891006088
Основная: Multistart SGD + Momentum + L2,3380,0.03053166287984154
Основная: Multistart SGD + Momentum + L2,3381,0.030524189928297484
Основная: Multistart SGD + Momentum + L2,3382,0.030587056552281933
Основная: Multistart SGD + Momentum + L2,3383,0.03066620534898062
Основная: Multistart SGD + Momentum + L2,3384,0.03078666177339497
Основная: Multistart SGD + Momentum + L2,3385,0.03081953812129808
Основная: Multistart SGD + Momentum + L2,3386,0.030859687662425143
Основная: Multistart SGD + Momentum + L2,3387,0.030957406736011096
Основная: Multistart SGD + Momentum + L2,3388,0.031068132540802935
Основная: Multistart SGD + Momentum + L2,3389,0.031191333016616803
Основная: Multistart SGD + Momentum + L2,3390,0.03127864542639961
Основная: Multistart SGD + Momentum + L2,3391,0.03134772503276518
Основная: Multistart SGD + Momentum + L2,3392,0.03141695173572495
Основная: Multistart SGD + Momentum + L2,3393,0.03143609490943448
Основная: Multistart SGD + Momentum + L2,3394,0.03139627375590234
Основная: Multistart SGD + Momentum + L2,3395,0.03131052960788075
Основная: Multistart SGD + Momentum + L2,3396,0.031228664644652716
Основная: Multistart SGD + Momentum + L2,3397,0.031023112535275045
Основная: Multistart SGD + Momentum + L2,3398,0.030890674505338257
Основная: Multistart SGD + Momentum + L2,3399,0.030789503000960755
Основная: Multistart SGD + Momentum + L2,3400,0.030712065862695852
Основная: Multistart SGD + Momentum + L2,3401,0.03067974975396378
Основная: Multistart SGD + Momentum + L2,3402,0.03065088220296971
Основная: Multistart SGD + Momentum + L2,3403,0.03066261697665614
Основная: Multistart SGD + Momentum + L2,3404,0.030601838997237184
Основная: Multistart SGD + Momentum + L2,3405,0.030553710043802904
Основная: Multistart SGD + Momentum + L2,3406,0.03050032840371044
Основная: Multistart SGD + Momentum + L2,3407,0.03043968826307991
Основная: Multistart SGD + Momentum + L2,3408,0.03039621323250477
Основная: Multistart SGD + Momentum + L2,3409,0.03036289222389595
Основная: Multistart SGD + Momentum + L2,3410,0.030335814276056593
Основная: Multistart SGD + Momentum + L2,3411,0.030345039561068272
Основная: Multistart SGD + Momentum + L2,3412,0.030343150643024234
Основная: Multistart SGD + Momentum + L2,3413,0.03033221553973452
Основная: Multistart SGD + Momentum + L2,3414,0.030322319414325952
Основная: Multistart SGD + Momentum + L2,3415,0.030310934168468074
Основная: Multistart SGD + Momentum + L2,3416,0.030301432878745732
Основная: Multistart SGD + Momentum + L2,3417,0.030234924054534228
Основная: Multistart SGD + Momentum + L2,3418,0.030179501163973492
Основная: Multistart SGD + Momentum + L2,3419,0.030123914572388794
Основная: Multistart SGD + Momentum + L2,3420,0.030091288697916756
Основная: Multistart SGD + Momentum + L2,3421,0.030069494370888947
Основная: Multistart SGD + Momentum + L2,3422,0.030059711360508126
Основная: Multistart SGD + Momentum + L2,3423,0.03005282479775104
Основная: Multistart SGD + Momentum + L2,3424,0.030043427670848215
Основная: Multistart SGD + Momentum + L2,3425,0.03004541238490516
Основная: Multistart SGD + Momentum + L2,3426,0.030045617361554172
Основная: Multistart SGD + Momentum + L2,3427,0.030040322817033314
Основная: Multistart SGD + Momentum + L2,3428,0.030036296119625213
Основная: Multistart SGD + Momentum + L2,3429,0.03004469388687755
Основная: Multistart SGD + Momentum + L2,3430,0.03006767527296477
Основная: Multistart SGD + Momentum + L2,3431,0.030092090497927867
Основная: Multistart SGD + Momentum + L2,3432,0.03012001807435235
Основная: Multistart SGD + Momentum + L2,3433,0.030154750756923296
Основная: Multistart SGD + Momentum + L2,3434,0.03018595899523837
Основная: Multistart SGD + Momentum + L2,3435,0.030199856950446784
Основная: Multistart SGD + Momentum + L2,3436,0.030216393738037046
Основная: Multistart SGD + Momentum + L2,3437,0.030231408021458146
Основная: Multistart SGD + Momentum + L2,3438,0.030248448195428868
Основная: Multistart SGD + Momentum + L2,3439,0.030259153741814638
Основная: Multistart SGD + Momentum + L2,3440,0.030258309008459966
Основная: Multistart SGD + Momentum + L2,3441,0.03025580857866667
Основная: Multistart SGD + Momentum + L2,3442,0.030246521651037674
Основная: Multistart SGD + Momentum + L2,3443,0.030240637482551833
Основная: Multistart SGD + Momentum + L2,3444,0.030234106401973423
Основная: Multistart SGD + Momentum + L2,3445,0.030228657331558852
Основная: Multistart SGD + Momentum + L2,3446,0.0302217155220366
Основная: Multistart SGD + Momentum + L2,3447,0.030212958738466297
Основная: Multistart SGD + Momentum + L2,3448,0.03019481116589166
Основная: Multistart SGD + Momentum + L2,3449,0.030190192515888534
Основная: Multistart SGD + Momentum + L2,3450,0.030187731009656438
Основная: Multistart SGD + Momentum + L2,3451,0.030180021864694564
Основная: Multistart SGD + Momentum + L2,3452,0.030179466018222075
Основная: Multistart SGD + Momentum + L2,3453,0.03021096995775965
Основная: Multistart SGD + Momentum + L2,3454,0.03022215547344304
Основная: Multistart SGD + Momentum + L2,3455,0.03021997623903151
Основная: Multistart SGD + Momentum + L2,3456,0.03021947542764613
Основная: Multistart SGD + Momentum + L2,3457,0.03021589071293976
Основная: Multistart SGD + Momentum + L2,3458,0.03023179153379069
Основная: Multistart SGD + Momentum + L2,3459,0.030249421363744224
Основная: Multistart SGD + Momentum + L2,3460,0.03020728759355086
Основная: Multistart SGD + Momentum + L2,3461,0.03018855278224047
Основная: Multistart SGD + Momentum + L2,3462,0.030174012591081614
Основная: Multistart SGD + Momentum + L2,3463,0.030165270541155434
Основная: Multistart SGD + Momentum + L2,3464,0.03017153894298075
Основная: Multistart SGD + Momentum + L2,3465,0.03018251583091049
Основная: Multistart SGD + Momentum + L2,3466,0.03019972239259936
Основная: Multistart SGD + Momentum + L2,3467,0.030212250809873137
Основная: Multistart SGD + Momentum + L2,3468,0.0302320440652612
Основная: Multistart SGD + Momentum + L2,3469,0.030223434365558657
Основная: Multistart SGD + Momentum + L2,3470,0.0302555143276573
Основная: Multistart SGD + Momentum + L2,3471,0.03018120487085488
Основная: Multistart SGD + Momentum + L2,3472,0.030119049794378308
Основная: Multistart SGD + Momentum + L2,3473,0.03006114254819556
Основная: Multistart SGD + Momentum + L2,3474,0.030046750924456557
Основная: Multistart SGD + Momentum + L2,3475,0.03003437834940276
Основная: Multistart SGD + Momentum + L2,3476,0.029993872159180517
Основная: Multistart SGD + Momentum + L2,3477,0.029948920166063642
Основная: Multistart SGD + Momentum + L2,3478,0.029896497607638108
Основная: Multistart SGD + Momentum + L2,3479,0.029854608572714415
Основная: Multistart SGD + Momentum + L2,3480,0.029824041540774296
Основная: Multistart SGD + Momentum + L2,3481,0.02978544806203582
Основная: Multistart SGD + Momentum + L2,3482,0.029759511553312128
Основная: Multistart SGD + Momentum + L2,3483,0.02974119314743504
Основная: Multistart SGD + Momentum + L2,3484,0.029726044546378172
Основная: Multistart SGD + Momentum + L2,3485,0.0297143771280003
Основная: Multistart SGD + Momentum + L2,3486,0.029705536889994725
Основная: Multistart SGD + Momentum + L2,3487,0.02967925177476413
Основная: Multistart SGD + Momentum + L2,3488,0.029664508139320762
Основная: Multistart SGD + Momentum + L2,3489,0.029667914699224095
Основная: Multistart SGD + Momentum + L2,3490,0.029676792807896802
Основная: Multistart SGD + Momentum + L2,3491,0.029693513905228446
Основная: Multistart SGD + Momentum + L2,3492,0.02970164778192831
Основная: Multistart SGD + Momentum + L2,3493,0.02971432448802554
Основная: Multistart SGD + Momentum + L2,3494,0.02972516046597043
Основная: Multistart SGD + Momentum + L2,3495,0.029737330235081676
Основная: Multistart SGD + Momentum + L2,3496,0.0297427925404734
Основная: Multistart SGD + Momentum + L2,3497,0.029757671225545484
Основная: Multistart SGD + Momentum + L2,3498,0.02976078104892336
Основная: Multistart SGD + Momentum + L2,3499,0.02978119242375876
Основная: Multistart SGD + Momentum + L2,3500,0.029838234612157996
Основная: Multistart SGD + Momentum + L2,3501,0.029881331564458987
Основная: Multistart SGD + Momentum + L2,3502,0.02991111396817474
Основная: Multistart SGD + Momentum + L2,3503,0.029925859010143375
Основная: Multistart SGD + Momentum + L2,3504,0.029943824587668012
Основная: Multistart SGD + Momentum + L2,3505,0.02996062411181205
Основная: Multistart SGD + Momentum + L2,3506,0.029952207734649322
Основная: Multistart SGD + Momentum + L2,3507,0.02996505346301449
Основная: Multistart SGD + Momentum + L2,3508,0.029968401469107172
Основная: Multistart SGD + Momentum + L2,3509,0.029955084454272345
Основная: Multistart SGD + Momentum + L2,3510,0.029959449628313373
Основная: Multistart SGD + Momentum + L2,3511,0.029959060273322468
Основная: Multistart SGD + Momentum + L2,3512,0.0299493387781063
Основная: Multistart SGD + Momentum + L2,3513,0.029931493308838198
Основная: Multistart SGD + Momentum + L2,3514,0.02989927159750814
Основная: Multistart SGD + Momentum + L2,3515,0.029859714850121895
Основная: Multistart SGD + Momentum + L2,3516,0.029809064268004393
Основная: Multistart SGD + Momentum + L2,3517,0.029763647850335518
Основная: Multistart SGD + Momentum + L2,3518,0.0297287711480407
Основная: Multistart SGD + Momentum + L2,3519,0.029705166051321976
Основная: Multistart SGD + Momentum + L2,3520,0.02968416004730126
Основная: Multistart SGD + Momentum + L2,3521,0.029663020577790515
Основная: Multistart SGD + Momentum + L2,3522,0.029651240919964773
Основная: Multistart SGD + Momentum + L2,3523,0.029639595355080418
Основная: Multistart SGD + Momentum + L2,3524,0.02961785327475504
Основная: Multistart SGD + Momentum + L2,3525,0.029598665194405495
Основная: Multistart SGD + Momentum + L2,3526,0.029585094058178427
Основная: Multistart SGD + Momentum + L2,3527,0.029568925448766943
Основная: Multistart SGD + Momentum + L2,3528,0.02956230140789809
Основная: Multistart SGD + Momentum + L2,3529,0.029571770475382876
Основная: Multistart SGD + Momentum + L2,3530,0.029588779177571394
Основная: Multistart SGD + Momentum + L2,3531,0.0295963287202515
Основная: Multistart SGD + Momentum + L2,3532,0.02960463017465194
Основная: Multistart SGD + Momentum + L2,3533,0.02961514569448804
Основная: Multistart SGD + Momentum + L2,3534,0.02962686858136243
Основная: Multistart SGD + Momentum + L2,3535,0.029646806795386327
Основная: Multistart SGD + Momentum + L2,3536,0.029688028913083756
Основная: Multistart SGD + Momentum + L2,3537,0.029732278546416246
Основная: Multistart SGD + Momentum + L2,3538,0.02978613047315806
Основная: Multistart SGD + Momentum + L2,3539,0.0298270168296507
Основная: Multistart SGD + Momentum + L2,3540,0.029859161201644023
Основная: Multistart SGD + Momentum + L2,3541,0.02988446032083665
Основная: Multistart SGD + Momentum + L2,3542,0.02989459855133115
Основная: Multistart SGD + Momentum + L2,3543,0.029896470303692965
Основная: Multistart SGD + Momentum + L2,3544,0.02988349510396171
Основная: Multistart SGD + Momentum + L2,3545,0.029862271141345837
Основная: Multistart SGD + Momentum + L2,3546,0.02984982683294887
Основная: Multistart SGD + Momentum + L2,3547,0.029843601189055127
Основная: Multistart SGD + Momentum + L2,3548,0.029832182258511163
Основная: Multistart SGD + Momentum + L2,3549,0.02984197322902736
Основная: Multistart SGD + Momentum + L2,3550,0.0298670291065856
Основная: Multistart SGD + Momentum + L2,3551,0.029893592041278606
Основная: Multistart SGD + Momentum + L2,3552,0.029943593045303463
Основная: Multistart SGD + Momentum + L2,3553,0.02997856217127737
Основная: Multistart SGD + Momentum + L2,3554,0.029999726800380145
Основная: Multistart SGD + Momentum + L2,3555,0.030005170521190325
Основная: Multistart SGD + Momentum + L2,3556,0.030017225657520668
Основная: Multistart SGD + Momentum + L2,3557,0.030013262729699897
Основная: Multistart SGD + Momentum + L2,3558,0.02999228285963098
Основная: Multistart SGD + Momentum + L2,3559,0.029955384190832473
Основная: Multistart SGD + Momentum + L2,3560,0.02995185878314535
Основная: Multistart SGD + Momentum + L2,3561,0.02993667562327071
Основная: Multistart SGD + Momentum + L2,3562,0.02990112151951459
Основная: Multistart SGD + Momentum + L2,3563,0.029880028155629373
Основная: Multistart SGD + Momentum + L2,3564,0.0298756457849248
Основная: Multistart SGD + Momentum + L2,3565,0.029862805833900316
Основная: Multistart SGD + Momentum + L2,3566,0.029851540716290596
Основная: Multistart SGD + Momentum + L2,3567,0.029839567696197233
Основная: Multistart SGD + Momentum + L2,3568,0.029830810880246052
Основная: Multistart SGD + Momentum + L2,3569,0.029824520142948015
Основная: Multistart SGD + Momentum + L2,3570,0.029822107475730292
Основная: Multistart SGD + Momentum + L2,3571,0.02980577670149899
Основная: Multistart SGD + Momentum + L2,3572,0.029793609858611788
Основная: Multistart SGD + Momentum + L2,3573,0.029788785742053302
Основная: Multistart SGD + Momentum + L2,3574,0.029789039365461862
Основная: Multistart SGD + Momentum + L2,3575,0.029787167373461272
Основная: Multistart SGD + Momentum + L2,3576,0.02978633322442516
Основная: Multistart SGD + Momentum + L2,3577,0.02980064494905126
Основная: Multistart SGD + Momentum + L2,3578,0.029821796788369236
Основная: Multistart SGD + Momentum + L2,3579,0.029845893050665307
Основная: Multistart SGD + Momentum + L2,3580,0.029896441740529262
Основная: Multistart SGD + Momentum + L2,3581,0.029949540955754153
Основная: Multistart SGD + Momentum + L2,3582,0.030001667631355425
Основная: Multistart SGD + Momentum + L2,3583,0.030101270212201492
Основная: Multistart SGD + Momentum + L2,3584,0.030209347251244904
Основная: Multistart SGD + Momentum + L2,3585,0.030305473372451246
Основная: Multistart SGD + Momentum + L2,3586,0.030433845867982014
Основная: Multistart SGD + Momentum + L2,3587,0.03057008372790146
Основная: Multistart SGD + Momentum + L2,3588,0.030704079599581074
Основная: Multistart SGD + Momentum + L2,3589,0.03086706572315321
Основная: Multistart SGD + Momentum + L2,3590,0.03101600907314909
Основная: Multistart SGD + Momentum + L2,3591,0.03115749783151272
Основная: Multistart SGD + Momentum + L2,3592,0.031214465162971067
Основная: Multistart SGD + Momentum + L2,3593,0.031294531206196664
Основная: Multistart SGD + Momentum + L2,3594,0.031099775444905324
Основная: Multistart SGD + Momentum + L2,3595,0.03088843335513805
Основная: Multistart SGD + Momentum + L2,3596,0.030753705234144543
Основная: Multistart SGD + Momentum + L2,3597,0.03064449437334563
Основная: Multistart SGD + Momentum + L2,3598,0.030535058265005847
Основная: Multistart SGD + Momentum + L2,3599,0.030408927378247772
Основная: Multistart SGD + Momentum + L2,3600,0.03031536952261449
Основная: Multistart SGD + Momentum + L2,3601,0.030240546737350188
Основная: Multistart SGD + Momentum + L2,3602,0.03015776836522848
Основная: Multistart SGD + Momentum + L2,3603,0.03009405757316624
Основная: Multistart SGD + Momentum + L2,3604,0.030044209595645133
Основная: Multistart SGD + Momentum + L2,3605,0.030005732879781515
Основная: Multistart SGD + Momentum + L2,3606,0.02997198899462171
Основная: Multistart SGD + Momentum + L2,3607,0.029944888714765437
Основная: Multistart SGD + Momentum + L2,3608,0.029924480976375862
Основная: Multistart SGD + Momentum + L2,3609,0.029907987491416366
Основная: Multistart SGD + Momentum + L2,3610,0.029893919218548334
Основная: Multistart SGD + Momentum + L2,3611,0.029878510437884184
Основная: Multistart SGD + Momentum + L2,3612,0.029864701677161824
Основная: Multistart SGD + Momentum + L2,3613,0.02985269954640724
Основная: Multistart SGD + Momentum + L2,3614,0.02984231417636095
Основная: Multistart SGD + Momentum + L2,3615,0.02983268097675528
Основная: Multistart SGD + Momentum + L2,3616,0.029824537166613138
Основная: Multistart SGD + Momentum + L2,3617,0.029809460595481875
Основная: Multistart SGD + Momentum + L2,3618,0.029796226490140496
Основная: Multistart SGD + Momentum + L2,3619,0.029782948682669348
Основная: Multistart SGD + Momentum + L2,3620,0.029771806782130757
Основная: Multistart SGD + Momentum + L2,3621,0.029748194086987798
Основная: Multistart SGD + Momentum + L2,3622,0.029737563187542122
Основная: Multistart SGD + Momentum + L2,3623,0.02973379476978838
Основная: Multistart SGD + Momentum + L2,3624,0.02973741350390059
Основная: Multistart SGD + Momentum + L2,3625,0.029740061359396396
Основная: Multistart SGD + Momentum + L2,3626,0.02974781902275516
Основная: Multistart SGD + Momentum + L2,3627,0.029757780132024167
Основная: Multistart SGD + Momentum + L2,3628,0.029758753123182123
Основная: Multistart SGD + Momentum + L2,3629,0.029755891737095173
Основная: Multistart SGD + Momentum + L2,3630,0.029765787377955235
Основная: Multistart SGD + Momentum + L2,3631,0.029762746155613855
Основная: Multistart SGD + Momentum + L2,3632,0.02975865663185401
Основная: Multistart SGD + Momentum + L2,3633,0.029750508830519096
Основная: Multistart SGD + Momentum + L2,3634,0.029742970416889006
Основная: Multistart SGD + Momentum + L2,3635,0.02972437415709551
Основная: Multistart SGD + Momentum + L2,3636,0.029711105895808488
Основная: Multistart SGD + Momentum + L2,3637,0.02970292969117111
Основная: Multistart SGD + Momentum + L2,3638,0.029688318641923995
Основная: Multistart SGD + Momentum + L2,3639,0.029682397413172478
Основная: Multistart SGD + Momentum + L2,3640,0.029669406977489553
Основная: Multistart SGD + Momentum + L2,3641,0.029660588848685204
Основная: Multistart SGD + Momentum + L2,3642,0.029647494768702702
Основная: Multistart SGD + Momentum + L2,3643,0.02964129164170601
Основная: Multistart SGD + Momentum + L2,3644,0.029637572696081128
Основная: Multistart SGD + Momentum + L2,3645,0.029632437302440817
Основная: Multistart SGD + Momentum + L2,3646,0.029626172643310276
Основная: Multistart SGD + Momentum + L2,3647,0.029620873805540494
Основная: Multistart SGD + Momentum + L2,3648,0.029619496518903114
Основная: Multistart SGD + Momentum + L2,3649,0.02962088550277837
Основная: Multistart SGD + Momentum + L2,3650,0.029624580735968048
Основная: Multistart SGD + Momentum + L2,3651,0.029631702381403863
Основная: Multistart SGD + Momentum + L2,3652,0.029656065073336225
Основная: Multistart SGD + Momentum + L2,3653,0.029682185706461434
Основная: Multistart SGD + Momentum + L2,3654,0.029675052368359503
Основная: Multistart SGD + Momentum + L2,3655,0.029672838473868004
Основная: Multistart SGD + Momentum + L2,3656,0.029675530506921215
Основная: Multistart SGD + Momentum + L2,3657,0.02970175463174801
Основная: Multistart SGD + Momentum + L2,3658,0.02974190732585096
Основная: Multistart SGD + Momentum + L2,3659,0.02978823838505076
Основная: Multistart SGD + Momentum + L2,3660,0.029833901849396487
Основная: Multistart SGD + Momentum + L2,3661,0.029884294829451433
Основная: Multistart SGD + Momentum + L2,3662,0.02993870881107599
Основная: Multistart SGD + Momentum + L2,3663,0.03002123800119251
Основная: Multistart SGD + Momentum + L2,3664,0.030145839166153633
Основная: Multistart SGD + Momentum + L2,3665,0.030320684783459968
Основная: Multistart SGD + Momentum + L2,3666,0.030522156494893378
Основная: Multistart SGD + Momentum + L2,3667,0.030617437781590314
Основная: Multistart SGD + Momentum + L2,3668,0.030488228660837068
Основная: Multistart SGD + Momentum + L2,3669,0.030344828693774636
Основная: Multistart SGD + Momentum + L2,3670,0.030243262675483978
Основная: Multistart SGD + Momentum + L2,3671,0.03014258617603736
Основная: Multistart SGD + Momentum + L2,3672,0.030068338154309187
Основная: Multistart SGD + Momentum + L2,3673,0.030013766154188094
Основная: Multistart SGD + Momentum + L2,3674,0.02998248665580368
Основная: Multistart SGD + Momentum + L2,3675,0.029894314501543607
Основная: Multistart SGD + Momentum + L2,3676,0.029863714541954696
Основная: Multistart SGD + Momentum + L2,3677,0.029837976858560235
Основная: Multistart SGD + Momentum + L2,3678,0.029810654045112468
Основная: Multistart SGD + Momentum + L2,3679,0.029740624495403118
Основная: Multistart SGD + Momentum + L2,3680,0.029689569861624795
Основная: Multistart SGD + Momentum + L2,3681,0.029660816016742964
Основная: Multistart SGD + Momentum + L2,3682,0.02963959953822334
Основная: Multistart SGD + Momentum + L2,3683,0.029652593684466454
Основная: Multistart SGD + Momentum + L2,3684,0.029671514034427318
Основная: Multistart SGD + Momentum + L2,3685,0.029692840635633707
Основная: Multistart SGD + Momentum + L2,3686,0.029710004936431257
Основная: Multistart SGD + Momentum + L2,3687,0.029750594948685434
Основная: Multistart SGD + Momentum + L2,3688,0.029798483388374125
Основная: Multistart SGD + Momentum + L2,3689,0.029851497416280577
Основная: Multistart SGD + Momentum + L2,3690,0.02990884159251361
Основная: Multistart SGD + Momentum + L2,3691,0.029980114554357232
Основная: Multistart SGD + Momentum + L2,3692,0.030038387875917578
Основная: Multistart SGD + Momentum + L2,3693,0.030117587010321488
Основная: Multistart SGD + Momentum + L2,3694,0.03009671686196747
Основная: Multistart SGD + Momentum + L2,3695,0.030090226825998247
Основная: Multistart SGD + Momentum + L2,3696,0.030000988124645824
Основная: Multistart SGD + Momentum + L2,3697,0.029945055188702732
Основная: Multistart SGD + Momentum + L2,3698,0.029883435580604648
Основная: Multistart SGD + Momentum + L2,3699,0.029814522171691428
Основная: Multistart SGD + Momentum + L2,3700,0.029712387212917194
Основная: Multistart SGD + Momentum + L2,3701,0.02964395422884603
Основная: Multistart SGD + Momentum + L2,3702,0.02960363445283556
Основная: Multistart SGD + Momentum + L2,3703,0.029590739093855928
Основная: Multistart SGD + Momentum + L2,3704,0.029601137263653817
Основная: Multistart SGD + Momentum + L2,3705,0.029560877047929333
Основная: Multistart SGD + Momentum + L2,3706,0.029536140742867898
Основная: Multistart SGD + Momentum + L2,3707,0.029515627291552767
Основная: Multistart SGD + Momentum + L2,3708,0.02949598158820555
Основная: Multistart SGD + Momentum + L2,3709,0.029482825925300177
Основная: Multistart SGD + Momentum + L2,3710,0.02947785058447721
Основная: Multistart SGD + Momentum + L2,3711,0.029476332618451572
Основная: Multistart SGD + Momentum + L2,3712,0.029486295009012453
Основная: Multistart SGD + Momentum + L2,3713,0.029502901140897014
Основная: Multistart SGD + Momentum + L2,3714,0.029503063941490507
Основная: Multistart SGD + Momentum + L2,3715,0.02950742981443722
Основная: Multistart SGD + Momentum + L2,3716,0.029529820632313703
Основная: Multistart SGD + Momentum + L2,3717,0.02954767045644001
Основная: Multistart SGD + Momentum + L2,3718,0.02956697841586806
Основная: Multistart SGD + Momentum + L2,3719,0.02959347580315992
Основная: Multistart SGD + Momentum + L2,3720,0.02961068357062372
Основная: Multistart SGD + Momentum + L2,3721,0.029630600489125854
Основная: Multistart SGD + Momentum + L2,3722,0.02965243299314344
Основная: Multistart SGD + Momentum + L2,3723,0.029691020085309404
Основная: Multistart SGD + Momentum + L2,3724,0.02973061239879297
Основная: Multistart SGD + Momentum + L2,3725,0.02977626536599623
Основная: Multistart SGD + Momentum + L2,3726,0.029847230082270217
Основная: Multistart SGD + Momentum + L2,3727,0.029927467097329626
Основная: Multistart SGD + Momentum + L2,3728,0.030021935878812984
Основная: Multistart SGD + Momentum + L2,3729,0.030124369249197328
Основная: Multistart SGD + Momentum + L2,3730,0.03019405977565729
Основная: Multistart SGD + Momentum + L2,3731,0.030301317314590123
Основная: Multistart SGD + Momentum + L2,3732,0.030408175885842405
Основная: Multistart SGD + Momentum + L2,3733,0.03051524926337204
Основная: Multistart SGD + Momentum + L2,3734,0.03064499988516993
Основная: Multistart SGD + Momentum + L2,3735,0.03078725432902812
Основная: Multistart SGD + Momentum + L2,3736,0.030959792319095614
Основная: Multistart SGD + Momentum + L2,3737,0.031148099197938154
Основная: Multistart SGD + Momentum + L2,3738,0.031211082294643543
Основная: Multistart SGD + Momentum + L2,3739,0.031307949357101794
Основная: Multistart SGD + Momentum + L2,3740,0.03143511216830015
Основная: Multistart SGD + Momentum + L2,3741,0.031595702455874834
Основная: Multistart SGD + Momentum + L2,3742,0.03177974068790024
Основная: Multistart SGD + Momentum + L2,3743,0.031987166148401164
Основная: Multistart SGD + Momentum + L2,3744,0.03213019519525728
Основная: Multistart SGD + Momentum + L2,3745,0.03227015433567464
Основная: Multistart SGD + Momentum + L2,3746,0.03237241273863197
Основная: Multistart SGD + Momentum + L2,3747,0.03243948317887726
Основная: Multistart SGD + Momentum + L2,3748,0.032525389362219395
Основная: Multistart SGD + Momentum + L2,3749,0.03255398984965687
Основная: Multistart SGD + Momentum + L2,3750,0.03260054732364029
Основная: Multistart SGD + Momentum + L2,3751,0.0327122627262661
Основная: Multistart SGD + Momentum + L2,3752,0.032679998605843745
Основная: Multistart SGD + Momentum + L2,3753,0.03271797878662294
Основная: Multistart SGD + Momentum + L2,3754,0.032742187753937266
Основная: Multistart SGD + Momentum + L2,3755,0.03279948241606918
Основная: Multistart SGD + Momentum + L2,3756,0.03275180769197109
Основная: Multistart SGD + Momentum + L2,3757,0.03273171564919235
Основная: Multistart SGD + Momentum + L2,3758,0.03259815135608557
Основная: Multistart SGD + Momentum + L2,3759,0.03240873035024849
Основная: Multistart SGD + Momentum + L2,3760,0.03224945749221498
Основная: Multistart SGD + Momentum + L2,3761,0.03210246441779517
Основная: Multistart SGD + Momentum + L2,3762,0.03199850417093734
Основная: Multistart SGD + Momentum + L2,3763,0.03186611879988933
Основная: Multistart SGD + Momentum + L2,3764,0.03182039341011158
Основная: Multistart SGD + Momentum + L2,3765,0.03177712638147285
Основная: Multistart SGD + Momentum + L2,3766,0.03160415749464031
Основная: Multistart SGD + Momentum + L2,3767,0.031443927188787885
Основная: Multistart SGD + Momentum + L2,3768,0.031287815579530066
Основная: Multistart SGD + Momentum + L2,3769,0.030938787737104345
Основная: Multistart SGD + Momentum + L2,3770,0.030663515856045032
Основная: Multistart SGD + Momentum + L2,3771,0.03049053965937188
Основная: Multistart SGD + Momentum + L2,3772,0.0303545685198744
Основная: Multistart SGD + Momentum + L2,3773,0.030259687040630395
Основная: Multistart SGD + Momentum + L2,3774,0.030123888264030417
Основная: Multistart SGD + Momentum + L2,3775,0.02998960618161385
Основная: Multistart SGD + Momentum + L2,3776,0.02988844378520124
Основная: Multistart SGD + Momentum + L2,3777,0.02981534620467207
Основная: Multistart SGD + Momentum + L2,3778,0.029742143508217724
Основная: Multistart SGD + Momentum + L2,3779,0.029706924527666264
Основная: Multistart SGD + Momentum + L2,3780,0.02965419222626754
Основная: Multistart SGD + Momentum + L2,3781,0.02961033422745095
Основная: Multistart SGD + Momentum + L2,3782,0.029599715452817376
Основная: Multistart SGD + Momentum + L2,3783,0.029596507330280037
Основная: Multistart SGD + Momentum + L2,3784,0.029599631619352477
Основная: Multistart SGD + Momentum + L2,3785,0.029605002966474316
Основная: Multistart SGD + Momentum + L2,3786,0.02961301101095444
Основная: Multistart SGD + Momentum + L2,3787,0.0296169862519073
Основная: Multistart SGD + Momentum + L2,3788,0.029603811622590105
Основная: Multistart SGD + Momentum + L2,3789,0.029595325347894556
Основная: Multistart SGD + Momentum + L2,3790,0.0295688621144972
Основная: Multistart SGD + Momentum + L2,3791,0.029557488083891102
Основная: Multistart SGD + Momentum + L2,3792,0.029550050477806355
Основная: Multistart SGD + Momentum + L2,3793,0.029538521299001114
Основная: Multistart SGD + Momentum + L2,3794,0.02952993826558986
Основная: Multistart SGD + Momentum + L2,3795,0.029528024084712338
Основная: Multistart SGD + Momentum + L2,3796,0.02952855210534393
Основная: Multistart SGD + Momentum + L2,3797,0.029529972015076306
Основная: Multistart SGD + Momentum + L2,3798,0.029528429398415375
Основная: Multistart SGD + Momentum + L2,3799,0.02952854777384306
Основная: Multistart SGD + Momentum + L2,3800,0.02953013387602242
Основная: Multistart SGD + Momentum + L2,3801,0.02953258979647325
Основная: Multistart SGD + Momentum + L2,3802,0.029534470637852212
Основная: Multistart SGD + Momentum + L2,3803,0.02953728374298656
Основная: Multistart SGD + Momentum + L2,3804,0.029537984679717407
Основная: Multistart SGD + Momentum + L2,3805,0.029540496403438702
Основная: Multistart SGD + Momentum + L2,3806,0.029538208583138208
Основная: Multistart SGD + Momentum + L2,3807,0.029536375684088238
Основная: Multistart SGD + Momentum + L2,3808,0.029533724050871363
Основная: Multistart SGD + Momentum + L2,3809,0.029531831849087746
Основная: Multistart SGD + Momentum + L2,3810,0.02953241907847527
Основная: Multistart SGD + Momentum + L2,3811,0.029536846251877042
Основная: Multistart SGD + Momentum + L2,3812,0.02954872164120046
Основная: Multistart SGD + Momentum + L2,3813,0.02956499573999192
Основная: Multistart SGD + Momentum + L2,3814,0.029588495626914842
Основная: Multistart SGD + Momentum + L2,3815,0.02962125425131664
Основная: Multistart SGD + Momentum + L2,3816,0.029671242417482556
Основная: Multistart SGD + Momentum + L2,3817,0.029671208187610352
Основная: Multistart SGD + Momentum + L2,3818,0.029687954549702803
Основная: Multistart SGD + Momentum + L2,3819,0.029686405861506796
Основная: Multistart SGD + Momentum + L2,3820,0.029656141455385157
Основная: Multistart SGD + Momentum + L2,3821,0.0296364402199745
Основная: Multistart SGD + Momentum + L2,3822,0.02961545510448282
Основная: Multistart SGD + Momentum + L2,3823,0.029587086339154765
Основная: Multistart SGD + Momentum + L2,3824,0.029559487755122505
Основная: Multistart SGD + Momentum + L2,3825,0.029533906073147684
Основная: Multistart SGD + Momentum + L2,3826,0.029514678124592797
Основная: Multistart SGD + Momentum + L2,3827,0.029566813928302432
Основная: Multistart SGD + Momentum + L2,3828,0.029685102206081948
Основная: Multistart SGD + Momentum + L2,3829,0.029838350031391712
Основная: Multistart SGD + Momentum + L2,3830,0.030007354171217884
Основная: Multistart SGD + Momentum + L2,3831,0.030180904387706545
Основная: Multistart SGD + Momentum + L2,3832,0.03034748141563003
Основная: Multistart SGD + Momentum + L2,3833,0.03046070893461015
Основная: Multistart SGD + Momentum + L2,3834,0.030606840235796014
Основная: Multistart SGD + Momentum + L2,3835,0.030802764909971084
Основная: Multistart SGD + Momentum + L2,3836,0.031020621869994523
Основная: Multistart SGD + Momentum + L2,3837,0.031239709597329492
Основная: Multistart SGD + Momentum + L2,3838,0.03142940862725006
Основная: Multistart SGD + Momentum + L2,3839,0.03158603622514432
Основная: Multistart SGD + Momentum + L2,3840,0.03170828879642285
Основная: Multistart SGD + Momentum + L2,3841,0.03182649591080979
Основная: Multistart SGD + Momentum + L2,3842,0.03187250125465899
Основная: Multistart SGD + Momentum + L2,3843,0.03188675278169232
Основная: Multistart SGD + Momentum + L2,3844,0.031867779269958256
Основная: Multistart SGD + Momentum + L2,3845,0.031926465355658934
Основная: Multistart SGD + Momentum + L2,3846,0.03198625943640312
Основная: Multistart SGD + Momentum + L2,3847,0.03201588781642827
Основная: Multistart SGD + Momentum + L2,3848,0.03206202649927693
Основная: Multistart SGD + Momentum + L2,3849,0.0320649840910031
Основная: Multistart SGD + Momentum + L2,3850,0.0320386704239006
Основная: Multistart SGD + Momentum + L2,3851,0.0320553343463261
Основная: Multistart SGD + Momentum + L2,3852,0.032039523054241376
Основная: Multistart SGD + Momentum + L2,3853,0.03201602801709706
Основная: Multistart SGD + Momentum + L2,3854,0.03203576939224433
Основная: Multistart SGD + Momentum + L2,3855,0.03207045905998804
Основная: Multistart SGD + Momentum + L2,3856,0.032090408811190636
Основная: Multistart SGD + Momentum + L2,3857,0.032120139457460915
Основная: Multistart SGD + Momentum + L2,3858,0.03211925981144666
Основная: Multistart SGD + Momentum + L2,3859,0.03209721326487193
Основная: Multistart SGD + Momentum + L2,3860,0.03197905904336576
Основная: Multistart SGD + Momentum + L2,3861,0.03184971504055122
Основная: Multistart SGD + Momentum + L2,3862,0.03171865287571641
Основная: Multistart SGD + Momentum + L2,3863,0.03158845781548131
Основная: Multistart SGD + Momentum + L2,3864,0.031535445022005004
Основная: Multistart SGD + Momentum + L2,3865,0.03143107233253327
Основная: Multistart SGD + Momentum + L2,3866,0.03131936653749741
Основная: Multistart SGD + Momentum + L2,3867,0.0312093385892706
Основная: Multistart SGD + Momentum + L2,3868,0.031148893085135625
Основная: Multistart SGD + Momentum + L2,3869,0.031019080440106785
Основная: Multistart SGD + Momentum + L2,3870,0.030897663534991984
Основная: Multistart SGD + Momentum + L2,3871,0.03073946681598772
Основная: Multistart SGD + Momentum + L2,3872,0.03061216237314005
Основная: Multistart SGD + Momentum + L2,3873,0.030497840299921065
Основная: Multistart SGD + Momentum + L2,3874,0.03035953180261212
Основная: Multistart SGD + Momentum + L2,3875,0.030246739832570327
Основная: Multistart SGD + Momentum + L2,3876,0.03015180690818702
Основная: Multistart SGD + Momentum + L2,3877,0.03003737349478514
Основная: Multistart SGD + Momentum + L2,3878,0.029971046685019483
Основная: Multistart SGD + Momentum + L2,3879,0.029921050213333703
Основная: Multistart SGD + Momentum + L2,3880,0.029884591812102432
Основная: Multistart SGD + Momentum + L2,3881,0.029863808667843463
Основная: Multistart SGD + Momentum + L2,3882,0.029855935272334207
Основная: Multistart SGD + Momentum + L2,3883,0.029857187996954925
Основная: Multistart SGD + Momentum + L2,3884,0.02985982155670189
Основная: Multistart SGD + Momentum + L2,3885,0.02986244769837115
Основная: Multistart SGD + Momentum + L2,3886,0.02988020072956063
Основная: Multistart SGD + Momentum + L2,3887,0.029906387427423145
Основная: Multistart SGD + Momentum + L2,3888,0.029919255012941588
Основная: Multistart SGD + Momentum + L2,3889,0.029946420927659773
Основная: Multistart SGD + Momentum + L2,3890,0.029969402109503107
Основная: Multistart SGD + Momentum + L2,3891,0.030008836398595657
Основная: Multistart SGD + Momentum + L2,3892,0.03006447415123298
Основная: Multistart SGD + Momentum + L2,3893,0.030142488515845826
Основная: Multistart SGD + Momentum + L2,3894,0.030231245473518287
Основная: Multistart SGD + Momentum + L2,3895,0.03032849771859586
Основная: Multistart SGD + Momentum + L2,3896,0.030429218857022926
Основная: Multistart SGD + Momentum + L2,3897,0.030514369490727257
Основная: Multistart SGD + Momentum + L2,3898,0.030615680512062617
Основная: Multistart SGD + Momentum + L2,3899,0.03071462318370092
Основная: Multistart SGD + Momentum + L2,3900,0.030811924303403435
Основная: Multistart SGD + Momentum + L2,3901,0.030823850409069015
Основная: Multistart SGD + Momentum + L2,3902,0.030848854413634018
Основная: Multistart SGD + Momentum + L2,3903,0.030854486251808092
Основная: Multistart SGD + Momentum + L2,3904,0.030859525569212724
Основная: Multistart SGD + Momentum + L2,3905,0.030806152409433955
Основная: Multistart SGD + Momentum + L2,3906,0.03074420367315305
Основная: Multistart SGD + Momentum + L2,3907,0.030696590628052894
Основная: Multistart SGD + Momentum + L2,3908,0.030662871491413522
Основная: Multistart SGD + Momentum + L2,3909,0.030604535017462187
Основная: Multistart SGD + Momentum + L2,3910,0.030480230068557962
Основная: Multistart SGD + Momentum + L2,3911,0.030382901424559745
Основная: Multistart SGD + Momentum + L2,3912,0.03024855117318371
Основная: Multistart SGD + Momentum + L2,3913,0.03013350611447493
Основная: Multistart SGD + Momentum + L2,3914,0.030059227706428212
Основная: Multistart SGD + Momentum + L2,3915,0.029976108635608647
Основная: Multistart SGD + Momentum + L2,3916,0.029921590910573077
Основная: Multistart SGD + Momentum + L2,3917,0.02987350523521634
Основная: Multistart SGD + Momentum + L2,3918,0.029838395229212746
Основная: Multistart SGD + Momentum + L2,3919,0.02981088441179964
Основная: Multistart SGD + Momentum + L2,3920,0.029784791842054435
Основная: Multistart SGD + Momentum + L2,3921,0.029762735859764026
Основная: Multistart SGD + Momentum + L2,3922,0.02974884248864074
Основная: Multistart SGD + Momentum + L2,3923,0.02973946987165925
Основная: Multistart SGD + Momentum + L2,3924,0.02973509103799302
Основная: Multistart SGD + Momentum + L2,3925,0.029731239219330182
Основная: Multistart SGD + Momentum + L2,3926,0.02972657448487838
Основная: Multistart SGD + Momentum + L2,3927,0.0297221285080247
Основная: Multistart SGD + Momentum + L2,3928,0.02971805375869839
Основная: Multistart SGD + Momentum + L2,3929,0.02971891679810652
Основная: Multistart SGD + Momentum + L2,3930,0.02972310807734459
Основная: Multistart SGD + Momentum + L2,3931,0.02973089721824304
Основная: Multistart SGD + Momentum + L2,3932,0.02972414697702809
Основная: Multistart SGD + Momentum + L2,3933,0.029723983844609628
Основная: Multistart SGD + Momentum + L2,3934,0.029704877544561754
Основная: Multistart SGD + Momentum + L2,3935,0.02969248022990152
Основная: Multistart SGD + Momentum + L2,3936,0.02968236794471885
Основная: Multistart SGD + Momentum + L2,3937,0.02968181102852597
Основная: Multistart SGD + Momentum + L2,3938,0.029693102225947572
Основная: Multistart SGD + Momentum + L2,3939,0.02970424466418569
Основная: Multistart SGD + Momentum + L2,3940,0.02968247323358
Основная: Multistart SGD + Momentum + L2,3941,0.029668384910521095
Основная: Multistart SGD + Momentum + L2,3942,0.0296654099773495
Основная: Multistart SGD + Momentum + L2,3943,0.029671932290496167
Основная: Multistart SGD + Momentum + L2,3944,0.02968513733676331
Основная: Multistart SGD + Momentum + L2,3945,0.029705227082109348
Основная: Multistart SGD + Momentum + L2,3946,0.029726156589723725
Основная: Multistart SGD + Momentum + L2,3947,0.029751401830718532
Основная: Multistart SGD + Momentum + L2,3948,0.02976107487511816
Основная: Multistart SGD + Momentum + L2,3949,0.029760281455326925
Основная: Multistart SGD + Momentum + L2,3950,0.029752367419030003
Основная: Multistart SGD + Momentum + L2,3951,0.029747463186682848
Основная: Multistart SGD + Momentum + L2,3952,0.029731068367292904
Основная: Multistart SGD + Momentum + L2,3953,0.029728341477441304
Основная: Multistart SGD + Momentum + L2,3954,0.029717090869706038
Основная: Multistart SGD + Momentum + L2,3955,0.02967641685790929
Основная: Multistart SGD + Momentum + L2,3956,0.02965579458799475
Основная: Multistart SGD + Momentum + L2,3957,0.029648861944985744
Основная: Multistart SGD + Momentum + L2,3958,0.029655557168419732
Основная: Multistart SGD + Momentum + L2,3959,0.02967596036697996
Основная: Multistart SGD + Momentum + L2,3960,0.029710814427364365
Основная: Multistart SGD + Momentum + L2,3961,0.02975405139783749
Основная: Multistart SGD + Momentum + L2,3962,0.029761962303233174
Основная: Multistart SGD + Momentum + L2,3963,0.02977377138826318
Основная: Multistart SGD + Momentum + L2,3964,0.02978860816005876
Основная: Multistart SGD + Momentum + L2,3965,0.02979770988712145
Основная: Multistart SGD + Momentum + L2,3966,0.029804212997423554
Основная: Multistart SGD + Momentum + L2,3967,0.029805189818710706
Основная: Multistart SGD + Momentum + L2,3968,0.029818672482174156
Основная: Multistart SGD + Momentum + L2,3969,0.02983222826035905
Основная: Multistart SGD + Momentum + L2,3970,0.029840924388632898
Основная: Multistart SGD + Momentum + L2,3971,0.02984394415180313
Основная: Multistart SGD + Momentum + L2,3972,0.029866775513026675
Основная: Multistart SGD + Momentum + L2,3973,0.029903862707039607
Основная: Multistart SGD + Momentum + L2,3974,0.029958638346151836
Основная: Multistart SGD + Momentum + L2,3975,0.030052091204599275
Основная: Multistart SGD + Momentum + L2,3976,0.0301525225965695
Основная: Multistart SGD + Momentum + L2,3977,0.030296305406185685
Основная: Multistart SGD + Momentum + L2,3978,0.030403793881841903
Основная: Multistart SGD + Momentum + L2,3979,0.030526264514597123
Основная: Multistart SGD + Momentum + L2,3980,0.03067213997302693
Основная: Multistart SGD + Momentum + L2,3981,0.03073243532529759
Основная: Multistart SGD + Momentum + L2,3982,0.030736238475826412
Основная: Multistart SGD + Momentum + L2,3983,0.030690575188672548
Основная: Multistart SGD + Momentum + L2,3984,0.030638008883436315
Основная: Multistart SGD + Momentum + L2,3985,0.030565593019114323
Основная: Multistart SGD + Momentum + L2,3986,0.030485653673362364
Основная: Multistart SGD + Momentum + L2,3987,0.030358498928866745
Основная: Multistart SGD + Momentum + L2,3988,0.03022702270018303
Основная: Multistart SGD + Momentum + L2,3989,0.030107908987912785
Основная: Multistart SGD + Momentum + L2,3990,0.030116174280177186
Основная: Multistart SGD + Momentum + L2,3991,0.030117750040204002
Основная: Multistart SGD + Momentum + L2,3992,0.030102366890634488
Основная: Multistart SGD + Momentum + L2,3993,0.03005838634029861
Основная: Multistart SGD + Momentum + L2,3994,0.030004452320329184
Основная: Multistart SGD + Momentum + L2,3995,0.029952527627393692
Основная: Multistart SGD + Momentum + L2,3996,0.029884763368764514
Основная: Multistart SGD + Momentum + L2,3997,0.02981748140417189
Основная: Multistart SGD + Momentum + L2,3998,0.02976352668931153
Основная: Multistart SGD + Momentum + L2,3999,0.029699262527650608
Основная: Multistart SGD + Momentum + L2,4000,0.029642641933244673
Основная: Multistart SGD + Momentum + L2,4001,0.029604609727153036
Основная: Multistart SGD + Momentum + L2,4002,0.029578583966543323
Основная: Multistart SGD + Momentum + L2,4003,0.029564582395701783
Основная: Multistart SGD + Momentum + L2,4004,0.029561372665692694
Основная: Multistart SGD + Momentum + L2,4005,0.02956658211709791
Основная: Multistart SGD + Momentum + L2,4006,0.02958118288481132
Основная: Multistart SGD + Momentum + L2,4007,0.02960710255508968
Основная: Multistart SGD + Momentum + L2,4008,0.02962965042026369
Основная: Multistart SGD + Momentum + L2,4009,0.029663835681574515
Основная: Multistart SGD + Momentum + L2,4010,0.0296880635872066
Основная: Multistart SGD + Momentum + L2,4011,0.029707744175061196
Основная: Multistart SGD + Momentum + L2,4012,0.029741281935713737
Основная: Multistart SGD + Momentum + L2,4013,0.029746166217000675
Основная: Multistart SGD + Momentum + L2,4014,0.0297238390908165
Основная: Multistart SGD + Momentum + L2,4015,0.029685416041100966
Основная: Multistart SGD + Momentum + L2,4016,0.02966423211225245
Основная: Multistart SGD + Momentum + L2,4017,0.02963250755037754
Основная: Multistart SGD + Momentum + L2,4018,0.029609508738882132
Основная: Multistart SGD + Momentum + L2,4019,0.029584252654378834
Основная: Multistart SGD + Momentum + L2,4020,0.029566007025503625
Основная: Multistart SGD + Momentum + L2,4021,0.029549954670563636
Основная: Multistart SGD + Momentum + L2,4022,0.029542279772298632
Основная: Multistart SGD + Momentum + L2,4023,0.029530038009380435
Основная: Multistart SGD + Momentum + L2,4024,0.029529311901876833
Основная: Multistart SGD + Momentum + L2,4025,0.02953267471448214
Основная: Multistart SGD + Momentum + L2,4026,0.02953933043694763
Основная: Multistart SGD + Momentum + L2,4027,0.02954699849109933
Основная: Multistart SGD + Momentum + L2,4028,0.029566319507521175
Основная: Multistart SGD + Momentum + L2,4029,0.029594284834439124
Основная: Multistart SGD + Momentum + L2,4030,0.029628037775800933
Основная: Multistart SGD + Momentum + L2,4031,0.029649771329890877
Основная: Multistart SGD + Momentum + L2,4032,0.02966336853056131
Основная: Multistart SGD + Momentum + L2,4033,0.029714588399644297
Основная: Multistart SGD + Momentum + L2,4034,0.029759577859009755
Основная: Multistart SGD + Momentum + L2,4035,0.029795236101655347
Основная: Multistart SGD + Momentum + L2,4036,0.02980908205034973
Основная: Multistart SGD + Momentum + L2,4037,0.02983170993476959
Основная: Multistart SGD + Momentum + L2,4038,0.029894140714147522
Основная: Multistart SGD + Momentum + L2,4039,0.02995356873970746
Основная: Multistart SGD + Momentum + L2,4040,0.029998466480208996
Основная: Multistart SGD + Momentum + L2,4041,0.030031126130303107
Основная: Multistart SGD + Momentum + L2,4042,0.03004376822729778
Основная: Multistart SGD + Momentum + L2,4043,0.030045327496762052
Основная: Multistart SGD + Momentum + L2,4044,0.030032828560438922
Основная: Multistart SGD + Momentum + L2,4045,0.03000890599276874
Основная: Multistart SGD + Momentum + L2,4046,0.029969352303792794
Основная: Multistart SGD + Momentum + L2,4047,0.029926866247016314
Основная: Multistart SGD + Momentum + L2,4048,0.029908343918564218
Основная: Multistart SGD + Momentum + L2,4049,0.029881707695981113
Основная: Multistart SGD + Momentum + L2,4050,0.029843041851048083
Основная: Multistart SGD + Momentum + L2,4051,0.029854358402732616
Основная: Multistart SGD + Momentum + L2,4052,0.02985707019874899
Основная: Multistart SGD + Momentum + L2,4053,0.029867264068468093
Основная: Multistart SGD + Momentum + L2,4054,0.029851833453138833
Основная: Multistart SGD + Momentum + L2,4055,0.029838503281178402
Основная: Multistart SGD + Momentum + L2,4056,0.029832832053159515
Основная: Multistart SGD + Momentum + L2,4057,0.029844604308284478
Основная: Multistart SGD + Momentum + L2,4058,0.02987188423700076
Основная: Multistart SGD + Momentum + L2,4059,0.02989874581670896
Основная: Multistart SGD + Momentum + L2,4060,0.029917855471170488
Основная: Multistart SGD + Momentum + L2,4061,0.029915857785618158
Основная: Multistart SGD + Momentum + L2,4062,0.02989814141429843
Основная: Multistart SGD + Momentum + L2,4063,0.029888187968404815
Основная: Multistart SGD + Momentum + L2,4064,0.02986380890276804
Основная: Multistart SGD + Momentum + L2,4065,0.029840295144775725
Основная: Multistart SGD + Momentum + L2,4066,0.029817309850719936
Основная: Multistart SGD + Momentum + L2,4067,0.029785199213880016
Основная: Multistart SGD + Momentum + L2,4068,0.029758615621379242
Основная: Multistart SGD + Momentum + L2,4069,0.029747894156415707
Основная: Multistart SGD + Momentum + L2,4070,0.029739374537051954
Основная: Multistart SGD + Momentum + L2,4071,0.029732221693712486
Основная: Multistart SGD + Momentum + L2,4072,0.029719585159275384
Основная: Multistart SGD + Momentum + L2,4073,0.02970984113129562
Основная: Multistart SGD + Momentum + L2,4074,0.02970398716513034
Основная: Multistart SGD + Momentum + L2,4075,0.029696390873308606
Основная: Multistart SGD + Momentum + L2,4076,0.02968475061918722
Основная: Multistart SGD + Momentum + L2,4077,0.029677569243842128
Основная: Multistart SGD + Momentum + L2,4078,0.029659122636373835
Основная: Multistart SGD + Momentum + L2,4079,0.02965201186212586
Основная: Multistart SGD + Momentum + L2,4080,0.029646067574688652
Основная: Multistart SGD + Momentum + L2,4081,0.029640782583108136
Основная: Multistart SGD + Momentum + L2,4082,0.029637407669153928
Основная: Multistart SGD + Momentum + L2,4083,0.02963646661563406
Основная: Multistart SGD + Momentum + L2,4084,0.02963565571632009
Основная: Multistart SGD + Momentum + L2,4085,0.029634907582615125
Основная: Multistart SGD + Momentum + L2,4086,0.029635537256457508
Основная: Multistart SGD + Momentum + L2,4087,0.029648038251422565
Основная: Multistart SGD + Momentum + L2,4088,0.029660240268988967
Основная: Multistart SGD + Momentum + L2,4089,0.029663752656186947
Основная: Multistart SGD + Momentum + L2,4090,0.029663679167405362
Основная: Multistart SGD + Momentum + L2,4091,0.029659651827351256
Основная: Multistart SGD + Momentum + L2,4092,0.029658024701955752
Основная: Multistart SGD + Momentum + L2,4093,0.029657458993379883
Основная: Multistart SGD + Momentum + L2,4094,0.029662353662483956
Основная: Multistart SGD + Momentum + L2,4095,0.029674531526647677
Основная: Multistart SGD + Momentum + L2,4096,0.029686134347455078
Основная: Multistart SGD + Momentum + L2,4097,0.029703756575712986
Основная: Multistart SGD + Momentum + L2,4098,0.029743360398715342
Основная: Multistart SGD + Momentum + L2,4099,0.02978462732626481
Основная: Multistart SGD + Momentum + L2,4100,0.02981086840565312
Основная: Multistart SGD + Momentum + L2,4101,0.02982626969987589
Основная: Multistart SGD + Momentum + L2,4102,0.029824777619868702
Основная: Multistart SGD + Momentum + L2,4103,0.02982077774953893
Основная: Multistart SGD + Momentum + L2,4104,0.029809739739280285
Основная: Multistart SGD + Momentum + L2,4105,0.029790217042139862
Основная: Multistart SGD + Momentum + L2,4106,0.029775839617243404
Основная: Multistart SGD + Momentum + L2,4107,0.029762398985331503
Основная: Multistart SGD + Momentum + L2,4108,0.029784300165121517
Основная: Multistart SGD + Momentum + L2,4109,0.029823747134275963
Основная: Multistart SGD + Momentum + L2,4110,0.029858898190045047
Основная: Multistart SGD + Momentum + L2,4111,0.029882689018295702
Основная: Multistart SGD + Momentum + L2,4112,0.029896946596455497
Основная: Multistart SGD + Momentum + L2,4113,0.029910027605514297
Основная: Multistart SGD + Momentum + L2,4114,0.029917378885310753
Основная: Multistart SGD + Momentum + L2,4115,0.029925092644656193
Основная: Multistart SGD + Momentum + L2,4116,0.02991442979215553
Основная: Multistart SGD + Momentum + L2,4117,0.02990341375359631
Основная: Multistart SGD + Momentum + L2,4118,0.029887253384990833
Основная: Multistart SGD + Momentum + L2,4119,0.02986041286699769
Основная: Multistart SGD + Momentum + L2,4120,0.029834795227579484
Основная: Multistart SGD + Momentum + L2,4121,0.029811914652302502
Основная: Multistart SGD + Momentum + L2,4122,0.0297939933027849
Основная: Multistart SGD + Momentum + L2,4123,0.029782370878539355
Основная: Multistart SGD + Momentum + L2,4124,0.02976166516094395
Основная: Multistart SGD + Momentum + L2,4125,0.02974425528377135
Основная: Multistart SGD + Momentum + L2,4126,0.029727251993037124
Основная: Multistart SGD + Momentum + L2,4127,0.029707863638050093
Основная: Multistart SGD + Momentum + L2,4128,0.029690646324186457
Основная: Multistart SGD + Momentum + L2,4129,0.029675642469290837
Основная: Multistart SGD + Momentum + L2,4130,0.029662662241073876
Основная: Multistart SGD + Momentum + L2,4131,0.029653256442703193
Основная: Multistart SGD + Momentum + L2,4132,0.02964516809595149
Основная: Multistart SGD + Momentum + L2,4133,0.029634640948242374
Основная: Multistart SGD + Momentum + L2,4134,0.029625839986276655
Основная: Multistart SGD + Momentum + L2,4135,0.029616000087532686
Основная: Multistart SGD + Momentum + L2,4136,0.02961094009313484
Основная: Multistart SGD + Momentum + L2,4137,0.02960155295037477
Основная: Multistart SGD + Momentum + L2,4138,0.029593250460681005
Основная: Multistart SGD + Momentum + L2,4139,0.029583701898082914
Основная: Multistart SGD + Momentum + L2,4140,0.02957770689521258
Основная: Multistart SGD + Momentum + L2,4141,0.029575090191915038
Основная: Multistart SGD + Momentum + L2,4142,0.02957054226314861
Основная: Multistart SGD + Momentum + L2,4143,0.029566570994357395
Основная: Multistart SGD + Momentum + L2,4144,0.029562957579812175
Основная: Multistart SGD + Momentum + L2,4145,0.029559460011740823
Основная: Multistart SGD + Momentum + L2,4146,0.029557217530707714
Основная: Multistart SGD + Momentum + L2,4147,0.029554940129736536
Основная: Multistart SGD + Momentum + L2,4148,0.02955532173716014
Основная: Multistart SGD + Momentum + L2,4149,0.02955966606369103
Основная: Multistart SGD + Momentum + L2,4150,0.029567741955889813
Основная: Multistart SGD + Momentum + L2,4151,0.02958667612493339
Основная: Multistart SGD + Momentum + L2,4152,0.029610045096127857
Основная: Multistart SGD + Momentum + L2,4153,0.029633539900158604
Основная: Multistart SGD + Momentum + L2,4154,0.029654576622557067
Основная: Multistart SGD + Momentum + L2,4155,0.029680383186707338
Основная: Multistart SGD + Momentum + L2,4156,0.02971872240439264
Основная: Multistart SGD + Momentum + L2,4157,0.029750314756162407
Основная: Multistart SGD + Momentum + L2,4158,0.02979199743864551
Основная: Multistart SGD + Momentum + L2,4159,0.029823626949359614
Основная: Multistart SGD + Momentum + L2,4160,0.029859538399874864
Основная: Multistart SGD + Momentum + L2,4161,0.029861012894320214
Основная: Multistart SGD + Momentum + L2,4162,0.029863561210889133
Основная: Multistart SGD + Momentum + L2,4163,0.029867711651469266
Основная: Multistart SGD + Momentum + L2,4164,0.029880031521563825
Основная: Multistart SGD + Momentum + L2,4165,0.02986527407273664
Основная: Multistart SGD + Momentum + L2,4166,0.02980913122419977
Основная: Multistart SGD + Momentum + L2,4167,0.029762904215930724
Основная: Multistart SGD + Momentum + L2,4168,0.02973906536884988
Основная: Multistart SGD + Momentum + L2,4169,0.029704790750079223
Основная: Multistart SGD + Momentum + L2,4170,0.029653834327295115
Основная: Multistart SGD + Momentum + L2,4171,0.02962637595278498
Основная: Multistart SGD + Momentum + L2,4172,0.02959515832459543
Основная: Multistart SGD + Momentum + L2,4173,0.029569878306236242
Основная: Multistart SGD + Momentum + L2,4174,0.02955209068589927
Основная: Multistart SGD + Momentum + L2,4175,0.02953744246956358
Основная: Multistart SGD + Momentum + L2,4176,0.0295275347339008
Основная: Multistart SGD + Momentum + L2,4177,0.02952094763063069
Основная: Multistart SGD + Momentum + L2,4178,0.029516293717913613
Основная: Multistart SGD + Momentum + L2,4179,0.029513791789362885
Основная: Multistart SGD + Momentum + L2,4180,0.029512963797349735
Основная: Multistart SGD + Momentum + L2,4181,0.029511604430107523
Основная: Multistart SGD + Momentum + L2,4182,0.02951087287913923
Основная: Multistart SGD + Momentum + L2,4183,0.02951055932674616
Основная: Multistart SGD + Momentum + L2,4184,0.02951004500761659
Основная: Multistart SGD + Momentum + L2,4185,0.02951046872160098
Основная: Multistart SGD + Momentum + L2,4186,0.029511845641075802
Основная: Multistart SGD + Momentum + L2,4187,0.029515158251674656
Основная: Multistart SGD + Momentum + L2,4188,0.02951637754237563
Основная: Multistart SGD + Momentum + L2,4189,0.029518954573144067
Основная: Multistart SGD + Momentum + L2,4190,0.029523506673987093
Основная: Multistart SGD + Momentum + L2,4191,0.029537491563441726
Основная: Multistart SGD + Momentum + L2,4192,0.02955193311847507
Основная: Multistart SGD + Momentum + L2,4193,0.029572092702699233
Основная: Multistart SGD + Momentum + L2,4194,0.029593413213602215
Основная: Multistart SGD + Momentum + L2,4195,0.029596307370951338
Основная: Multistart SGD + Momentum + L2,4196,0.029585722308940236
Основная: Multistart SGD + Momentum + L2,4197,0.029572831148644604
Основная: Multistart SGD + Momentum + L2,4198,0.029564464323452513
Основная: Multistart SGD + Momentum + L2,4199,0.02956213753963796
Основная: Multistart SGD + Momentum + L2,4200,0.02951764638409419
Основная: Multistart SGD + Momentum + L2,4201,0.029486631931015767
Основная: Multistart SGD + Momentum + L2,4202,0.02947492456331331
Основная: Multistart SGD + Momentum + L2,4203,0.029485153001504845
Основная: Multistart SGD + Momentum + L2,4204,0.02950751977221337
Основная: Multistart SGD + Momentum + L2,4205,0.02953270332858952
Основная: Multistart SGD + Momentum + L2,4206,0.029546177460682863
Основная: Multistart SGD + Momentum + L2,4207,0.02954849183464057
Основная: Multistart SGD + Momentum + L2,4208,0.02954446757142656
Основная: Multistart SGD + Momentum + L2,4209,0.02952175948547023
Основная: Multistart SGD + Momentum + L2,4210,0.0294992226770139
Основная: Multistart SGD + Momentum + L2,4211,0.02948486604123624
Основная: Multistart SGD + Momentum + L2,4212,0.02947187177561626
Основная: Multistart SGD + Momentum + L2,4213,0.029472677322260107
Основная: Multistart SGD + Momentum + L2,4214,0.029477883291570695
Основная: Multistart SGD + Momentum + L2,4215,0.02949390802049952
Основная: Multistart SGD + Momentum + L2,4216,0.02951689861838407
Основная: Multistart SGD + Momentum + L2,4217,0.02954609303799256
Основная: Multistart SGD + Momentum + L2,4218,0.029569937537024693
Основная: Multistart SGD + Momentum + L2,4219,0.029584695828565363
Основная: Multistart SGD + Momentum + L2,4220,0.02958427986657102
Основная: Multistart SGD + Momentum + L2,4221,0.02958152280822405
Основная: Multistart SGD + Momentum + L2,4222,0.02957317046635253
Основная: Multistart SGD + Momentum + L2,4223,0.02956040919151708
Основная: Multistart SGD + Momentum + L2,4224,0.029543484546538667
Основная: Multistart SGD + Momentum + L2,4225,0.029527270179462738
Основная: Multistart SGD + Momentum + L2,4226,0.02950556977583859
Основная: Multistart SGD + Momentum + L2,4227,0.0294877243862516
Основная: Multistart SGD + Momentum + L2,4228,0.029496571323581956
Основная: Multistart SGD + Momentum + L2,4229,0.029495200036250814
Основная: Multistart SGD + Momentum + L2,4230,0.029500082709482157
Основная: Multistart SGD + Momentum + L2,4231,0.02949987916817948
Основная: Multistart SGD + Momentum + L2,4232,0.029519842853523954
Основная: Multistart SGD + Momentum + L2,4233,0.029535676095192875
Основная: Multistart SGD + Momentum + L2,4234,0.029563113484868314
Основная: Multistart SGD + Momentum + L2,4235,0.02958675020994841
Основная: Multistart SGD + Momentum + L2,4236,0.029603910847638533
Основная: Multistart SGD + Momentum + L2,4237,0.0296250490893579
Основная: Multistart SGD + Momentum + L2,4238,0.029659330171085293
Основная: Multistart SGD + Momentum + L2,4239,0.02968265440939457
Основная: Multistart SGD + Momentum + L2,4240,0.029696951427760392
Основная: Multistart SGD + Momentum + L2,4241,0.029698413486868847
Основная: Multistart SGD + Momentum + L2,4242,0.029669048081134786
Основная: Multistart SGD + Momentum + L2,4243,0.029646137689530422
Основная: Multistart SGD + Momentum + L2,4244,0.0296195611188195
Основная: Multistart SGD + Momentum + L2,4245,0.029580224357990473
Основная: Multistart SGD + Momentum + L2,4246,0.029546889138148315
Основная: Multistart SGD + Momentum + L2,4247,0.02952177300296939
Основная: Multistart SGD + Momentum + L2,4248,0.029530895251355736
Основная: Multistart SGD + Momentum + L2,4249,0.029536909444418002
Основная: Multistart SGD + Momentum + L2,4250,0.02953836904786434
Основная: Multistart SGD + Momentum + L2,4251,0.029526977134382733
Основная: Multistart SGD + Momentum + L2,4252,0.02952191996157235
Основная: Multistart SGD + Momentum + L2,4253,0.029517116631993513
Основная: Multistart SGD + Momentum + L2,4254,0.029518994476603642
Основная: Multistart SGD + Momentum + L2,4255,0.02954096593849947
Основная: Multistart SGD + Momentum + L2,4256,0.02959144213710815
Основная: Multistart SGD + Momentum + L2,4257,0.029655792246480142
Основная: Multistart SGD + Momentum + L2,4258,0.02971575526560288
Основная: Multistart SGD + Momentum + L2,4259,0.02980864577965623
Основная: Multistart SGD + Momentum + L2,4260,0.02987181062798157
Основная: Multistart SGD + Momentum + L2,4261,0.029930487298738862
Основная: Multistart SGD + Momentum + L2,4262,0.029961488602015696
Основная: Multistart SGD + Momentum + L2,4263,0.029995273781765107
Основная: Multistart SGD + Momentum + L2,4264,0.03006479491741502
Основная: Multistart SGD + Momentum + L2,4265,0.03010797211213021
Основная: Multistart SGD + Momentum + L2,4266,0.03012743553685219
Основная: Multistart SGD + Momentum + L2,4267,0.03012595460699756
Основная: Multistart SGD + Momentum + L2,4268,0.030112954872320675
Основная: Multistart SGD + Momentum + L2,4269,0.03011850534406986
Основная: Multistart SGD + Momentum + L2,4270,0.030131546194767784
Основная: Multistart SGD + Momentum + L2,4271,0.03012351629258201
Основная: Multistart SGD + Momentum + L2,4272,0.030096031152711256
Основная: Multistart SGD + Momentum + L2,4273,0.030051101063954838
Основная: Multistart SGD + Momentum + L2,4274,0.029982299161995813
Основная: Multistart SGD + Momentum + L2,4275,0.029917060298491737
Основная: Multistart SGD + Momentum + L2,4276,0.029850281449629857
Основная: Multistart SGD + Momentum + L2,4277,0.029797474030350973
Основная: Multistart SGD + Momentum + L2,4278,0.02977108273110164
Основная: Multistart SGD + Momentum + L2,4279,0.02974729666791258
Основная: Multistart SGD + Momentum + L2,4280,0.029732299578042437
Основная: Multistart SGD + Momentum + L2,4281,0.029715306519066842
Основная: Multistart SGD + Momentum + L2,4282,0.029684766939869826
Основная: Multistart SGD + Momentum + L2,4283,0.029670376863067893
Основная: Multistart SGD + Momentum + L2,4284,0.02965467126090237
Основная: Multistart SGD + Momentum + L2,4285,0.029662641116246637
Основная: Multistart SGD + Momentum + L2,4286,0.02968150028919412
Основная: Multistart SGD + Momentum + L2,4287,0.02969599441030168
Основная: Multistart SGD + Momentum + L2,4288,0.02969634465533994
Основная: Multistart SGD + Momentum + L2,4289,0.029700456600575388
Основная: Multistart SGD + Momentum + L2,4290,0.029698960313630292
Основная: Multistart SGD + Momentum + L2,4291,0.02970171524035135
Основная: Multistart SGD + Momentum + L2,4292,0.02971589964023774
Основная: Multistart SGD + Momentum + L2,4293,0.029714257295487236
Основная: Multistart SGD + Momentum + L2,4294,0.029703640363307107
Основная: Multistart SGD + Momentum + L2,4295,0.029685665496918003
Основная: Multistart SGD + Momentum + L2,4296,0.029676876186602648
Основная: Multistart SGD + Momentum + L2,4297,0.02968368613947286
Основная: Multistart SGD + Momentum + L2,4298,0.02967877163389061
Основная: Multistart SGD + Momentum + L2,4299,0.029663668306902757
Основная: Multistart SGD + Momentum + L2,4300,0.02967124800189576
Основная: Multistart SGD + Momentum + L2,4301,0.02966925968707526
Основная: Multistart SGD + Momentum + L2,4302,0.029663053304358308
Основная: Multistart SGD + Momentum + L2,4303,0.029664059483730902
Основная: Multistart SGD + Momentum + L2,4304,0.029652444135559487
Основная: Multistart SGD + Momentum + L2,4305,0.02962726890279949
Основная: Multistart SGD + Momentum + L2,4306,0.029597394934900517
Основная: Multistart SGD + Momentum + L2,4307,0.02956607541533433
Основная: Multistart SGD + Momentum + L2,4308,0.029535010454726545
Основная: Multistart SGD + Momentum + L2,4309,0.029512059557567187
Основная: Multistart SGD + Momentum + L2,4310,0.02949127080355213
Основная: Multistart SGD + Momentum + L2,4311,0.029481672017056555
Основная: Multistart SGD + Momentum + L2,4312,0.029475266469238058
Основная: Multistart SGD + Momentum + L2,4313,0.029471631443280442
Основная: Multistart SGD + Momentum + L2,4314,0.02946957181757917
Основная: Multistart SGD + Momentum + L2,4315,0.029467685925184294
Основная: Multistart SGD + Momentum + L2,4316,0.029465737130607097
Основная: Multistart SGD + Momentum + L2,4317,0.02946331984700564
Основная: Multistart SGD + Momentum + L2,4318,0.029461017732908733
Основная: Multistart SGD + Momentum + L2,4319,0.02945711702579997
Основная: Multistart SGD + Momentum + L2,4320,0.029454890985421516
Основная: Multistart SGD + Momentum + L2,4321,0.029452845645529097
Основная: Multistart SGD + Momentum + L2,4322,0.029454175938261298
Основная: Multistart SGD + Momentum + L2,4323,0.029455707069020256
Основная: Multistart SGD + Momentum + L2,4324,0.029458358677033208
Основная: Multistart SGD + Momentum + L2,4325,0.029461389553406856
Основная: Multistart SGD + Momentum + L2,4326,0.029465428570258946
Основная: Multistart SGD + Momentum + L2,4327,0.029466728936685536
Основная: Multistart SGD + Momentum + L2,4328,0.029468416125536145
Основная: Multistart SGD + Momentum + L2,4329,0.029471555936421572
Основная: Multistart SGD + Momentum + L2,4330,0.029464841345193452
Основная: Multistart SGD + Momentum + L2,4331,0.02946597730629583
Основная: Multistart SGD + Momentum + L2,4332,0.029465037556858358
Основная: Multistart SGD + Momentum + L2,4333,0.029467174460159503
Основная: Multistart SGD + Momentum + L2,4334,0.02946342485284228
Основная: Multistart SGD + Momentum + L2,4335,0.029460892124466467
Основная: Multistart SGD + Momentum + L2,4336,0.029457539008758128
Основная: Multistart SGD + Momentum + L2,4337,0.029456451204091745
Основная: Multistart SGD + Momentum + L2,4338,0.029461960958864813
Основная: Multistart SGD + Momentum + L2,4339,0.029474330261946548
Основная: Multistart SGD + Momentum + L2,4340,0.029494272941428937
Основная: Multistart SGD + Momentum + L2,4341,0.02950942041295301
Основная: Multistart SGD + Momentum + L2,4342,0.02951780894264584
Основная: Multistart SGD + Momentum + L2,4343,0.029551101382492697
Основная: Multistart SGD + Momentum + L2,4344,0.029587449990422954
Основная: Multistart SGD + Momentum + L2,4345,0.029623600637344136
Основная: Multistart SGD + Momentum + L2,4346,0.029653212498841328
Основная: Multistart SGD + Momentum + L2,4347,0.02968515687767137
Основная: Multistart SGD + Momentum + L2,4348,0.029731763066026425
Основная: Multistart SGD + Momentum + L2,4349,0.029815644220964194
Основная: Multistart SGD + Momentum + L2,4350,0.02988956322771735
Основная: Multistart SGD + Momentum + L2,4351,0.029965890906197078
Основная: Multistart SGD + Momentum + L2,4352,0.030006876048924564
Основная: Multistart SGD + Momentum + L2,4353,0.030040955914267885
Основная: Multistart SGD + Momentum + L2,4354,0.030080791609743404
Основная: Multistart SGD + Momentum + L2,4355,0.030099981371724135
Основная: Multistart SGD + Momentum + L2,4356,0.030099055973052236
Основная: Multistart SGD + Momentum + L2,4357,0.030097398788102945
Основная: Multistart SGD + Momentum + L2,4358,0.030076187898955307
Основная: Multistart SGD + Momentum + L2,4359,0.030039915763689702
Основная: Multistart SGD + Momentum + L2,4360,0.029996653538949328
Основная: Multistart SGD + Momentum + L2,4361,0.030006884782038258
Основная: Multistart SGD + Momentum + L2,4362,0.029995915873191007
Основная: Multistart SGD + Momentum + L2,4363,0.02996434711409604
Основная: Multistart SGD + Momentum + L2,4364,0.029924514457146383
Основная: Multistart SGD + Momentum + L2,4365,0.02985760212690371
Основная: Multistart SGD + Momentum + L2,4366,0.029792991062120636
Основная: Multistart SGD + Momentum + L2,4367,0.02976142558361926
Основная: Multistart SGD + Momentum + L2,4368,0.02972024208313491
Основная: Multistart SGD + Momentum + L2,4369,0.02967809721247742
Основная: Multistart SGD + Momentum + L2,4370,0.02962846491964554
Основная: Multistart SGD + Momentum + L2,4371,0.02957018937868304
Основная: Multistart SGD + Momentum + L2,4372,0.029514860603358766
Основная: Multistart SGD + Momentum + L2,4373,0.029466287259112885
Основная: Multistart SGD + Momentum + L2,4374,0.02943899874303127
Основная: Multistart SGD + Momentum + L2,4375,0.029437881775683496
Основная: Multistart SGD + Momentum + L2,4376,0.02944077525396263
Основная: Multistart SGD + Momentum + L2,4377,0.029443909846237223
Основная: Multistart SGD + Momentum + L2,4378,0.029454718124925488
Основная: Multistart SGD + Momentum + L2,4379,0.029466160358105124
Основная: Multistart SGD + Momentum + L2,4380,0.029474564766207325
Основная: Multistart SGD + Momentum + L2,4381,0.029515551628197505
Основная: Multistart SGD + Momentum + L2,4382,0.02955294612152535
Основная: Multistart SGD + Momentum + L2,4383,0.029587307127555536
Основная: Multistart SGD + Momentum + L2,4384,0.029634088686945073
Основная: Multistart SGD + Momentum + L2,4385,0.029658076333417584
Основная: Multistart SGD + Momentum + L2,4386,0.029677454764481654
Основная: Multistart SGD + Momentum + L2,4387,0.029697838162072863
Основная: Multistart SGD + Momentum + L2,4388,0.029709574574430415
Основная: Multistart SGD + Momentum + L2,4389,0.02971432174738909
Основная: Multistart SGD + Momentum + L2,4390,0.029708631248612512
Основная: Multistart SGD + Momentum + L2,4391,0.029699799826938152
Основная: Multistart SGD + Momentum + L2,4392,0.02970554661243677
Основная: Multistart SGD + Momentum + L2,4393,0.029706604878399358
Основная: Multistart SGD + Momentum + L2,4394,0.02970531724916325
Основная: Multistart SGD + Momentum + L2,4395,0.029702083236277207
Основная: Multistart SGD + Momentum + L2,4396,0.029698813218163526
Основная: Multistart SGD + Momentum + L2,4397,0.029683590762935665
Основная: Multistart SGD + Momentum + L2,4398,0.029678165723437514
Основная: Multistart SGD + Momentum + L2,4399,0.02967772911540067
Основная: Multistart SGD + Momentum + L2,4400,0.029655605702382123
Основная: Multistart SGD + Momentum + L2,4401,0.029627818461601164
Основная: Multistart SGD + Momentum + L2,4402,0.029625281197473576
Основная: Multistart SGD + Momentum + L2,4403,0.02963822648287672
Основная: Multistart SGD + Momentum + L2,4404,0.02966482367353699
Основная: Multistart SGD + Momentum + L2,4405,0.029678088682233175
Основная: Multistart SGD + Momentum + L2,4406,0.029691777638773592
Основная: Multistart SGD + Momentum + L2,4407,0.029706282946695098
Основная: Multistart SGD + Momentum + L2,4408,0.02972112147377056
Основная: Multistart SGD + Momentum + L2,4409,0.02973296918249738
Основная: Multistart SGD + Momentum + L2,4410,0.029745183421075214
Основная: Multistart SGD + Momentum + L2,4411,0.029762060748036855
Основная: Multistart SGD + Momentum + L2,4412,0.029760901065202305
Основная: Multistart SGD + Momentum + L2,4413,0.029768122976258166
Основная: Multistart SGD + Momentum + L2,4414,0.02977980123210643
Основная: Multistart SGD + Momentum + L2,4415,0.029803089487568667
Основная: Multistart SGD + Momentum + L2,4416,0.029839878898677733
Основная: Multistart SGD + Momentum + L2,4417,0.029828688235619617
Основная: Multistart SGD + Momentum + L2,4418,0.02983820794028495
Основная: Multistart SGD + Momentum + L2,4419,0.02985863082653015
Основная: Multistart SGD + Momentum + L2,4420,0.029890260856023965
Основная: Multistart SGD + Momentum + L2,4421,0.02992602863960808
Основная: Multistart SGD + Momentum + L2,4422,0.0299740534650581
Основная: Multistart SGD + Momentum + L2,4423,0.030015445073648863
Основная: Multistart SGD + Momentum + L2,4424,0.030047720889305733
Основная: Multistart SGD + Momentum + L2,4425,0.030045906236981147
Основная: Multistart SGD + Momentum + L2,4426,0.030047774185677945
Основная: Multistart SGD + Momentum + L2,4427,0.030078815091479007
Основная: Multistart SGD + Momentum + L2,4428,0.03009567213451419
Основная: Multistart SGD + Momentum + L2,4429,0.030087709264080952
Основная: Multistart SGD + Momentum + L2,4430,0.03001793908456145
Основная: Multistart SGD + Momentum + L2,4431,0.029922120267051423
Основная: Multistart SGD + Momentum + L2,4432,0.02978385866786717
Основная: Multistart SGD + Momentum + L2,4433,0.02969250005588046
Основная: Multistart SGD + Momentum + L2,4434,0.029602342031799914
Основная: Multistart SGD + Momentum + L2,4435,0.02953983179560628
Основная: Multistart SGD + Momentum + L2,4436,0.029504333833029753
Основная: Multistart SGD + Momentum + L2,4437,0.02947752839630766
Основная: Multistart SGD + Momentum + L2,4438,0.02945485951147575
Основная: Multistart SGD + Momentum + L2,4439,0.02943481184213443
Основная: Multistart SGD + Momentum + L2,4440,0.02942332871024769
Основная: Multistart SGD + Momentum + L2,4441,0.02940618609955987
Основная: Multistart SGD + Momentum + L2,4442,0.029395061119593408
Основная: Multistart SGD + Momentum + L2,4443,0.029388229053760782
Основная: Multistart SGD + Momentum + L2,4444,0.02937758807833755
Основная: Multistart SGD + Momentum + L2,4445,0.029365855041338446
Основная: Multistart SGD + Momentum + L2,4446,0.029358988980922346
Основная: Multistart SGD + Momentum + L2,4447,0.029356066563898598
Основная: Multistart SGD + Momentum + L2,4448,0.02935397222380445
Основная: Multistart SGD + Momentum + L2,4449,0.029352964665485478
Основная: Multistart SGD + Momentum + L2,4450,0.029351730836336725
Основная: Multistart SGD + Momentum + L2,4451,0.029353772953220364
Основная: Multistart SGD + Momentum + L2,4452,0.029357033646464553
Основная: Multistart SGD + Momentum + L2,4453,0.02935644141738956
Основная: Multistart SGD + Momentum + L2,4454,0.029354085596282695
Основная: Multistart SGD + Momentum + L2,4455,0.029352791884259884
Основная: Multistart SGD + Momentum + L2,4456,0.029352450892575186
Основная: Multistart SGD + Momentum + L2,4457,0.029350290059025376
Основная: Multistart SGD + Momentum + L2,4458,0.02934914147556168
Основная: Multistart SGD + Momentum + L2,4459,0.02934890392802082
Основная: Multistart SGD + Momentum + L2,4460,0.029346394721199834
Основная: Multistart SGD + Momentum + L2,4461,0.029346034348142855
Основная: Multistart SGD + Momentum + L2,4462,0.02935070023161348
Основная: Multistart SGD + Momentum + L2,4463,0.02935216642879108
Основная: Multistart SGD + Momentum + L2,4464,0.02935108718809167
Основная: Multistart SGD + Momentum + L2,4465,0.029357412565075455
Основная: Multistart SGD + Momentum + L2,4466,0.02936361297195691
Основная: Multistart SGD + Momentum + L2,4467,0.029369230590512163
Основная: Multistart SGD + Momentum + L2,4468,0.029368492756093195
Основная: Multistart SGD + Momentum + L2,4469,0.02936928157715641
Основная: Multistart SGD + Momentum + L2,4470,0.029365439036188906
Основная: Multistart SGD + Momentum + L2,4471,0.029368610953448584
Основная: Multistart SGD + Momentum + L2,4472,0.029373389266330395
Основная: Multistart SGD + Momentum + L2,4473,0.029385162573286414
Основная: Multistart SGD + Momentum + L2,4474,0.029396031471393025
Основная: Multistart SGD + Momentum + L2,4475,0.029411068146602545
Основная: Multistart SGD + Momentum + L2,4476,0.02944318769526751
Основная: Multistart SGD + Momentum + L2,4477,0.02947085634456877
Основная: Multistart SGD + Momentum + L2,4478,0.02951835370062537
Основная: Multistart SGD + Momentum + L2,4479,0.02957665951589549
Основная: Multistart SGD + Momentum + L2,4480,0.029630032404383378
Основная: Multistart SGD + Momentum + L2,4481,0.02967081636861811
Основная: Multistart SGD + Momentum + L2,4482,0.02969123723071952
Основная: Multistart SGD + Momentum + L2,4483,0.02970190550561817
Основная: Multistart SGD + Momentum + L2,4484,0.029743022619391362
Основная: Multistart SGD + Momentum + L2,4485,0.02977142488194851
Основная: Multistart SGD + Momentum + L2,4486,0.02978245489104427
Основная: Multistart SGD + Momentum + L2,4487,0.029781746584419806
Основная: Multistart SGD + Momentum + L2,4488,0.029842435564971823
Основная: Multistart SGD + Momentum + L2,4489,0.02989033218494523
Основная: Multistart SGD + Momentum + L2,4490,0.02992994533894834
Основная: Multistart SGD + Momentum + L2,4491,0.029931518418788564
Основная: Multistart SGD + Momentum + L2,4492,0.029913122873222415
Основная: Multistart SGD + Momentum + L2,4493,0.029888950505955122
Основная: Multistart SGD + Momentum + L2,4494,0.029856223206623584
Основная: Multistart SGD + Momentum + L2,4495,0.029829815802025296
Основная: Multistart SGD + Momentum + L2,4496,0.02979374012919312
Основная: Multistart SGD + Momentum + L2,4497,0.029776356277786832
Основная: Multistart SGD + Momentum + L2,4498,0.029748561527236244
Основная: Multistart SGD + Momentum + L2,4499,0.0297103500746745
Основная: Multistart SGD + Momentum + L2,4500,0.029661055573727366
Основная: Multistart SGD + Momentum + L2,4501,0.029621801035686214
Основная: Multistart SGD + Momentum + L2,4502,0.029584582545350513
Основная: Multistart SGD + Momentum + L2,4503,0.029548594004738287
Основная: Multistart SGD + Momentum + L2,4504,0.029508651439579727
Основная: Multistart SGD + Momentum + L2,4505,0.02949284015239749
Основная: Multistart SGD + Momentum + L2,4506,0.029491804617148933
Основная: Multistart SGD + Momentum + L2,4507,0.029487973026694436
Основная: Multistart SGD + Momentum + L2,4508,0.029488501499717497
Основная: Multistart SGD + Momentum + L2,4509,0.029482337784896912
Основная: Multistart SGD + Momentum + L2,4510,0.029467574730586085
Основная: Multistart SGD + Momentum + L2,4511,0.029448669680418687
Основная: Multistart SGD + Momentum + L2,4512,0.029432582124732914
Основная: Multistart SGD + Momentum + L2,4513,0.02942299699871199
Основная: Multistart SGD + Momentum + L2,4514,0.029423131622049396
Основная: Multistart SGD + Momentum + L2,4515,0.029432615830203034
Основная: Multistart SGD + Momentum + L2,4516,0.029448247814232983
Основная: Multistart SGD + Momentum + L2,4517,0.029464412870953183
Основная: Multistart SGD + Momentum + L2,4518,0.029498896522192525
Основная: Multistart SGD + Momentum + L2,4519,0.029532849116184888
Основная: Multistart SGD + Momentum + L2,4520,0.029572489096294452
Основная: Multistart SGD + Momentum + L2,4521,0.029620810606571235
Основная: Multistart SGD + Momentum + L2,4522,0.0297048882107765
Основная: Multistart SGD + Momentum + L2,4523,0.029800421387701156
Основная: Multistart SGD + Momentum + L2,4524,0.029866212653886885
Основная: Multistart SGD + Momentum + L2,4525,0.029907721095349567
Основная: Multistart SGD + Momentum + L2,4526,0.029954534337041903
Основная: Multistart SGD + Momentum + L2,4527,0.029976210141314456
Основная: Multistart SGD + Momentum + L2,4528,0.030012189053724138
Основная: Multistart SGD + Momentum + L2,4529,0.030047561793600304
Основная: Multistart SGD + Momentum + L2,4530,0.030078041984657546
Основная: Multistart SGD + Momentum + L2,4531,0.03003812657273586
Основная: Multistart SGD + Momentum + L2,4532,0.03001245954826908
Основная: Multistart SGD + Momentum + L2,4533,0.02997783082940018
Основная: Multistart SGD + Momentum + L2,4534,0.029914231905399668
Основная: Multistart SGD + Momentum + L2,4535,0.0298674568427223
Основная: Multistart SGD + Momentum + L2,4536,0.029820110107862223
Основная: Multistart SGD + Momentum + L2,4537,0.029785028332198
Основная: Multistart SGD + Momentum + L2,4538,0.029757330608162855
Основная: Multistart SGD + Momentum + L2,4539,0.029729158323017296
Основная: Multistart SGD + Momentum + L2,4540,0.029711623258553237
Основная: Multistart SGD + Momentum + L2,4541,0.029712902248776547
Основная: Multistart SGD + Momentum + L2,4542,0.029704024621092156
Основная: Multistart SGD + Momentum + L2,4543,0.02967898797606773
Основная: Multistart SGD + Momentum + L2,4544,0.02966624516620972
Основная: Multistart SGD + Momentum + L2,4545,0.029636384840209664
Основная: Multistart SGD + Momentum + L2,4546,0.02960977784006332
Основная: Multistart SGD + Momentum + L2,4547,0.029594944329799498
Основная: Multistart SGD + Momentum + L2,4548,0.029600978063230653
Основная: Multistart SGD + Momentum + L2,4549,0.029613048554741214
Основная: Multistart SGD + Momentum + L2,4550,0.029645058243338202
Основная: Multistart SGD + Momentum + L2,4551,0.02970555726888151
Основная: Multistart SGD + Momentum + L2,4552,0.029777892747762415
Основная: Multistart SGD + Momentum + L2,4553,0.02983603187719324
Основная: Multistart SGD + Momentum + L2,4554,0.02990255109461022
Основная: Multistart SGD + Momentum + L2,4555,0.029945334419412245
Основная: Multistart SGD + Momentum + L2,4556,0.029926136954163286
Основная: Multistart SGD + Momentum + L2,4557,0.02993879441084429
Основная: Multistart SGD + Momentum + L2,4558,0.029962775055723964
Основная: Multistart SGD + Momentum + L2,4559,0.029996886242618946
Основная: Multistart SGD + Momentum + L2,4560,0.029974630456780123
Основная: Multistart SGD + Momentum + L2,4561,0.02996945240490987
Основная: Multistart SGD + Momentum + L2,4562,0.02997560310275033
Основная: Multistart SGD + Momentum + L2,4563,0.029990645509316568
Основная: Multistart SGD + Momentum + L2,4564,0.030009876931443965
Основная: Multistart SGD + Momentum + L2,4565,0.030015070614009882
Основная: Multistart SGD + Momentum + L2,4566,0.030035119773352506
Основная: Multistart SGD + Momentum + L2,4567,0.03005954105264059
Основная: Multistart SGD + Momentum + L2,4568,0.030091488430498314
Основная: Multistart SGD + Momentum + L2,4569,0.0301274335126219
Основная: Multistart SGD + Momentum + L2,4570,0.030182576327142975
Основная: Multistart SGD + Momentum + L2,4571,0.030243615589932733
Основная: Multistart SGD + Momentum + L2,4572,0.030280404081160398
Основная: Multistart SGD + Momentum + L2,4573,0.030321051059937768
Основная: Multistart SGD + Momentum + L2,4574,0.030279254942649894
Основная: Multistart SGD + Momentum + L2,4575,0.03024332660623307
Основная: Multistart SGD + Momentum + L2,4576,0.03018797448301735
Основная: Multistart SGD + Momentum + L2,4577,0.030137048251214247
Основная: Multistart SGD + Momentum + L2,4578,0.03008261985300685
Основная: Multistart SGD + Momentum + L2,4579,0.030054724876826196
Основная: Multistart SGD + Momentum + L2,4580,0.030025497480119026
Основная: Multistart SGD + Momentum + L2,4581,0.030008026421852636
Основная: Multistart SGD + Momentum + L2,4582,0.029991034926784784
Основная: Multistart SGD + Momentum + L2,4583,0.029988868466653374
Основная: Multistart SGD + Momentum + L2,4584,0.02992369083460459
Основная: Multistart SGD + Momentum + L2,4585,0.029870770272975376
Основная: Multistart SGD + Momentum + L2,4586,0.02978909126774563
Основная: Multistart SGD + Momentum + L2,4587,0.02969831513992826
Основная: Multistart SGD + Momentum + L2,4588,0.029627681265956895
Основная: Multistart SGD + Momentum + L2,4589,0.0295606862002162
Основная: Multistart SGD + Momentum + L2,4590,0.029513950199284596
Основная: Multistart SGD + Momentum + L2,4591,0.02947490386901282
Основная: Multistart SGD + Momentum + L2,4592,0.02944676834633416
Основная: Multistart SGD + Momentum + L2,4593,0.029428162119930636
Основная: Multistart SGD + Momentum + L2,4594,0.029431854457388145
Основная: Multistart SGD + Momentum + L2,4595,0.029435612241413025
Основная: Multistart SGD + Momentum + L2,4596,0.02944309323444143
Основная: Multistart SGD + Momentum + L2,4597,0.02942865937875704
Основная: Multistart SGD + Momentum + L2,4598,0.029418743970372672
Основная: Multistart SGD + Momentum + L2,4599,0.029404124831382376
Основная: Multistart SGD + Momentum + L2,4600,0.02939369650159003
Основная: Multistart SGD + Momentum + L2,4601,0.029389329699399322
Основная: Multistart SGD + Momentum + L2,4602,0.02938266196216216
Основная: Multistart SGD + Momentum + L2,4603,0.02938905727448848
Основная: Multistart SGD + Momentum + L2,4604,0.029410123643036336
Основная: Multistart SGD + Momentum + L2,4605,0.02943293139161994
Основная: Multistart SGD + Momentum + L2,4606,0.029410736840412864
Основная: Multistart SGD + Momentum + L2,4607,0.029396123354864325
Основная: Multistart SGD + Momentum + L2,4608,0.02937881740986236
Основная: Multistart SGD + Momentum + L2,4609,0.029374045840550013
Основная: Multistart SGD + Momentum + L2,4610,0.02936885031509705
Основная: Multistart SGD + Momentum + L2,4611,0.02936808071957821
Основная: Multistart SGD + Momentum + L2,4612,0.029370704770297035
Основная: Multistart SGD + Momentum + L2,4613,0.02937184819299747
Основная: Multistart SGD + Momentum + L2,4614,0.029372842156826007
Основная: Multistart SGD + Momentum + L2,4615,0.029372400910736705
Основная: Multistart SGD + Momentum + L2,4616,0.029381817185977113
Основная: Multistart SGD + Momentum + L2,4617,0.029396329997129753
Основная: Multistart SGD + Momentum + L2,4618,0.02942993011863827
Основная: Multistart SGD + Momentum + L2,4619,0.0294641126811896
Основная: Multistart SGD + Momentum + L2,4620,0.029503926034874155
Основная: Multistart SGD + Momentum + L2,4621,0.029534392033034772
Основная: Multistart SGD + Momentum + L2,4622,0.029567395216330613
Основная: Multistart SGD + Momentum + L2,4623,0.02963193424360204
Основная: Multistart SGD + Momentum + L2,4624,0.029696872926474233
Основная: Multistart SGD + Momentum + L2,4625,0.02975638929689713
Основная: Multistart SGD + Momentum + L2,4626,0.029821851042540867
Основная: Multistart SGD + Momentum + L2,4627,0.02989842977828876
Основная: Multistart SGD + Momentum + L2,4628,0.02998544719336768
Основная: Multistart SGD + Momentum + L2,4629,0.030052295087315696
Основная: Multistart SGD + Momentum + L2,4630,0.030080803460205745
Основная: Multistart SGD + Momentum + L2,4631,0.030080024968695454
Основная: Multistart SGD + Momentum + L2,4632,0.029985786159457933
Основная: Multistart SGD + Momentum + L2,4633,0.02989792894543024
Основная: Multistart SGD + Momentum + L2,4634,0.029793801902390622
Основная: Multistart SGD + Momentum + L2,4635,0.029736440967724823
Основная: Multistart SGD + Momentum + L2,4636,0.029702089440703246
Основная: Multistart SGD + Momentum + L2,4637,0.029653536238444234
Основная: Multistart SGD + Momentum + L2,4638,0.02963107168285531
Основная: Multistart SGD + Momentum + L2,4639,0.02962251075874706
Основная: Multistart SGD + Momentum + L2,4640,0.029604855223024445
Основная: Multistart SGD + Momentum + L2,4641,0.02959746591352949
Основная: Multistart SGD + Momentum + L2,4642,0.029600998015982323
Основная: Multistart SGD + Momentum + L2,4643,0.029623990492993028
Основная: Multistart SGD + Momentum + L2,4644,0.029623595643464378
Основная: Multistart SGD + Momentum + L2,4645,0.029592975066620734
Основная: Multistart SGD + Momentum + L2,4646,0.029570865574070578
Основная: Multistart SGD + Momentum + L2,4647,0.02954707210167708
Основная: Multistart SGD + Momentum + L2,4648,0.02952714955893222
Основная: Multistart SGD + Momentum + L2,4649,0.02949666999310569
Основная: Multistart SGD + Momentum + L2,4650,0.029477091286526244
Основная: Multistart SGD + Momentum + L2,4651,0.029477570804078534
Основная: Multistart SGD + Momentum + L2,4652,0.029483116370014092
Основная: Multistart SGD + Momentum + L2,4653,0.029500379824160212
Основная: Multistart SGD + Momentum + L2,4654,0.029525375839926742
Основная: Multistart SGD + Momentum + L2,4655,0.02956566367697349
Основная: Multistart SGD + Momentum + L2,4656,0.029610369053877254
Основная: Multistart SGD + Momentum + L2,4657,0.029620347726137756
Основная: Multistart SGD + Momentum + L2,4658,0.0295992906909359
Основная: Multistart SGD + Momentum + L2,4659,0.029580104780174397
Основная: Multistart SGD + Momentum + L2,4660,0.029563109037891167
Основная: Multistart SGD + Momentum + L2,4661,0.029571492019574947
Основная: Multistart SGD + Momentum + L2,4662,0.029591037156036587
Основная: Multistart SGD + Momentum + L2,4663,0.029610644126217424
Основная: Multistart SGD + Momentum + L2,4664,0.02963943667813146
Основная: Multistart SGD + Momentum + L2,4665,0.029672253492696497
Основная: Multistart SGD + Momentum + L2,4666,0.029696713214571256
Основная: Multistart SGD + Momentum + L2,4667,0.02967264590418096
Основная: Multistart SGD + Momentum + L2,4668,0.029650141188252047
Основная: Multistart SGD + Momentum + L2,4669,0.02963772607121151
Основная: Multistart SGD + Momentum + L2,4670,0.029636971214585587
Основная: Multistart SGD + Momentum + L2,4671,0.029645543693119728
Основная: Multistart SGD + Momentum + L2,4672,0.02968785593845429
Основная: Multistart SGD + Momentum + L2,4673,0.029735521715895642
Основная: Multistart SGD + Momentum + L2,4674,0.029819313876941048
Основная: Multistart SGD + Momentum + L2,4675,0.029912499066304672
Основная: Multistart SGD + Momentum + L2,4676,0.030038763110046877
Основная: Multistart SGD + Momentum + L2,4677,0.030063212561892146
Основная: Multistart SGD + Momentum + L2,4678,0.03009583827626757
Основная: Multistart SGD + Momentum + L2,4679,0.030145746886784792
Основная: Multistart SGD + Momentum + L2,4680,0.030141658188359746
Основная: Multistart SGD + Momentum + L2,4681,0.030176900849452168
Основная: Multistart SGD + Momentum + L2,4682,0.030223706187202867
Основная: Multistart SGD + Momentum + L2,4683,0.030259747533925737
Основная: Multistart SGD + Momentum + L2,4684,0.030316866105490493
Основная: Multistart SGD + Momentum + L2,4685,0.030296835985310338
Основная: Multistart SGD + Momentum + L2,4686,0.030293495099474002
Основная: Multistart SGD + Momentum + L2,4687,0.03030544130499921
Основная: Multistart SGD + Momentum + L2,4688,0.03029970452735441
Основная: Multistart SGD + Momentum + L2,4689,0.03028446713572576
Основная: Multistart SGD + Momentum + L2,4690,0.030202777413956616
Основная: Multistart SGD + Momentum + L2,4691,0.030139030600346933
Основная: Multistart SGD + Momentum + L2,4692,0.030120725030295736
Основная: Multistart SGD + Momentum + L2,4693,0.030129511885622653
Основная: Multistart SGD + Momentum + L2,4694,0.030055416270145883
Основная: Multistart SGD + Momentum + L2,4695,0.029999951678031017
Основная: Multistart SGD + Momentum + L2,4696,0.029975456660117254
Основная: Multistart SGD + Momentum + L2,4697,0.02997594040872273
Основная: Multistart SGD + Momentum + L2,4698,0.02995967545431648
Основная: Multistart SGD + Momentum + L2,4699,0.029944614152303983
Основная: Multistart SGD + Momentum + L2,4700,0.029949455068028017
Основная: Multistart SGD + Momentum + L2,4701,0.029935296635520137
Основная: Multistart SGD + Momentum + L2,4702,0.02994234187669497
Основная: Multistart SGD + Momentum + L2,4703,0.02996234945051612
Основная: Multistart SGD + Momentum + L2,4704,0.030001766167018974
Основная: Multistart SGD + Momentum + L2,4705,0.030008567997038244
Основная: Multistart SGD + Momentum + L2,4706,0.03001645915087558
Основная: Multistart SGD + Momentum + L2,4707,0.029975540481944753
Основная: Multistart SGD + Momentum + L2,4708,0.0299385537474024
Основная: Multistart SGD + Momentum + L2,4709,0.029910469525476855
Основная: Multistart SGD + Momentum + L2,4710,0.02989367531059116
Основная: Multistart SGD + Momentum + L2,4711,0.029889902954454976
Основная: Multistart SGD + Momentum + L2,4712,0.029908663115312373
Основная: Multistart SGD + Momentum + L2,4713,0.02989206798458762
Основная: Multistart SGD + Momentum + L2,4714,0.02988831992580153
Основная: Multistart SGD + Momentum + L2,4715,0.029865598956110934
Основная: Multistart SGD + Momentum + L2,4716,0.029849291367103886
Основная: Multistart SGD + Momentum + L2,4717,0.02983532182199413
Основная: Multistart SGD + Momentum + L2,4718,0.029794127488441038
Основная: Multistart SGD + Momentum + L2,4719,0.02977679245389675
Основная: Multistart SGD + Momentum + L2,4720,0.029748393017075214
Основная: Multistart SGD + Momentum + L2,4721,0.029738399144038266
Основная: Multistart SGD + Momentum + L2,4722,0.029718508168251667
Основная: Multistart SGD + Momentum + L2,4723,0.02970269636816439
Основная: Multistart SGD + Momentum + L2,4724,0.029714040494783118
Основная: Multistart SGD + Momentum + L2,4725,0.029742464187194086
Основная: Multistart SGD + Momentum + L2,4726,0.029773836483213984
Основная: Multistart SGD + Momentum + L2,4727,0.029810565858281048
Основная: Multistart SGD + Momentum + L2,4728,0.02984652603920626
Основная: Multistart SGD + Momentum + L2,4729,0.029877967789888864
Основная: Multistart SGD + Momentum + L2,4730,0.02991572642116684
Основная: Multistart SGD + Momentum + L2,4731,0.029952299265291363
Основная: Multistart SGD + Momentum + L2,4732,0.029997765806051315
Основная: Multistart SGD + Momentum + L2,4733,0.030013148655139963
Основная: Multistart SGD + Momentum + L2,4734,0.030006656911745054
Основная: Multistart SGD + Momentum + L2,4735,0.030004329138889993
Основная: Multistart SGD + Momentum + L2,4736,0.030004760259692884
Основная: Multistart SGD + Momentum + L2,4737,0.030016951827600995
Основная: Multistart SGD + Momentum + L2,4738,0.030029240642902244
Основная: Multistart SGD + Momentum + L2,4739,0.030036216465355172
Основная: Multistart SGD + Momentum + L2,4740,0.030035938735474232
Основная: Multistart SGD + Momentum + L2,4741,0.030038607092326367
Основная: Multistart SGD + Momentum + L2,4742,0.030038339227446562
Основная: Multistart SGD + Momentum + L2,4743,0.03004011217958627
Основная: Multistart SGD + Momentum + L2,4744,0.030044095697996754
Основная: Multistart SGD + Momentum + L2,4745,0.03005255889829978
Основная: Multistart SGD + Momentum + L2,4746,0.030064991647072204
Основная: Multistart SGD + Momentum + L2,4747,0.03007916151768021
Основная: Multistart SGD + Momentum + L2,4748,0.03009349912532687
Основная: Multistart SGD + Momentum + L2,4749,0.030122200247299377
Основная: Multistart SGD + Momentum + L2,4750,0.030154053837377404
Основная: Multistart SGD + Momentum + L2,4751,0.030182984588427726
Основная: Multistart SGD + Momentum + L2,4752,0.03026212494945932
Основная: Multistart SGD + Momentum + L2,4753,0.03032801139215699
Основная: Multistart SGD + Momentum + L2,4754,0.030355775767947395
Основная: Multistart SGD + Momentum + L2,4755,0.030385854857014758
Основная: Multistart SGD + Momentum + L2,4756,0.03037161324137612
Основная: Multistart SGD + Momentum + L2,4757,0.03035608958575633
Основная: Multistart SGD + Momentum + L2,4758,0.030335845069749595
Основная: Multistart SGD + Momentum + L2,4759,0.030258068494539492
Основная: Multistart SGD + Momentum + L2,4760,0.030188422041466035
Основная: Multistart SGD + Momentum + L2,4761,0.030123123313512384
Основная: Multistart SGD + Momentum + L2,4762,0.030070622410416324
Основная: Multistart SGD + Momentum + L2,4763,0.02998605664495691
Основная: Multistart SGD + Momentum + L2,4764,0.02991248931658568
Основная: Multistart SGD + Momentum + L2,4765,0.02985621746150024
Основная: Multistart SGD + Momentum + L2,4766,0.029810789668533767
Основная: Multistart SGD + Momentum + L2,4767,0.029774611663188105
Основная: Multistart SGD + Momentum + L2,4768,0.02971688587173256
Основная: Multistart SGD + Momentum + L2,4769,0.029671088320368494
Основная: Multistart SGD + Momentum + L2,4770,0.029639185500602235
Основная: Multistart SGD + Momentum + L2,4771,0.02962526829837521
Основная: Multistart SGD + Momentum + L2,4772,0.0296150180379349
Основная: Multistart SGD + Momentum + L2,4773,0.029608911501156167
Основная: Multistart SGD + Momentum + L2,4774,0.029605663886290406
Основная: Multistart SGD + Momentum + L2,4775,0.029610483024027977
Основная: Multistart SGD + Momentum + L2,4776,0.029624403489508924
Основная: Multistart SGD + Momentum + L2,4777,0.029650879875683912
Основная: Multistart SGD + Momentum + L2,4778,0.02963518741034519
Основная: Multistart SGD + Momentum + L2,4779,0.029622092161591257
Основная: Multistart SGD + Momentum + L2,4780,0.0296075468314731
Основная: Multistart SGD + Momentum + L2,4781,0.029595270022013464
Основная: Multistart SGD + Momentum + L2,4782,0.02959115979125136
Основная: Multistart SGD + Momentum + L2,4783,0.029579282878173793
Основная: Multistart SGD + Momentum + L2,4784,0.02956987087943246
Основная: Multistart SGD + Momentum + L2,4785,0.02955442962197739
Основная: Multistart SGD + Momentum + L2,4786,0.029540788040327948
Основная: Multistart SGD + Momentum + L2,4787,0.02952992146359098
Основная: Multistart SGD + Momentum + L2,4788,0.029521737593347273
Основная: Multistart SGD + Momentum + L2,4789,0.029515196601931498
Основная: Multistart SGD + Momentum + L2,4790,0.029514335830156547
Основная: Multistart SGD + Momentum + L2,4791,0.0295235749313346
Основная: Multistart SGD + Momentum + L2,4792,0.02953534379881045
Основная: Multistart SGD + Momentum + L2,4793,0.029555526417563937
Основная: Multistart SGD + Momentum + L2,4794,0.029583029993599037
Основная: Multistart SGD + Momentum + L2,4795,0.029622782516119207
Основная: Multistart SGD + Momentum + L2,4796,0.029645364859687502
Основная: Multistart SGD + Momentum + L2,4797,0.029672755450685713
Основная: Multistart SGD + Momentum + L2,4798,0.029701700736174383
Основная: Multistart SGD + Momentum + L2,4799,0.0297490992503671
Основная: Multistart SGD + Momentum + L2,4800,0.02979040000834888
Основная: Multistart SGD + Momentum + L2,4801,0.029829946269081007
Основная: Multistart SGD + Momentum + L2,4802,0.02986829100133558
Основная: Multistart SGD + Momentum + L2,4803,0.02989708447622117
Основная: Multistart SGD + Momentum + L2,4804,0.029931193638249916
Основная: Multistart SGD + Momentum + L2,4805,0.029995513813025395
Основная: Multistart SGD + Momentum + L2,4806,0.030073750229258206
Основная: Multistart SGD + Momentum + L2,4807,0.03017157242933987
Основная: Multistart SGD + Momentum + L2,4808,0.030278078006645105
Основная: Multistart SGD + Momentum + L2,4809,0.030380858599206438
Основная: Multistart SGD + Momentum + L2,4810,0.030457421838392142
Основная: Multistart SGD + Momentum + L2,4811,0.030534991673689692
Основная: Multistart SGD + Momentum + L2,4812,0.030591051836816336
Основная: Multistart SGD + Momentum + L2,4813,0.0306808271830046
Основная: Multistart SGD + Momentum + L2,4814,0.03081975267868424
Основная: Multistart SGD + Momentum + L2,4815,0.030968002308938754
Основная: Multistart SGD + Momentum + L2,4816,0.03111857383910928
Основная: Multistart SGD + Momentum + L2,4817,0.03122569263200028
Основная: Multistart SGD + Momentum + L2,4818,0.031274962073302194
Основная: Multistart SGD + Momentum + L2,4819,0.03135484620425359
Основная: Multistart SGD + Momentum + L2,4820,0.03131516767308753
Основная: Multistart SGD + Momentum + L2,4821,0.031297808007122147
Основная: Multistart SGD + Momentum + L2,4822,0.03129571975521518
Основная: Multistart SGD + Momentum + L2,4823,0.03131680386991823
Основная: Multistart SGD + Momentum + L2,4824,0.0312662199290481
Основная: Multistart SGD + Momentum + L2,4825,0.03115302532547734
Основная: Multistart SGD + Momentum + L2,4826,0.03104163823412832
Основная: Multistart SGD + Momentum + L2,4827,0.03092927116676679
Основная: Multistart SGD + Momentum + L2,4828,0.030903918309038467
Основная: Multistart SGD + Momentum + L2,4829,0.03088737434863685
Основная: Multistart SGD + Momentum + L2,4830,0.03082480020256867
Основная: Multistart SGD + Momentum + L2,4831,0.030780322706426347
Основная: Multistart SGD + Momentum + L2,4832,0.03068633046786196
Основная: Multistart SGD + Momentum + L2,4833,0.030628408973557984
Основная: Multistart SGD + Momentum + L2,4834,0.03060011316886577
Основная: Multistart SGD + Momentum + L2,4835,0.030602989886172646
Основная: Multistart SGD + Momentum + L2,4836,0.030575885115407823
Основная: Multistart SGD + Momentum + L2,4837,0.030584545788386455
Основная: Multistart SGD + Momentum + L2,4838,0.030623119043522336
Основная: Multistart SGD + Momentum + L2,4839,0.030677632771558026
Основная: Multistart SGD + Momentum + L2,4840,0.030779360523722328
Основная: Multistart SGD + Momentum + L2,4841,0.03085673636973838
Основная: Multistart SGD + Momentum + L2,4842,0.03093184991584155
Основная: Multistart SGD + Momentum + L2,4843,0.0310233149875986
Основная: Multistart SGD + Momentum + L2,4844,0.031044822876563644
Основная: Multistart SGD + Momentum + L2,4845,0.031082295404526186
Основная: Multistart SGD + Momentum + L2,4846,0.031073068622127442
Основная: Multistart SGD + Momentum + L2,4847,0.03103539187948503
Основная: Multistart SGD + Momentum + L2,4848,0.030949974510618497
Основная: Multistart SGD + Momentum + L2,4849,0.03084302853759066
Основная: Multistart SGD + Momentum + L2,4850,0.030755992217365784
Основная: Multistart SGD + Momentum + L2,4851,0.030655259569817007
Основная: Multistart SGD + Momentum + L2,4852,0.030580734588068488
Основная: Multistart SGD + Momentum + L2,4853,0.030515388093949058
Основная: Multistart SGD + Momentum + L2,4854,0.03047277754626481
Основная: Multistart SGD + Momentum + L2,4855,0.030418169787767815
Основная: Multistart SGD + Momentum + L2,4856,0.03038206746821151
Основная: Multistart SGD + Momentum + L2,4857,0.030371905489704875
Основная: Multistart SGD + Momentum + L2,4858,0.03027588140460777
Основная: Multistart SGD + Momentum + L2,4859,0.03020220420121732
Основная: Multistart SGD + Momentum + L2,4860,0.030118855388354713
Основная: Multistart SGD + Momentum + L2,4861,0.03005022804223521
Основная: Multistart SGD + Momentum + L2,4862,0.02997067606340384
Основная: Multistart SGD + Momentum + L2,4863,0.02983723925943018
Основная: Multistart SGD + Momentum + L2,4864,0.02975782402955997
Основная: Multistart SGD + Momentum + L2,4865,0.02967054676355371
Основная: Multistart SGD + Momentum + L2,4866,0.029609836498399166
Основная: Multistart SGD + Momentum + L2,4867,0.02952765398339563
Основная: Multistart SGD + Momentum + L2,4868,0.029469314096166318
Основная: Multistart SGD + Momentum + L2,4869,0.029444585433641878
Основная: Multistart SGD + Momentum + L2,4870,0.029439484687297453
Основная: Multistart SGD + Momentum + L2,4871,0.029445260867062808
Основная: Multistart SGD + Momentum + L2,4872,0.02945509854197157
Основная: Multistart SGD + Momentum + L2,4873,0.029461335860227526
Основная: Multistart SGD + Momentum + L2,4874,0.029461699959614975
Основная: Multistart SGD + Momentum + L2,4875,0.029459215118135245
Основная: Multistart SGD + Momentum + L2,4876,0.02946199909474921
Основная: Multistart SGD + Momentum + L2,4877,0.02945035350515476
Основная: Multistart SGD + Momentum + L2,4878,0.02943714603007804
Основная: Multistart SGD + Momentum + L2,4879,0.029425344160500463
Основная: Multistart SGD + Momentum + L2,4880,0.02941313709466664
Основная: Multistart SGD + Momentum + L2,4881,0.02940364989905717
Основная: Multistart SGD + Momentum + L2,4882,0.029398961574068343
Основная: Multistart SGD + Momentum + L2,4883,0.029397106033390467
Основная: Multistart SGD + Momentum + L2,4884,0.029396442915233724
Основная: Multistart SGD + Momentum + L2,4885,0.02940340244438445
Основная: Multistart SGD + Momentum + L2,4886,0.029421781085992534
Основная: Multistart SGD + Momentum + L2,4887,0.029444255045513155
Основная: Multistart SGD + Momentum + L2,4888,0.029454523950027508
Основная: Multistart SGD + Momentum + L2,4889,0.02947074252858685
Основная: Multistart SGD + Momentum + L2,4890,0.02947462714503796
Основная: Multistart SGD + Momentum + L2,4891,0.029470236873571413
Основная: Multistart SGD + Momentum + L2,4892,0.029455098566874505
Основная: Multistart SGD + Momentum + L2,4893,0.029445193672937336
Основная: Multistart SGD + Momentum + L2,4894,0.029442424830587184
Основная: Multistart SGD + Momentum + L2,4895,0.02944651941655025
Основная: Multistart SGD + Momentum + L2,4896,0.029450042222974777
Основная: Multistart SGD + Momentum + L2,4897,0.029455303693707375
Основная: Multistart SGD + Momentum + L2,4898,0.02946506285205801
Основная: Multistart SGD + Momentum + L2,4899,0.029479120838491177
Основная: Multistart SGD + Momentum + L2,4900,0.029492107128272337
Основная: Multistart SGD + Momentum + L2,4901,0.029504813615509076
Основная: Multistart SGD + Momentum + L2,4902,0.029514550370912603
Основная: Multistart SGD + Momentum + L2,4903,0.0295237999024016
Основная: Multistart SGD + Momentum + L2,4904,0.029535771678789697
Основная: Multistart SGD + Momentum + L2,4905,0.029549788434177205
Основная: Multistart SGD + Momentum + L2,4906,0.029564701801644288
Основная: Multistart SGD + Momentum + L2,4907,0.029579185854745765
Основная: Multistart SGD + Momentum + L2,4908,0.029588131120520427
Основная: Multistart SGD + Momentum + L2,4909,0.02959607470815057
Основная: Multistart SGD + Momentum + L2,4910,0.02959777542793306
Основная: Multistart SGD + Momentum + L2,4911,0.02960618977269057
Основная: Multistart SGD + Momentum + L2,4912,0.029616853027000074
Основная: Multistart SGD + Momentum + L2,4913,0.029622876432782524
Основная: Multistart SGD + Momentum + L2,4914,0.02962941952727134
Основная: Multistart SGD + Momentum + L2,4915,0.029636125187378765
Основная: Multistart SGD + Momentum + L2,4916,0.02964311785713569
Основная: Multistart SGD + Momentum + L2,4917,0.029655570646505314
Основная: Multistart SGD + Momentum + L2,4918,0.029662823521309698
Основная: Multistart SGD + Momentum + L2,4919,0.029668957221965823
Основная: Multistart SGD + Momentum + L2,4920,0.02966596831572734
Основная: Multistart SGD + Momentum + L2,4921,0.02966885617691236
Основная: Multistart SGD + Momentum + L2,4922,0.029671105925308906
Основная: Multistart SGD + Momentum + L2,4923,0.029674097225981192
Основная: Multistart SGD + Momentum + L2,4924,0.029667496099252552
Основная: Multistart SGD + Momentum + L2,4925,0.029662650811786817
Основная: Multistart SGD + Momentum + L2,4926,0.029661300677063858
Основная: Multistart SGD + Momentum + L2,4927,0.02966099853826325
Основная: Multistart SGD + Momentum + L2,4928,0.029669357043952262
Основная: Multistart SGD + Momentum + L2,4929,0.029689993767321343
Основная: Multistart SGD + Momentum + L2,4930,0.029713977346733183
Основная: Multistart SGD + Momentum + L2,4931,0.0297474807687391
Основная: Multistart SGD + Momentum + L2,4932,0.02979643844057771
Основная: Multistart SGD + Momentum + L2,4933,0.0298530805513691
Основная: Multistart SGD + Momentum + L2,4934,0.02992224597619953
Основная: Multistart SGD + Momentum + L2,4935,0.0299969441687707
Основная: Multistart SGD + Momentum + L2,4936,0.029992132909867995
Основная: Multistart SGD + Momentum + L2,4937,0.02999348760859012
Основная: Multistart SGD + Momentum + L2,4938,0.03000635659808874
Основная: Multistart SGD + Momentum + L2,4939,0.030027830239871843
Основная: Multistart SGD + Momentum + L2,4940,0.030031994654045418
Основная: Multistart SGD + Momentum + L2,4941,0.03000443482665952
Основная: Multistart SGD + Momentum + L2,4942,0.029957522203776572
Основная: Multistart SGD + Momentum + L2,4943,0.029933632140929978
Основная: Multistart SGD + Momentum + L2,4944,0.029885095817290628
Основная: Multistart SGD + Momentum + L2,4945,0.029854567465636965
Основная: Multistart SGD + Momentum + L2,4946,0.029833742542536793
Основная: Multistart SGD + Momentum + L2,4947,0.02982240569644809
Основная: Multistart SGD + Momentum + L2,4948,0.029809460264128496
Основная: Multistart SGD + Momentum + L2,4949,0.02981734554381829
Основная: Multistart SGD + Momentum + L2,4950,0.029831273741026572
Основная: Multistart SGD + Momentum + L2,4951,0.029850214375474082
Основная: Multistart SGD + Momentum + L2,4952,0.029868714891217316
Основная: Multistart SGD + Momentum + L2,4953,0.029897601826378392
Основная: Multistart SGD + Momentum + L2,4954,0.029935316423145633
Основная: Multistart SGD + Momentum + L2,4955,0.029983254570565044
Основная: Multistart SGD + Momentum + L2,4956,0.030032977468342797
Основная: Multistart SGD + Momentum + L2,4957,0.030097316412738995
Основная: Multistart SGD + Momentum + L2,4958,0.030098611736437877
Основная: Multistart SGD + Momentum + L2,4959,0.030124423183492587
Основная: Multistart SGD + Momentum + L2,4960,0.030135524589603918
Основная: Multistart SGD + Momentum + L2,4961,0.030154024413263664
Основная: Multistart SGD + Momentum + L2,4962,0.030177646217060244
Основная: Multistart SGD + Momentum + L2,4963,0.03021017930208493
Основная: Multistart SGD + Momentum + L2,4964,0.030244200791288416
Основная: Multistart SGD + Momentum + L2,4965,0.030288447616638035
Основная: Multistart SGD + Momentum + L2,4966,0.030339366614707736
Основная: Multistart SGD + Momentum + L2,4967,0.030366874661183565
Основная: Multistart SGD + Momentum + L2,4968,0.03040450133997934
Основная: Multistart SGD + Momentum + L2,4969,0.030381304951994294
Основная: Multistart SGD + Momentum + L2,4970,0.030295860714801195
Основная: Multistart SGD + Momentum + L2,4971,0.030188806245621886
Основная: Multistart SGD + Momentum + L2,4972,0.030115576791250095
Основная: Multistart SGD + Momentum + L2,4973,0.030026958421151256
Основная: Multistart SGD + Momentum + L2,4974,0.02995856168684938
Основная: Multistart SGD + Momentum + L2,4975,0.029907272521232965
Основная: Multistart SGD + Momentum + L2,4976,0.029884812786185128
Основная: Multistart SGD + Momentum + L2,4977,0.02987255767495739
Основная: Multistart SGD + Momentum + L2,4978,0.02983604685393205
Основная: Multistart SGD + Momentum + L2,4979,0.0297939767338722
Основная: Multistart SGD + Momentum + L2,4980,0.029754221188377207
Основная: Multistart SGD + Momentum + L2,4981,0.02972234299082001
Основная: Multistart SGD + Momentum + L2,4982,0.02968910554306789
Основная: Multistart SGD + Momentum + L2,4983,0.02965612265531086
Основная: Multistart SGD + Momentum + L2,4984,0.029629790631119007
Основная: Multistart SGD + Momentum + L2,4985,0.029613611534749073
Основная: Multistart SGD + Momentum + L2,4986,0.029603138742255695
Основная: Multistart SGD + Momentum + L2,4987,0.029593172095172385
Основная: Multistart SGD + Momentum + L2,4988,0.0295723956916327
Основная: Multistart SGD + Momentum + L2,4989,0.029540628381875225
Основная: Multistart SGD + Momentum + L2,4990,0.02951980973919559
Основная: Multistart SGD + Momentum + L2,4991,0.029508326611372652
Основная: Multistart SGD + Momentum + L2,4992,0.029499073527522804
Основная: Multistart SGD + Momentum + L2,4993,0.029493088863101792
Основная: Multistart SGD + Momentum + L2,4994,0.0294932548464697
Основная: Multistart SGD + Momentum + L2,4995,0.029500336029565814
Основная: Multistart SGD + Momentum + L2,4996,0.029511537450276973
Основная: Multistart SGD + Momentum + L2,4997,0.029523619502178286
Основная: Multistart SGD + Momentum + L2,4998,0.029538650053968277
Основная: Multistart SGD + Momentum + L2,4999,0.029556044908553306
Основная: Multistart SGD + Momentum + L2,5000,0.02957756701862381
Корреляция + скорейший спуск,1,0.043129626383887856
Корреляция + скорейший спуск,2,0.030113954991684698
Корреляция + скорейший спуск,3,0.029956734936960442
Корреляция + скорейший спуск,4,0.02983111305353488
Корреляция + скорейший спуск,5,0.029730645716595328
Корреляция + скорейший спуск,6,0.02965025045550538
Корреляция + скорейший спуск,7,0.02958590987626068
Корреляция + скорейший спуск,8,0.02953441000867072
Корреляция + скорейший спуск,9,0.029493185023285635
Корреляция + скорейший спуск,10,0.029460180997621425
Корреляция + скорейший спуск,11,0.02943375685430868
Корреляция + скорейший спуск,12,0.029412598675511433
Корреляция + скорейший спуск,13,0.029395656128614882
Корреляция + скорейший спуск,14,0.029382088144513232
Корреляция + скорейший спуск,15,0.02937122210708126
Корреляция + скорейший спуск,16,0.029362519341286534
Корреляция + скорейший спуск,17,0.02935554891320128
Корреляция + скорейший спуск,18,0.029349965666418888
Корреляция + скорейший спуск,19,0.02934549340080544
Корреляция + скорейший спуск,20,0.02934191087453317
Корреляция + скорейший спуск,21,0.02933904100374357
Корреляция + скорейший спуск,22,0.02933674193034988
Корреляция + скорейший спуск,23,0.02933490008724297
Корреляция + скорейший спуск,24,0.02933342449269652
Корреляция + скорейший спуск,25,0.029332242297462188
Корреляция + скорейший спуск,26,0.02933129513704348
Корреляция + скорейший спуск,27,0.029330536272367407
Корреляция + скорейший спуск,28,0.029329928255992826
Корреляция + скорейший спуск,29,0.029329441096023586
Корреляция + скорейший спуск,30,0.02932905076204363
Корреляция + скорейший спуск,31,0.029328738006074894
Корреляция + скорейший спуск,32,0.029328487405601185
Корреляция + скорейший спуск,33,0.029328286606437177
Корреляция + скорейший спуск,34,0.02932812570950247
Корреляция + скорейший спуск,35,0.029327996784619018
Корреляция + скорейший спуск,36,0.029327893477416496
Корреляция + скорейший спуск,37,0.029327810697107683
Корреляция + скорейший спуск,38,0.029327744364427834
Корреляция + скорейший спуск,39,0.02932769121113212
Корреляция + скорейший спуск,40,0.029327648618328074
Корреляция + скорейший спуск,41,0.02932761448771733
Корреляция + скорейший спуск,42,0.029327587137882964
Корреляция + скорейший спуск,43,0.02932756522160329
Корреляция + скорейший спуск,44,0.02932754765930662
Корреляция + скорейший спуск,45,0.02932753358597158
Корреляция + скорейший спуск,46,0.02932752230842333
Корреляция + скорейший спуск,47,0.02932751327123371
Корреляция + скорейший спуск,48,0.02932750602931379
Корреляция + скорейший спуск,49,0.029327500226015386
Корреляция + скорейший спуск,50,0.029327495575539066
Корреляция + скорейший спуск,51,0.029327491848871203
Корреляция + скорейший спуск,52,0.02932748886249124
Корреляция + скорейший спуск,53,0.02932748646934061
Корреляция + скорейший спуск,54,0.02932748455157317
Корреляция + скорейший спуск,55,0.029327483014755514
Корреляция + скорейший спуск,56,0.02932748178321266
Корреляция + скорейший спуск,57,0.02932748079630364
Корреляция + скорейший спуск,58,0.02932748000543316
Корреляция + скорейший спуск,59,0.029327479371659856
Корреляция + скорейший спуск,60,0.02932747886377756
Корреляция + скорейший спуск,61,0.029327478456779358
Корреляция + скорейший спуск,62,0.02932747813062563
Корреляция + скорейший спуск,63,0.02932747786925762
Корреляция + скорейший спуск,64,0.029327477659806384
Корреляция + скорейший спуск,65,0.029327477491959388
Корреляция + скорейший спуск,66,0.02932747735745249
Корреляция + скорейший спуск,67,0.029327477249663166
Корреляция + скорейший спуск,68,0.02932747716328438
Корреляция + скорейший спуск,69,0.029327477094063255
Корреляция + скорейший спуск,70,0.029327477038591693
Корреляция + скорейший спуск,71,0.029327476994138565
Корреляция + скорейший спуск,72,0.02932747695851525
Корреляция + скорейший спуск,73,0.02932747692996785
Корреляция + скорейший спуск,74,0.029327476907090873
Корреляция + скорейший спуск,75,0.02932747688875797
Корреляция + скорейший спуск,76,0.029327476874066557
Корреляция + скорейший спуск,77,0.02932747686229331
Корреляция + скорейший спуск,78,0.029327476852858594
Корреляция + скорейший спуск,79,0.029327476845297903
Корреляция + скорейший спуск,80,0.029327476839238996
Корреляция + скорейший спуск,81,0.02932747683438357
Корреляция + скорейший спуск,82,0.029327476830492576
Корреляция + скорейший спуск,83,0.029327476827374455
Корреляция + скорейший спуск,84,0.029327476824875683
Корреляция + скорейший спуск,85,0.02932747682287325
Корреляция + скорейший спуск,86,0.02932747682126855
Корреляция + скорейший спуск,87,0.029327476819982604
Корреляция + скорейший спуск,88,0.02932747681895207
Корреляция + скорейший спуск,89,0.029327476818126242
Корреляция + скорейший спуск,90,0.029327476817464445
Корреляция + скорейший спуск,91,0.0293274768169341
Корреляция + скорейший спуск,92,0.029327476816509098
Корреляция + скорейший спуск,93,0.029327476816168516
Случайный порядок SGD,1,0.0558290293353962
Случайный порядок SGD,2,0.03399638292747831
Случайный порядок SGD,3,0.03130854967582114
Случайный порядок SGD,4,0.030309231206674916
Случайный порядок SGD,5,0.02991523109747133
Случайный порядок SGD,6,0.029749598441268784
Случайный порядок SGD,7,0.0296277039395587
Случайный порядок SGD,8,0.029548528936654533
Случайный порядок SGD,9,0.02949784514953067
Случайный порядок SGD,10,0.029498815454110962
Случайный порядок SGD,11,0.029446048084523942
Случайный порядок SGD,12,0.029417009391604788
Случайный порядок SGD,13,0.029390499330769766
Случайный порядок SGD,14,0.02937283271792685
Случайный порядок SGD,15,0.02936475571113017
Случайный порядок SGD,16,0.0293553390556794
Случайный порядок SGD,17,0.029360168019346617
Случайный порядок SGD,18,0.02934795097165703
Случайный порядок SGD,19,0.02934031186077285
Случайный порядок SGD,20,0.029338758023775238
Случайный порядок SGD,21,0.029349735756979113
Случайный порядок SGD,22,0.029394011430251086
Случайный порядок SGD,23,0.02935353891861583
Случайный порядок SGD,24,0.029332223160226066
Случайный порядок SGD,25,0.029341113859652157
Случайный порядок SGD,26,0.0293336455891296
Случайный порядок SGD,27,0.029331775141981258
Случайный порядок SGD,28,0.029346218517658656
Случайный порядок SGD,29,0.02932885718020514
Случайный порядок SGD,30,0.02933010222374288
Случайный порядок SGD,31,0.02933631142930531
Случайный порядок SGD,32,0.02937687073510133
Случайный порядок SGD,33,0.029344566532875
Случайный порядок SGD,34,0.029329125977413575
Случайный порядок SGD,35,0.02933331886232759
Случайный порядок SGD,36,0.029333093389876125
Случайный порядок SGD,37,0.02940103110617773
Случайный порядок SGD,38,0.029328733209658446
Случайный порядок SGD,39,0.029341139660279483
Случайный порядок SGD,40,0.02933185042822167
Порядок по |отступу| SGD,1,0.062885237609648
Порядок по |отступу| SGD,2,0.042431152509942144
Порядок по |отступу| SGD,3,0.03835608455709745
Порядок по |отступу| SGD,4,0.03695527286694206
Порядок по |отступу| SGD,5,0.03629905703081087
Порядок по |отступу| SGD,6,0.03592356753342233
Порядок по |отступу| SGD,7,0.035677262447266565
Порядок по |отступу| SGD,8,0.0355004049982574
Порядок по |отступу| SGD,9,0.03536989146529411
Порядок по |отступу| SGD,10,0.035268631929078344
Порядок по |отступу| SGD,11,0.035191598418338174
Порядок по |отступу| SGD,12,0.035131161502957316
Порядок по |отступу| SGD,13,0.035084052361635816
Порядок по |отступу| SGD,14,0.035046622706771585
Порядок по |отступу| SGD,15,0.03501795766419084
Порядок по |отступу| SGD,16,0.03499642285712247
Порядок по |отступу| SGD,17,0.034980501028004145
Порядок по |отступу| SGD,18,0.034968065141975965
Порядок по |отступу| SGD,19,0.03495855284053459
Порядок по |отступу| SGD,20,0.03495014207537327
Порядок по |отступу| SGD,21,0.0349445332288235
Порядок по |отступу| SGD,22,0.03494083356957847
Порядок по |отступу| SGD,23,0.034936771855405085
Порядок по |отступу| SGD,24,0.03493389553460108
Порядок по |отступу| SGD,25,0.03493196011025104
Порядок по |отступу| SGD,26,0.03493039735713019
Порядок по |отступу| SGD,27,0.03492961390574028
Порядок по |отступу| SGD,28,0.0349284766151294
Порядок по |отступу| SGD,29,0.03492828885238997
Порядок по |отступу| SGD,30,0.034927715282095734
Порядок по |отступу| SGD,31,0.03492743617235747
Порядок по |отступу| SGD,32,0.03492749922974938
Порядок по |отступу| SGD,33,0.03492753067520825
Порядок по |отступу| SGD,34,0.03492754301995289
Порядок по |отступу| SGD,35,0.034927788338500985
Порядок по |отступу| SGD,36,0.034928078411828024
Порядок по |отступу| SGD,37,0.03492822026687648
Порядок по |отступу| SGD,38,0.03492856991507805
Порядок по |отступу| SGD,39,0.03492866544169654
Порядок по |отступу| SGD,40,0.034928898621745856
Рекуррентная оценка качества,1,0.7655677559165638
Рекуррентная оценка качества,2,0.7620825333070929
Рекуррентная оценка качества,3,0.7581319290694425
Рекуррентная оценка качества,4,0.7552324229055939
Рекуррентная оценка качества,5,0.7503768651596969
Рекуррентная оценка качества,6,0.7435931852518342
Рекуррентная оценка качества,7,0.738321326126199
Рекуррентная оценка качества,8,0.7338848307258417
Рекуррентная оценка качества,9,0.7271492504314784
Рекуррентная оценка качества,10,0.72437604746925
Рекуррентная оценка качества,11,0.721002975180012
Рекуррентная оценка качества,12,0.7187293142243616
Рекуррентная оценка качества,13,0.7131991281443956
Рекуррентная оценка качества,14,0.7070586902651083
Рекуррентная оценка качества,15,0.7032990974529891
Рекуррентная оценка качества,16,0.6981449247638963
Рекуррентная оценка качества,17,0.6945496112437058
Рекуррентная оценка качества,18,0.6887830316198371
Рекуррентная оценка качества,19,0.6858297145549911
Рекуррентная оценка качества,20,0.6803886141063707
Рекуррентная оценка качества,21,0.6768955015441569
Рекуррентная оценка качества,22,0.6737646868944609
Рекуррентная оценка качества,23,0.6681232983872185
Рекуррентная оценка качества,24,0.6593329025526417
Рекуррентная оценка качества,25,0.6543196942022483
Рекуррентная оценка качества,26,0.6508714681649858
Рекуррентная оценка качества,27,0.646401191383482
Рекуррентная оценка качества,28,0.6434991278971758
Рекуррентная оценка качества,29,0.6408859455042165
Рекуррентная оценка качества,30,0.6348123916290087
Рекуррентная оценка качества,31,0.6298231099172226
Рекуррентная оценка качества,32,0.627821007087716
Рекуррентная оценка качества,33,0.6248470470017518
Рекуррентная оценка качества,34,0.6195310236906462
Рекуррентная оценка качества,35,0.6136006249660657
Рекуррентная оценка качества,36,0.6102065658047915
Рекуррентная оценка качества,37,0.6050165109319953
Рекуррентная оценка качества,38,0.6018220578507529
Рекуррентная оценка качества,39,0.5997271692953232
Рекуррентная оценка качества,40,0.5968544830398763
Рекуррентная оценка качества,41,0.5938301370566035
Рекуррентная оценка качества,42,0.5888154625284728
Рекуррентная оценка качества,43,0.5848535153538105
Рекуррентная оценка качества,44,0.57997108235345
Рекуррентная оценка качества,45,0.5772688908580766
Рекуррентная оценка качества,46,0.5740008478642854
Рекуррентная оценка качества,47,0.5716838971898907
Рекуррентная оценка качества,48,0.5673802945647384
Рекуррентная оценка качества,49,0.5638003992564484
Рекуррентная оценка качества,50,0.5604496975456076
Рекуррентная оценка качества,51,0.5572145247227211
Рекуррентная оценка качества,52,0.554634704996507
Рекуррентная оценка качества,53,0.5521188849671006
Рекуррентная оценка качества,54,0.5501641062942003
Рекуррентная оценка качества,55,0.5479099588146735
Рекуррентная оценка качества,56,0.5445819274897055
Рекуррентная оценка качества,57,0.5419679799126249
Рекуррентная оценка качества,58,0.5393112833833542
Рекуррентная оценка качества,59,0.5362646854138309
Рекуррентная оценка качества,60,0.5328184517775644
Рекуррентная оценка качества,61,0.5295538309439579
Рекуррентная оценка качества,62,0.5272561651077473
Рекуррентная оценка качества,63,0.5240378634350151
Рекуррентная оценка качества,64,0.5207454099752091
Рекуррентная оценка качества,65,0.5178227332220525
Рекуррентная оценка качества,66,0.5131950277403436
Рекуррентная оценка качества,67,0.511390152302202
Рекуррентная оценка качества,68,0.5090130348811609
Рекуррентная оценка качества,69,0.5039288580644965
Рекуррентная оценка качества,70,0.5006816052663922
Рекуррентная оценка качества,71,0.4978318573832105
Рекуррентная оценка качества,72,0.49581199719344293
Рекуррентная оценка качества,73,0.49375745092169504
Рекуррентная оценка качества,74,0.49018609296531773
Рекуррентная оценка качества,75,0.48837087156920533
Рекуррентная оценка качества,76,0.4847837421259893
Рекуррентная оценка качества,77,0.48231834319314654
Рекуррентная оценка качества,78,0.48069282739377
Рекуррентная оценка качества,79,0.4781239458764322
Рекуррентная оценка качества,80,0.4761774249589015
Рекуррентная оценка качества,81,0.47125145252705447
Рекуррентная оценка качества,82,0.4684302384483144
Рекуррентная оценка качества,83,0.4645970615429991
Рекуррентная оценка качества,84,0.46197020225466956
Рекуррентная оценка качества,85,0.45864922812679015
Рекуррентная оценка качества,86,0.4556207087990915
Рекуррентная оценка качества,87,0.4535124072220367
Рекуррентная оценка качества,88,0.45141395723375727
Рекуррентная оценка качества,89,0.44880433167213296
Рекуррентная оценка качества,90,0.4453169097364128
Рекуррентная оценка качества,91,0.44329962693223
Рекуррентная оценка качества,92,0.4420285471677102
Рекуррентная оценка качества,93,0.43809604229292576
Рекуррентная оценка качества,94,0.4356208048749882
Рекуррентная оценка качества,95,0.43393537874835675
Рекуррентная оценка качества,96,0.4298412130186684
Рекуррентная оценка качества,97,0.4275355640383138
Рекуррентная оценка качества,98,0.42483389273035815
Рекуррентная оценка качества,99,0.42294994080407966
Рекуррентная оценка качества,100,0.4192372394340459
Рекуррентная оценка качества,101,0.41694013923721734
Рекуррентная оценка качества,102,0.41438014199774853
Рекуррентная оценка качества,103,0.4131751289349054
Рекуррентная оценка качества,104,0.4102963936654359
Рекуррентная оценка качества,105,0.40872643768333083
Рекуррентная оценка качества,106,0.40574134295228637
Рекуррентная оценка качества,107,0.4028697279787163
Рекуррентная оценка качества,108,0.40077582760065555
Рекуррентная оценка качества,109,0.3987184237271338
Рекуррентная оценка качества,110,0.39541070998569994
Рекуррентная оценка качества,111,0.3939357092219955
Рекуррентная оценка качества,112,0.39116695887432285
Рекуррентная оценка качества,113,0.38854877986312797
Рекуррентная оценка качества,114,0.38642819897175845
Рекуррентная оценка качества,115,0.3841281355163656
Рекуррентная оценка качества,116,0.38110532521427154
Рекуррентная оценка качества,117,0.37886933645763715
Рекуррентная оценка качества,118,0.3755976877768806
Рекуррентная оценка качества,119,0.3746181801017919
Рекуррентная оценка качества,120,0.372263047225915
Рекуррентная оценка качества,121,0.37076400774533347
Рекуррентная оценка качества,122,0.36825667793188793
Рекуррентная оценка качества,123,0.3672299803859321
Рекуррентная оценка качества,124,0.36495850102817856
Рекуррентная оценка качества,125,0.3611617798236048
Рекуррентная оценка качества,126,0.3592167631989262
Рекуррентная оценка качества,127,0.3574196489871638
Рекуррентная оценка качества,128,0.3562963617582097
Рекуррентная оценка качества,129,0.3546647572861464
Рекуррентная оценка качества,130,0.35349472438238977
Рекуррентная оценка качества,131,0.35159924038060875
Рекуррентная оценка качества,132,0.34884321298089804
Рекуррентная оценка качества,133,0.3461929426070176
Рекуррентная оценка качества,134,0.3441283873344467
Рекуррентная оценка качества,135,0.3422688986172287
Рекуррентная оценка качества,136,0.3400269958817559
Рекуррентная оценка качества,137,0.3371790041112581
Рекуррентная оценка качества,138,0.33493715463543283
Рекуррентная оценка качества,139,0.3335846792390073
Рекуррентная оценка качества,140,0.33159067478997944
Рекуррентная оценка качества,141,0.32936593091028143
Рекуррентная оценка качества,142,0.32786758872389127
Рекуррентная оценка качества,143,0.3266145413977854
Рекуррентная оценка качества,144,0.324934597951381
Рекуррентная оценка качества,145,0.3235854246708632
Рекуррентная оценка качества,146,0.3216576088686192
Рекуррентная оценка качества,147,0.31941481560957014
Рекуррентная оценка качества,148,0.3176097430765648
Рекуррентная оценка качества,149,0.31522738900759467
Рекуррентная оценка качества,150,0.3125036017148189
Рекуррентная оценка качества,151,0.31029825049297877
Рекуррентная оценка качества,152,0.3085676386901641
Рекуррентная оценка качества,153,0.3070500872704046
Рекуррентная оценка качества,154,0.3055789756286489
Рекуррентная оценка качества,155,0.3040558991550988
Рекуррентная оценка качества,156,0.3019307222552397
Рекуррентная оценка качества,157,0.2997507729163886
Рекуррентная оценка качества,158,0.29801936353594227
Рекуррентная оценка качества,159,0.2962595673568882
Рекуррентная оценка качества,160,0.29490751511249785
Рекуррентная оценка качества,161,0.29271403691590253
Рекуррентная оценка качества,162,0.29122776534936956
Рекуррентная оценка качества,163,0.2897097422800037
Рекуррентная оценка качества,164,0.2877015696129089
Рекуррентная оценка качества,165,0.2862323540105647
Рекуррентная оценка качества,166,0.2844130817320698
Рекуррентная оценка качества,167,0.2833542911949244
Рекуррентная оценка качества,168,0.28111954923396104
Рекуррентная оценка качества,169,0.2792311527900739
Рекуррентная оценка качества,170,0.2776369452868744
Рекуррентная оценка качества,171,0.27639377591196723
Рекуррентная оценка качества,172,0.2746038898224509
Рекуррентная оценка качества,173,0.2732530736732042
Рекуррентная оценка качества,174,0.2719286115482456
Рекуррентная оценка качества,175,0.2703827814990837
Рекуррентная оценка качества,176,0.2687596197304725
Рекуррентная оценка качества,177,0.26705994584034903
Рекуррентная оценка качества,178,0.26512722313682147
Рекуррентная оценка качества,179,0.2649074973569388
Рекуррентная оценка качества,180,0.26391004740718615
Рекуррентная оценка качества,181,0.2624134148307443
Рекуррентная оценка качества,182,0.2609067893767978
Рекуррентная оценка качества,183,0.25947467614868486
Рекуррентная оценка качества,184,0.25856054068258477
Рекуррентная оценка качества,185,0.25695340078451534
Рекуррентная оценка качества,186,0.25601355391953984
Рекуррентная оценка качества,187,0.25401850230578055
Рекуррентная оценка качества,188,0.25249561115351965
Рекуррентная оценка качества,189,0.25111934891059634
Рекуррентная оценка качества,190,0.24946626525795687
Рекуррентная оценка качества,191,0.24800998856173326
Рекуррентная оценка качества,192,0.2467975704412905
Рекуррентная оценка качества,193,0.24535034354813773
Рекуррентная оценка качества,194,0.24401040307873836
Рекуррентная оценка качества,195,0.24280401360364942
Рекуррентная оценка качества,196,0.24201871095981664
Рекуррентная оценка качества,197,0.2401828654742835
Рекуррентная оценка качества,198,0.23884529412284086
Рекуррентная оценка качества,199,0.23786724024180272
Рекуррентная оценка качества,200,0.23651179795315205
Рекуррентная оценка качества,201,0.23533096767279035
Рекуррентная оценка качества,202,0.23409266903655496
Рекуррентная оценка качества,203,0.23265888516210495
Рекуррентная оценка качества,204,0.23162194812096157
Рекуррентная оценка качества,205,0.23051773926400668
Рекуррентная оценка качества,206,0.22944755532870323
Рекуррентная оценка качества,207,0.2285884326978785
Рекуррентная оценка качества,208,0.22709894983967072
Рекуррентная оценка качества,209,0.22577001105070996
Рекуррентная оценка качества,210,0.2246832388326092
Рекуррентная оценка качества,211,0.22317211034540999
Рекуррентная оценка качества,212,0.22186917461114877
Рекуррентная оценка качества,213,0.2209749538496556
Рекуррентная оценка качества,214,0.2203257197708296
Рекуррентная оценка качества,215,0.2194509990397109
Рекуррентная оценка качества,216,0.21835960086338796
Рекуррентная оценка качества,217,0.21725069175514633
Рекуррентная оценка качества,218,0.21630477927680924
Рекуррентная оценка качества,219,0.21515923295591047
Рекуррентная оценка качества,220,0.2142653910801081
Рекуррентная оценка качества,221,0.21288225058897428
Рекуррентная оценка качества,222,0.21173674522400773
Рекуррентная оценка качества,223,0.21075826243391893
Рекуррентная оценка качества,224,0.20949384932664944
Рекуррентная оценка качества,225,0.2085028233679732
Рекуррентная оценка качества,226,0.20743597882800688
Рекуррентная оценка качества,227,0.2064287331404167
Рекуррентная оценка качества,228,0.20548882536141505
Рекуррентная оценка качества,229,0.2046381276804723
Рекуррентная оценка качества,230,0.20372243425521006
Рекуррентная оценка качества,231,0.20315461944717292
Рекуррентная оценка качества,232,0.20176682558370534
Рекуррентная оценка качества,233,0.2007218588505381
Рекуррентная оценка качества,234,0.19984004099766758
Рекуррентная оценка качества,235,0.19874433588070198
Рекуррентная оценка качества,236,0.1977376025343416
Рекуррентная оценка качества,237,0.1967867891305863
Рекуррентная оценка качества,238,0.19573561343909976
Рекуррентная оценка качества,239,0.1949861049543305
Рекуррентная оценка качества,240,0.19383517044649173
Рекуррентная оценка качества,241,0.19237261534834033
Рекуррентная оценка качества,242,0.1917173361353216
Рекуррентная оценка качества,243,0.1910010518877731
Рекуррентная оценка качества,244,0.19030484264887965
Рекуррентная оценка качества,245,0.18906387553916845
Рекуррентная оценка качества,246,0.18735503937082307
Рекуррентная оценка качества,247,0.18660519603113962
Рекуррентная оценка качества,248,0.1859306883038678
Рекуррентная оценка качества,249,0.18464110589906357
Рекуррентная оценка качества,250,0.1834299588491584
Рекуррентная оценка качества,251,0.18221282546207115
Рекуррентная оценка качества,252,0.18112961361973598
Рекуррентная оценка качества,253,0.1801872699151976
Рекуррентная оценка качества,254,0.17947783066111175
Рекуррентная оценка качества,255,0.178477813825106
Рекуррентная оценка качества,256,0.17744909932008376
Рекуррентная оценка качества,257,0.17647021881424105
Рекуррентная оценка качества,258,0.17531548315435685
Рекуррентная оценка качества,259,0.17428579247081605
Рекуррентная оценка качества,260,0.17331990824934607
Рекуррентная оценка качества,261,0.1724838683733814
Рекуррентная оценка качества,262,0.17151832633487213
Рекуррентная оценка качества,263,0.17053892234299078
Рекуррентная оценка качества,264,0.16992545210243024
Рекуррентная оценка качества,265,0.16898116769615712
Рекуррентная оценка качества,266,0.16851520281263305
Рекуррентная оценка качества,267,0.16768209067561995
Рекуррентная оценка качества,268,0.16713360930068027
Рекуррентная оценка качества,269,0.16631648321910486
Рекуррентная оценка качества,270,0.16547753113418617
Рекуррентная оценка качества,271,0.164753276763252
Рекуррентная оценка качества,272,0.16395297868384762
Рекуррентная оценка качества,273,0.16319205649369242
Рекуррентная оценка качества,274,0.16241638683303133
Рекуррентная оценка качества,275,0.1619570392524908
Рекуррентная оценка качества,276,0.1613306830926992
Рекуррентная оценка качества,277,0.16070900194058166
Рекуррентная оценка качества,278,0.16010201875183416
Рекуррентная оценка качества,279,0.15947375737396552
Рекуррентная оценка качества,280,0.1584972758693198
Рекуррентная оценка качества,281,0.15781683073829267
Рекуррентная оценка качества,282,0.15707749244557545
Рекуррентная оценка качества,283,0.15644922792113436
Рекуррентная оценка качества,284,0.15586898049590348
Рекуррентная оценка качества,285,0.15500575441864625
Рекуррентная оценка качества,286,0.15410431284786122
Рекуррентная оценка качества,287,0.15319029759279332
Рекуррентная оценка качества,288,0.1524800041629311
Рекуррентная оценка качества,289,0.1516870885620438
Рекуррентная оценка качества,290,0.15097784283579108
Рекуррентная оценка качества,291,0.15024405498384474
Рекуррентная оценка качества,292,0.14957043055416241
Рекуррентная оценка качества,293,0.14881520240050497
Рекуррентная оценка качества,294,0.14828140045324836
Рекуррентная оценка качества,295,0.14760940884452695
Рекуррентная оценка качества,296,0.14665582622535298
Рекуррентная оценка качества,297,0.14603092214779173
Рекуррентная оценка качества,298,0.1454164288476475
Рекуррентная оценка качества,299,0.14478443627249546
Рекуррентная оценка качества,300,0.14416040913171926
Рекуррентная оценка качества,301,0.14341919690456426
Рекуррентная оценка качества,302,0.1426011936878095
Рекуррентная оценка качества,303,0.14168997774998657
Рекуррентная оценка качества,304,0.14121676098767563
Рекуррентная оценка качества,305,0.14039934509313987
Рекуррентная оценка качества,306,0.1394546824407724
Рекуррентная оценка качества,307,0.13878647276548856
Рекуррентная оценка качества,308,0.13799321943489695
Рекуррентная оценка качества,309,0.13728733519036354
Рекуррентная оценка качества,310,0.13673994920852264
Рекуррентная оценка качества,311,0.13613630073750269
Рекуррентная оценка качества,312,0.13532398810541743
Рекуррентная оценка качества,313,0.13450280121180835
Рекуррентная оценка качества,314,0.13376979148899854
Рекуррентная оценка качества,315,0.13327291556051155
Рекуррентная оценка качества,316,0.1326287966306758
Рекуррентная оценка качества,317,0.13203000094143408
Рекуррентная оценка качества,318,0.1315783375530401
Рекуррентная оценка качества,319,0.13081737931548867
Рекуррентная оценка качества,320,0.13013554928234025
Рекуррентная оценка качества,321,0.12956027235616674
Рекуррентная оценка качества,322,0.12913816629173783
Рекуррентная оценка качества,323,0.1284661372201549
Рекуррентная оценка качества,324,0.1277842983835961
Рекуррентная оценка качества,325,0.1271349673221631
Рекуррентная оценка качества,326,0.12672263021618693
Рекуррентная оценка качества,327,0.12609991047268293
Рекуррентная оценка качества,328,0.12547737291015684
Рекуррентная оценка качества,329,0.124679056413436
Рекуррентная оценка качества,330,0.12399567099651734
Рекуррентная оценка качества,331,0.12356180294106699
Рекуррентная оценка качества,332,0.12302669033111219
Рекуррентная оценка качества,333,0.12255660149315202
Рекуррентная оценка качества,334,0.12220265599416717
Рекуррентная оценка качества,335,0.12159154493982104
Рекуррентная оценка качества,336,0.12098370927748123
Рекуррентная оценка качества,337,0.12035553234174086
Рекуррентная оценка качества,338,0.1198895079452695
Рекуррентная оценка качества,339,0.1194409377643032
Рекуррентная оценка качества,340,0.11885276623976164
Рекуррентная оценка качества,341,0.1184155841442282
Рекуррентная оценка качества,342,0.11779199516259894
Рекуррентная оценка качества,343,0.117216984345332
Рекуррентная оценка качества,344,0.11652510813772059
Рекуррентная оценка качества,345,0.11605175282589376
Рекуррентная оценка качества,346,0.1157131543813697
Рекуррентная оценка качества,347,0.11529330370680715
Рекуррентная оценка качества,348,0.11459266890546024
Рекуррентная оценка качества,349,0.1140773652297505
Рекуррентная оценка качества,350,0.1136373252673895
Рекуррентная оценка качества,351,0.11326931465233323
Рекуррентная оценка качества,352,0.11286989115881185
Рекуррентная оценка качества,353,0.11233650986718718
Рекуррентная оценка качества,354,0.11172375647499568
Рекуррентная оценка качества,355,0.11115020348564808
Рекуррентная оценка качества,356,0.11075380558826836
Рекуррентная оценка качества,357,0.11051586757879776
Рекуррентная оценка качества,358,0.11014675388915315
Рекуррентная оценка качества,359,0.10967375503343771
Рекуррентная оценка качества,360,0.10902563971948138
Рекуррентная оценка качества,361,0.10861388783177284
Рекуррентная оценка качества,362,0.10825690623460268
Рекуррентная оценка качества,363,0.10767981443374709
Рекуррентная оценка качества,364,0.10746173258593993
Рекуррентная оценка качества,365,0.10685058262399617
Рекуррентная оценка качества,366,0.106425647061735
Рекуррентная оценка качества,367,0.10601638040681771
Рекуррентная оценка качества,368,0.10564724777338667
Рекуррентная оценка качества,369,0.10522055419410294
Рекуррентная оценка качества,370,0.1047091606915891
Рекуррентная оценка качества,371,0.10409509929423778
Рекуррентная оценка качества,372,0.10346819154621492
Рекуррентная оценка качества,373,0.10301294861650115
Рекуррентная оценка качества,374,0.10261733282338302
Рекуррентная оценка качества,375,0.10215752392008703
Рекуррентная оценка качества,376,0.10179120154742959
Рекуррентная оценка качества,377,0.10144354856549133
Рекуррентная оценка качества,378,0.10098791384449916
Рекуррентная оценка качества,379,0.10046989940544457
Рекуррентная оценка качества,380,0.0999515569835261
Рекуррентная оценка качества,381,0.09952571920114503
Рекуррентная оценка качества,382,0.09894060568668263
Рекуррентная оценка качества,383,0.09858688380166886
Рекуррентная оценка качества,384,0.09823670337462583
Рекуррентная оценка качества,385,0.09780211868315797
Рекуррентная оценка качества,386,0.09728018553444283
Рекуррентная оценка качества,387,0.09689594276233297
Рекуррентная оценка качества,388,0.09652787351335856
Рекуррентная оценка качества,389,0.09638636160644505
Рекуррентная оценка качества,390,0.0959083741773218
Рекуррентная оценка качества,391,0.09548703708028185
Рекуррентная оценка качества,392,0.09514675152358916
Рекуррентная оценка качества,393,0.09472917614944527
Рекуррентная оценка качества,394,0.09419141375167639
Рекуррентная оценка качества,395,0.09403946364902196
Рекуррентная оценка качества,396,0.09363522470423538
Рекуррентная оценка качества,397,0.09336162831104707
Рекуррентная оценка качества,398,0.09278776284466558
Рекуррентная оценка качества,399,0.09223490245430907
Рекуррентная оценка качества,400,0.09193290616654329
Рекуррентная оценка качества,401,0.09178715846168992
Рекуррентная оценка качества,402,0.0913992732269134
Рекуррентная оценка качества,403,0.09102330277223025
Рекуррентная оценка качества,404,0.09067233252124682
Рекуррентная оценка качества,405,0.0901878086745991
Рекуррентная оценка качества,406,0.0897067259926823
Рекуррентная оценка качества,407,0.08958381811545356
Рекуррентная оценка качества,408,0.08920925629626382
Рекуррентная оценка качества,409,0.08880527102638815
Рекуррентная оценка качества,410,0.08878288283015591
Рекуррентная оценка качества,411,0.08834651675579368
Рекуррентная оценка качества,412,0.08803809574428181
Рекуррентная оценка качества,413,0.08752113508183805
Рекуррентная оценка качества,414,0.08726259881281909
Рекуррентная оценка качества,415,0.08682633584255535
Рекуррентная оценка качества,416,0.0864620906068014
Рекуррентная оценка качества,417,0.08608771004047938
Рекуррентная оценка качества,418,0.08614472797754812
Рекуррентная оценка качества,419,0.08577039214784994
Рекуррентная оценка качества,420,0.08548370266957783
Рекуррентная оценка качества,421,0.08556486049853684
Рекуррентная оценка качества,422,0.08513336696409503
Рекуррентная оценка качества,423,0.08476032424395386
Рекуррентная оценка качества,424,0.08449013533760012
Рекуррентная оценка качества,425,0.08422362435162704
Рекуррентная оценка качества,426,0.08383194813338508
Рекуррентная оценка качества,427,0.0835102022976205
Рекуррентная оценка качества,428,0.08308914519903038
Рекуррентная оценка качества,429,0.08279475917815235
Рекуррентная оценка качества,430,0.08241737601918618
Рекуррентная оценка качества,431,0.08198070289715965
Рекуррентная оценка качества,432,0.08185175344741785
Рекуррентная оценка качества,433,0.08143320914054168
Рекуррентная оценка качества,434,0.08120839931685443
Рекуррентная оценка качества,435,0.08113055933433266
Рекуррентная оценка качества,436,0.08071647680217815
Рекуррентная оценка качества,437,0.08064678866859229
Рекуррентная оценка качества,438,0.08076779417136185
Рекуррентная оценка качества,439,0.08035817988868459
Рекуррентная оценка качества,440,0.08033337568415522
Рекуррентная оценка качества,441,0.07993929140685066
Рекуррентная оценка качества,442,0.07963849796292723
Рекуррентная оценка качества,443,0.07942588325365456
Рекуррентная оценка качества,444,0.07917834588273787
Рекуррентная оценка качества,445,0.0788483901586257
Рекуррентная оценка качества,446,0.07842874339995817
Рекуррентная оценка качества,447,0.07819803462918161
Рекуррентная оценка качества,448,0.07790051768234568
Рекуррентная оценка качества,449,0.07755887384624854
Рекуррентная оценка качества,450,0.07760344587439294
Рекуррентная оценка качества,451,0.07720020380302808
Рекуррентная оценка качества,452,0.07682655021911046
Рекуррентная оценка качества,453,0.07643356071801721
Рекуррентная оценка качества,454,0.07618922541380217
Рекуррентная оценка качества,455,0.07588741456309114
Рекуррентная оценка качества,456,0.0757019981413682
Рекуррентная оценка качества,457,0.07540399839132841
Рекуррентная оценка качества,458,0.07513742068571633
Рекуррентная оценка качества,459,0.07470197760240772
Рекуррентная оценка качества,460,0.07435651654216155
Рекуррентная оценка качества,461,0.07407880724184966
Рекуррентная оценка качества,462,0.07376861579602786
Рекуррентная оценка качества,463,0.07368083362067855
Рекуррентная оценка качества,464,0.07348652949518572
Рекуррентная оценка качества,465,0.07325603141894153
Рекуррентная оценка качества,466,0.07320220768096089
Рекуррентная оценка качества,467,0.07285269251109709
Рекуррентная оценка качества,468,0.07255586973550726
Рекуррентная оценка качества,469,0.07226551299535762
Рекуррентная оценка качества,470,0.07196954673824683
Рекуррентная оценка качества,471,0.07190044032867576
Рекуррентная оценка качества,472,0.07155493553570491
Рекуррентная оценка качества,473,0.0712762724321134
Рекуррентная оценка качества,474,0.07103193905117304
Рекуррентная оценка качества,475,0.07078586981132984
Рекуррентная оценка качества,476,0.07049973116906755
Рекуррентная оценка качества,477,0.0703238277577939
Рекуррентная оценка качества,478,0.06999263634700865
Рекуррентная оценка качества,479,0.06977646565545573
Рекуррентная оценка качества,480,0.06954107162539468
Рекуррентная оценка качества,481,0.06964796501258746
Рекуррентная оценка качества,482,0.06962802405443243
Рекуррентная оценка качества,483,0.0695106606468609
Рекуррентная оценка качества,484,0.06925393707884246
Рекуррентная оценка качества,485,0.06925344312242583
Рекуррентная оценка качества,486,0.0690010499819319
Рекуррентная оценка качества,487,0.06892123480598737
Рекуррентная оценка качества,488,0.06858364073192942
Рекуррентная оценка качества,489,0.06840537256822554
Рекуррентная оценка качества,490,0.06832965520417611
Рекуррентная оценка качества,491,0.0680603856482159
Рекуррентная оценка качества,492,0.06783847284175651
Рекуррентная оценка качества,493,0.06751380456626513
Рекуррентная оценка качества,494,0.0672422582958405
Рекуррентная оценка качества,495,0.06696947444169003
Рекуррентная оценка качества,496,0.06679466743392072
Рекуррентная оценка качества,497,0.06657260268729098
Рекуррентная оценка качества,498,0.06641823112228423
Рекуррентная оценка качества,499,0.06657951280701413
Рекуррентная оценка качества,500,0.06632544673337201
Рекуррентная оценка качества,501,0.0661953271807125
Рекуррентная оценка качества,502,0.06601017077440799
Рекуррентная оценка качества,503,0.06574936770419115
Рекуррентная оценка качества,504,0.0655390624848041
Рекуррентная оценка качества,505,0.06542012867961346
Рекуррентная оценка качества,506,0.06539117437349885
Рекуррентная оценка качества,507,0.06507494989360779
Рекуррентная оценка качества,508,0.06476412006256474
Рекуррентная оценка качества,509,0.06464284366034921
Рекуррентная оценка качества,510,0.06441943987553074
Рекуррентная оценка качества,511,0.06411724494104486
Рекуррентная оценка качества,512,0.06389161385761144
Рекуррентная оценка качества,513,0.06353306863518741
Рекуррентная оценка качества,514,0.06351335320750068
Рекуррентная оценка качества,515,0.06330692549582179
Рекуррентная оценка качества,516,0.06302839405963699
Рекуррентная оценка качества,517,0.06283704246256333
Рекуррентная оценка качества,518,0.06264182607226465
Рекуррентная оценка качества,519,0.06255380717788844
Рекуррентная оценка качества,520,0.062284211419387066
Рекуррентная оценка качества,521,0.06219871350398753
Рекуррентная оценка качества,522,0.06195317372610884
Рекуррентная оценка качества,523,0.06183276541848987
Рекуррентная оценка качества,524,0.061593960927542
Рекуррентная оценка качества,525,0.061598264434153734
Рекуррентная оценка качества,526,0.061452245105526014
Рекуррентная оценка качества,527,0.06117737868205939
Рекуррентная оценка качества,528,0.06100041666088072
Рекуррентная оценка качества,529,0.06074828132792372
Рекуррентная оценка качества,530,0.060683547020646385
Рекуррентная оценка качества,531,0.06047693793759294
Рекуррентная оценка качества,532,0.06033148292585735
Рекуррентная оценка качества,533,0.060177063096117506
Рекуррентная оценка качества,534,0.05994540815908541
Рекуррентная оценка качества,535,0.05968657736064541
Рекуррентная оценка качества,536,0.059473591148474614
Рекуррентная оценка качества,537,0.05939801295568884
Рекуррентная оценка качества,538,0.05916068388348283
Рекуррентная оценка качества,539,0.058931605960629505
Рекуррентная оценка качества,540,0.0587618247894595
Рекуррентная оценка качества,541,0.05863901740138413
Рекуррентная оценка качества,542,0.05847500818607815
Рекуррентная оценка качества,543,0.0581991298769255
Рекуррентная оценка качества,544,0.05799307326121844
Рекуррентная оценка качества,545,0.05790236297029399
Рекуррентная оценка качества,546,0.057701380385620546
Рекуррентная оценка качества,547,0.05751801831410595
Рекуррентная оценка качества,548,0.05730196035583275
Рекуррентная оценка качества,549,0.05712157555118173
Рекуррентная оценка качества,550,0.05691931629392376
Рекуррентная оценка качества,551,0.0566802429654881
Рекуррентная оценка качества,552,0.05642939739846325
Рекуррентная оценка качества,553,0.05618561697804026
Рекуррентная оценка качества,554,0.05622186014775425
Рекуррентная оценка качества,555,0.0560579742860113
Рекуррентная оценка качества,556,0.05586723649384787
Рекуррентная оценка качества,557,0.055827952186612066
Рекуррентная оценка качества,558,0.055651403649406316
Рекуррентная оценка качества,559,0.05566889425098857
Рекуррентная оценка качества,560,0.05568819098057957
Рекуррентная оценка качества,561,0.05548342343348544
Рекуррентная оценка качества,562,0.055335873738722584
Рекуррентная оценка качества,563,0.05513133573963291
Рекуррентная оценка качества,564,0.05494656275293306
Рекуррентная оценка качества,565,0.05466551337734437
Рекуррентная оценка качества,566,0.054516980548147534
Рекуррентная оценка качества,567,0.05430468891515135
Рекуррентная оценка качества,568,0.05406486713323526
Рекуррентная оценка качества,569,0.053922953309345316
Рекуррентная оценка качества,570,0.05385713840056966
Рекуррентная оценка качества,571,0.05379749873227347
Рекуррентная оценка качества,572,0.053681036897355754
Рекуррентная оценка качества,573,0.053483592294402776
Рекуррентная оценка качества,574,0.053229045342122694
Рекуррентная оценка качества,575,0.053039028824997475
Рекуррентная оценка качества,576,0.0529672938518422
Рекуррентная оценка качества,577,0.053150200990828206
Рекуррентная оценка качества,578,0.053026546235046566
Рекуррентная оценка качества,579,0.05286202551949162
Рекуррентная оценка качества,580,0.05274588066156207
Рекуррентная оценка качества,581,0.05255406193672675
Рекуррентная оценка качества,582,0.05258537856588619
Рекуррентная оценка качества,583,0.052486728966673384
Рекуррентная оценка качества,584,0.05245932078939026
Рекуррентная оценка качества,585,0.05226497274024301
Рекуррентная оценка качества,586,0.05205553920560854
Рекуррентная оценка качества,587,0.051983926391543714
Рекуррентная оценка качества,588,0.0519888022683466
Рекуррентная оценка качества,589,0.05178700592206832
Рекуррентная оценка качества,590,0.0517164314650331
Рекуррентная оценка качества,591,0.051704914499153605
Рекуррентная оценка качества,592,0.051577205771357784
Рекуррентная оценка качества,593,0.051378948990315566
Рекуррентная оценка качества,594,0.05122414668998533
Рекуррентная оценка качества,595,0.05108193418047152
Рекуррентная оценка качества,596,0.0510033091962295
Рекуррентная оценка качества,597,0.050868048035250545
Рекуррентная оценка качества,598,0.050849378159483365
Рекуррентная оценка качества,599,0.05066177521503458
Рекуррентная оценка качества,600,0.05054211737872669
Рекуррентная оценка качества,601,0.05053653275962248
Рекуррентная оценка качества,602,0.05051939254980952
Рекуррентная оценка качества,603,0.05055609533895096
Рекуррентная оценка качества,604,0.05039071025068469
Рекуррентная оценка качества,605,0.05021003068788615
Рекуррентная оценка качества,606,0.050036638737664216
Рекуррентная оценка качества,607,0.04987094753962465
Рекуррентная оценка качества,608,0.04974758002826572
Рекуррентная оценка качества,609,0.04962540615493631
Рекуррентная оценка качества,610,0.04984181453085451
Рекуррентная оценка качества,611,0.04988066762500644
Рекуррентная оценка качества,612,0.0499119913335892
Рекуррентная оценка качества,613,0.04975517996609767
Рекуррентная оценка качества,614,0.049660031733242405
Рекуррентная оценка качества,615,0.04949636756203473
Рекуррентная оценка качества,616,0.04940936189963468
Рекуррентная оценка качества,617,0.04941880330592331
Рекуррентная оценка качества,618,0.04929264245584901
Рекуррентная оценка качества,619,0.04921443467435496
Рекуррентная оценка качества,620,0.049129186066358216
Рекуррентная оценка качества,621,0.049185136924179904
Рекуррентная оценка качества,622,0.04904615014390297
Рекуррентная оценка качества,623,0.048967657071553664
Рекуррентная оценка качества,624,0.04887977241002414
Рекуррентная оценка качества,625,0.048764256456435354
Рекуррентная оценка качества,626,0.04866578699851967
Рекуррентная оценка качества,627,0.04846909539498726
Рекуррентная оценка качества,628,0.04837253273184568
Рекуррентная оценка качества,629,0.04824088855840297
Рекуррентная оценка качества,630,0.04813548581978399
Рекуррентная оценка качества,631,0.048050006909706136
Рекуррентная оценка качества,632,0.04792681207730331
Рекуррентная оценка качества,633,0.047985478318774
Рекуррентная оценка качества,634,0.04778954095446867
Рекуррентная оценка качества,635,0.047715202308692715
Рекуррентная оценка качества,636,0.04789934900741019
Рекуррентная оценка качества,637,0.04799482309133644
Рекуррентная оценка качества,638,0.04788736098665111
Рекуррентная оценка качества,639,0.047926966475380556
Рекуррентная оценка качества,640,0.04790194340875854
Рекуррентная оценка качества,641,0.0479129778432438
Рекуррентная оценка качества,642,0.04785688647049489
Рекуррентная оценка качества,643,0.04789721241563884
Рекуррентная оценка качества,644,0.04795331117682704
Рекуррентная оценка качества,645,0.04804132607869086
Рекуррентная оценка качества,646,0.04795647301012284
Рекуррентная оценка качества,647,0.0478952123043423
Рекуррентная оценка качества,648,0.04777938004375021
Рекуррентная оценка качества,649,0.04761984989552264
Рекуррентная оценка качества,650,0.0474456666968921
Рекуррентная оценка качества,651,0.047424852636335564
Рекуррентная оценка качества,652,0.04736970465774762
Рекуррентная оценка качества,653,0.04745939455056362
Рекуррентная оценка качества,654,0.04729418187269954
Рекуррентная оценка качества,655,0.0471431631977141
Рекуррентная оценка качества,656,0.04707296081211223
Рекуррентная оценка качества,657,0.04696438526172316
Рекуррентная оценка качества,658,0.04688546996343981
Рекуррентная оценка качества,659,0.046826745752484834
Рекуррентная оценка качества,660,0.04695645044309257
Рекуррентная оценка качества,661,0.04683987180849995
Рекуррентная оценка качества,662,0.04683806969464906
Рекуррентная оценка качества,663,0.04683607717037787
Рекуррентная оценка качества,664,0.04692650886407966
Рекуррентная оценка качества,665,0.04682020150133692
Рекуррентная оценка качества,666,0.046764656632919566
Рекуррентная оценка качества,667,0.046860776576757454
Рекуррентная оценка качества,668,0.04696000941129293
Рекуррентная оценка качества,669,0.04684561532280119
Рекуррентная оценка качества,670,0.0468058745890971
Рекуррентная оценка качества,671,0.0468156073295941
Рекуррентная оценка качества,672,0.04672896341037776
Рекуррентная оценка качества,673,0.046618717317846226
Рекуррентная оценка качества,674,0.04651408811187301
Рекуррентная оценка качества,675,0.04636727280346005
Рекуррентная оценка качества,676,0.046372521150767745
Рекуррентная оценка качества,677,0.046234499911716846
Рекуррентная оценка качества,678,0.046171456246019205
Рекуррентная оценка качества,679,0.04616327441855562
Рекуррентная оценка качества,680,0.04601116686391823
Рекуррентная оценка качества,681,0.04586705484105926
Рекуррентная оценка качества,682,0.04588636899639187
Рекуррентная оценка качества,683,0.045743620957273405
Рекуррентная оценка качества,684,0.04565190763041564
Рекуррентная оценка качества,685,0.04552915150913037
Рекуррентная оценка качества,686,0.04553689835119067
Рекуррентная оценка качества,687,0.04544232966099712
Рекуррентная оценка качества,688,0.04532120954305252
Рекуррентная оценка качества,689,0.04528444764275308
Рекуррентная оценка качества,690,0.04526726164142797
Рекуррентная оценка качества,691,0.0454273558759062
Рекуррентная оценка качества,692,0.045386760616291794
Рекуррентная оценка качества,693,0.045279199655494304
Рекуррентная оценка качества,694,0.04519263004890605
Рекуррентная оценка качества,695,0.04546989691034599
Рекуррентная оценка качества,696,0.045404347629074505
Рекуррентная оценка качества,697,0.04535391557964366
Рекуррентная оценка качества,698,0.04524166576540745
Рекуррентная оценка качества,699,0.045047850433042075
Рекуррентная оценка качества,700,0.044952346275791234
Рекуррентная оценка качества,701,0.04488506431628977
Рекуррентная оценка качества,702,0.0448970900640314
Рекуррентная оценка качества,703,0.04477929004574667
Рекуррентная оценка качества,704,0.04472235761911127
Рекуррентная оценка качества,705,0.0446364387634549
Рекуррентная оценка качества,706,0.04449361997827597
Рекуррентная оценка качества,707,0.04439299893469512
Рекуррентная оценка качества,708,0.044297063205047754
Рекуррентная оценка качества,709,0.044302527535448624
Рекуррентная оценка качества,710,0.04420256112671362
Рекуррентная оценка качества,711,0.04410923753790183
Рекуррентная оценка качества,712,0.04411132599028025
Рекуррентная оценка качества,713,0.04397898556939013
Рекуррентная оценка качества,714,0.04383259683939943
Рекуррентная оценка качества,715,0.043828203199665496
Рекуррентная оценка качества,716,0.04388554961804549
Рекуррентная оценка качества,717,0.043753826577575594
Рекуррентная оценка качества,718,0.04364159094535223
Рекуррентная оценка качества,719,0.04357779532928756
Рекуррентная оценка качества,720,0.04339623458775066
Рекуррентная оценка качества,721,0.04329833764227721
Рекуррентная оценка качества,722,0.043214817908958425
Рекуррентная оценка качества,723,0.04315370696426911
Рекуррентная оценка качества,724,0.0431202755700176
Рекуррентная оценка качества,725,0.043013870595467144
Рекуррентная оценка качества,726,0.043012669244118035
Рекуррентная оценка качества,727,0.04297655155405911
Рекуррентная оценка качества,728,0.042825022305425585
Рекуррентная оценка качества,729,0.04281603064783281
Рекуррентная оценка качества,730,0.042921645689055925
Рекуррентная оценка качества,731,0.0427978278938043
Рекуррентная оценка качества,732,0.04287607804062126
Рекуррентная оценка качества,733,0.04271613056645831
Рекуррентная оценка качества,734,0.04262358033233172
Рекуррентная оценка качества,735,0.04254831571989553
Рекуррентная оценка качества,736,0.04257666599426928
Рекуррентная оценка качества,737,0.04248960800284711
Рекуррентная оценка качества,738,0.04252156233306067
Рекуррентная оценка качества,739,0.04258043681739125
Рекуррентная оценка качества,740,0.042501804552792094
Рекуррентная оценка качества,741,0.04239628028463786
Рекуррентная оценка качества,742,0.042522583343686284
Рекуррентная оценка качества,743,0.04242082221579359
Рекуррентная оценка качества,744,0.042360763511209626
Рекуррентная оценка качества,745,0.042335781070990945
Рекуррентная оценка качества,746,0.04220670746365344
Рекуррентная оценка качества,747,0.04205313026928311
Рекуррентная оценка качества,748,0.04202022718419314
Рекуррентная оценка качества,749,0.04197245158700369
Рекуррентная оценка качества,750,0.041929870787562454
Рекуррентная оценка качества,751,0.04182459663721231
Рекуррентная оценка качества,752,0.0417028425270886
Рекуррентная оценка качества,753,0.04182331791215905
Рекуррентная оценка качества,754,0.04171351130651764
Рекуррентная оценка качества,755,0.04173049284766984
Рекуррентная оценка качества,756,0.041607888956651455
Рекуррентная оценка качества,757,0.0415607998217098
Рекуррентная оценка качества,758,0.041608757943879894
Рекуррентная оценка качества,759,0.04163554857389301
Рекуррентная оценка качества,760,0.041554361883308834
Рекуррентная оценка качества,761,0.04148059863511669
Рекуррентная оценка качества,762,0.041390337257083895
Рекуррентная оценка качества,763,0.041396773771752465
Рекуррентная оценка качества,764,0.04129192787109275
Рекуррентная оценка качества,765,0.04119492804151119
Рекуррентная оценка качества,766,0.04120749094719833
Рекуррентная оценка качества,767,0.0411778426089138
Рекуррентная оценка качества,768,0.04111171491849477
Рекуррентная оценка качества,769,0.041091305356258864
Рекуррентная оценка качества,770,0.040969343451762674
Рекуррентная оценка качества,771,0.040953265385338035
Рекуррентная оценка качества,772,0.040905456046005775
Рекуррентная оценка качества,773,0.04086770245562046
Рекуррентная оценка качества,774,0.040840536584274556
Рекуррентная оценка качества,775,0.04079265585453324
Рекуррентная оценка качества,776,0.04081696110845098
Рекуррентная оценка качества,777,0.04068692000019081
Рекуррентная оценка качества,778,0.04069434855153691
Рекуррентная оценка качества,779,0.04064540057881537
Рекуррентная оценка качества,780,0.040671055738309765
Рекуррентная оценка качества,781,0.04055785652247946
Рекуррентная оценка качества,782,0.04059696747048553
Рекуррентная оценка качества,783,0.040493397822938884
Рекуррентная оценка качества,784,0.04062573995924143
Рекуррентная оценка качества,785,0.040548130523024584
Рекуррентная оценка качества,786,0.04053078908363753
Рекуррентная оценка качества,787,0.040474832815398064
Рекуррентная оценка качества,788,0.04037708090666152
Рекуррентная оценка качества,789,0.04028543745476632
Рекуррентная оценка качества,790,0.04037402075933829
Рекуррентная оценка качества,791,0.04030661567789751
Рекуррентная оценка качества,792,0.040330644087140655
Рекуррентная оценка качества,793,0.04022468729915826
Рекуррентная оценка качества,794,0.04016683451829529
Рекуррентная оценка качества,795,0.04011407907651504
Рекуррентная оценка качества,796,0.04002677400554853
Рекуррентная оценка качества,797,0.03997952459814727
Рекуррентная оценка качества,798,0.03996778245974874
Рекуррентная оценка качества,799,0.03994681674246104
Рекуррентная оценка качества,800,0.03994271328447939
Рекуррентная оценка качества,801,0.03996214838230653
Рекуррентная оценка качества,802,0.03992312416704971
Рекуррентная оценка качества,803,0.03988900820833217
Рекуррентная оценка качества,804,0.03983364088618533
Рекуррентная оценка качества,805,0.03989496515557839
Рекуррентная оценка качества,806,0.039912154119656415
Рекуррентная оценка качества,807,0.03982489118965408
Рекуррентная оценка качества,808,0.039825409359410216
Рекуррентная оценка качества,809,0.03985959186304075
Рекуррентная оценка качества,810,0.04001106630453696
Рекуррентная оценка качества,811,0.040001806276680776
Рекуррентная оценка качества,812,0.039894580840221
Рекуррентная оценка качества,813,0.04004046302740715
Рекуррентная оценка качества,814,0.039917912203046996
Рекуррентная оценка качества,815,0.03987913268743163
Рекуррентная оценка качества,816,0.03980518571930361
Рекуррентная оценка качества,817,0.039762559114461714
Рекуррентная оценка качества,818,0.039656253949679136
Рекуррентная оценка качества,819,0.039620277726496025
Рекуррентная оценка качества,820,0.03958635719525954
Рекуррентная оценка качества,821,0.039569426933628804
Рекуррентная оценка качества,822,0.039535168468032574
Рекуррентная оценка качества,823,0.03956423918985328
Рекуррентная оценка качества,824,0.03947630764622857
Рекуррентная оценка качества,825,0.03949462966254863
Рекуррентная оценка качества,826,0.03972224390060457
Рекуррентная оценка качества,827,0.03967648883331902
Рекуррентная оценка качества,828,0.03961606098309258
Рекуррентная оценка качества,829,0.039562450914380286
Рекуррентная оценка качества,830,0.039730966484382235
Рекуррентная оценка качества,831,0.03963792531306023
Рекуррентная оценка качества,832,0.03954317177684651
Рекуррентная оценка качества,833,0.03950514959258139
Рекуррентная оценка качества,834,0.039440034873112005
Рекуррентная оценка качества,835,0.03949062112229661
Рекуррентная оценка качества,836,0.03945481742643193
Рекуррентная оценка качества,837,0.039352093717260846
Рекуррентная оценка качества,838,0.039261652475124524
Рекуррентная оценка качества,839,0.039206679466697154
Рекуррентная оценка качества,840,0.039184996314066
Рекуррентная оценка качества,841,0.03927571248525673
Рекуррентная оценка качества,842,0.03936482186237759
Рекуррентная оценка качества,843,0.03934131267494234
Рекуррентная оценка качества,844,0.03936440379247163
Рекуррентная оценка качества,845,0.03936068359201276
Рекуррентная оценка качества,846,0.03935698178627891
Рекуррентная оценка качества,847,0.03932036351322687
Рекуррентная оценка качества,848,0.039336822696616335
Рекуррентная оценка качества,849,0.03920486619076883
Рекуррентная оценка качества,850,0.03925790000576035
Рекуррентная оценка качества,851,0.039180214404195446
Рекуррентная оценка качества,852,0.03916393631331308
Рекуррентная оценка качества,853,0.03910669460712779
Рекуррентная оценка качества,854,0.03903705126912609
Рекуррентная оценка качества,855,0.0391934259794798
Рекуррентная оценка качества,856,0.03908610917519954
Рекуррентная оценка качества,857,0.038997974822562
Рекуррентная оценка качества,858,0.038895973341903034
Рекуррентная оценка качества,859,0.038862118175175445
Рекуррентная оценка качества,860,0.03887490175224194
Рекуррентная оценка качества,861,0.038834724658397206
Рекуррентная оценка качества,862,0.03899404441373353
Рекуррентная оценка качества,863,0.038986303590716094
Рекуррентная оценка качества,864,0.03890379961352028
Рекуррентная оценка качества,865,0.038866983031819284
Рекуррентная оценка качества,866,0.038985237868028114
Рекуррентная оценка качества,867,0.03885640614491123
Рекуррентная оценка качества,868,0.03886827701073853
Рекуррентная оценка качества,869,0.03885235596497405
Рекуррентная оценка качества,870,0.038826845449526165
Рекуррентная оценка качества,871,0.03882780768289623
Рекуррентная оценка качества,872,0.03891922439764041
Рекуррентная оценка качества,873,0.038935678918222
Рекуррентная оценка качества,874,0.03894980332830625
Рекуррентная оценка качества,875,0.03890608484399321
Рекуррентная оценка качества,876,0.03884943711358154
Рекуррентная оценка качества,877,0.03877850192424736
Рекуррентная оценка качества,878,0.03871337829064211
Рекуррентная оценка качества,879,0.038748560219043354
Рекуррентная оценка качества,880,0.03871179299113637
Рекуррентная оценка качества,881,0.03880416545739557
Рекуррентная оценка качества,882,0.03882643835362908
Рекуррентная оценка качества,883,0.03871786139237564
Рекуррентная оценка качества,884,0.03865448904612442
Рекуррентная оценка качества,885,0.03865284101011715
Рекуррентная оценка качества,886,0.038615936723048
Рекуррентная оценка качества,887,0.03856218101638864
Рекуррентная оценка качества,888,0.03854814829193288
Рекуррентная оценка качества,889,0.038525116763827146
Рекуррентная оценка качества,890,0.03848884134350592
Рекуррентная оценка качества,891,0.03839821227616342
Рекуррентная оценка качества,892,0.038369102360561604
Рекуррентная оценка качества,893,0.03837812874913315
Рекуррентная оценка качества,894,0.03830667074949332
Рекуррентная оценка качества,895,0.03835895775155527
Рекуррентная оценка качества,896,0.03830982214880338
Рекуррентная оценка качества,897,0.03825268312287436
Рекуррентная оценка качества,898,0.038205581077016715
Рекуррентная оценка качества,899,0.0382066167240882
Рекуррентная оценка качества,900,0.038219941435692045
Рекуррентная оценка качества,901,0.038199138931506435
Рекуррентная оценка качества,902,0.038166271995737376
Рекуррентная оценка качества,903,0.038054000977172306
Рекуррентная оценка качества,904,0.03804393598468273
Рекуррентная оценка качества,905,0.03803480682870022
Рекуррентная оценка качества,906,0.03800746368940907
Рекуррентная оценка качества,907,0.03797412314191402
Рекуррентная оценка качества,908,0.037893860119538166
Рекуррентная оценка качества,909,0.0378491543937015
Рекуррентная оценка качества,910,0.03780349596315395
Рекуррентная оценка качества,911,0.03786899301426616
Рекуррентная оценка качества,912,0.03790221756666546
Рекуррентная оценка качества,913,0.037807459349596235
Рекуррентная оценка качества,914,0.03774036077318431
Рекуррентная оценка качества,915,0.037766626141645394
Рекуррентная оценка качества,916,0.03775776985633084
Рекуррентная оценка качества,917,0.03768345933815467
Рекуррентная оценка качества,918,0.037619098747306075
Рекуррентная оценка качества,919,0.03759398710521542
Рекуррентная оценка качества,920,0.03754668884367391
Рекуррентная оценка качества,921,0.03746907772265272
Рекуррентная оценка качества,922,0.03746606952169205
Рекуррентная оценка качества,923,0.0374543067925404
Рекуррентная оценка качества,924,0.037413190141048436
Рекуррентная оценка качества,925,0.037317146064342215
Рекуррентная оценка качества,926,0.03728967137571384
Рекуррентная оценка качества,927,0.0372679284481853
Рекуррентная оценка качества,928,0.03725193587193793
Рекуррентная оценка качества,929,0.03729828338889458
Рекуррентная оценка качества,930,0.03725501795357773
Рекуррентная оценка качества,931,0.037140957545453636
Рекуррентная оценка качества,932,0.03724841740244154
Рекуррентная оценка качества,933,0.03715329024954458
Рекуррентная оценка качества,934,0.037084110567440584
Рекуррентная оценка качества,935,0.03708289108098444
Рекуррентная оценка качества,936,0.037138179799251075
Рекуррентная оценка качества,937,0.037118230458345426
Рекуррентная оценка качества,938,0.03710950235783787
Рекуррентная оценка качества,939,0.037065334186603835
Рекуррентная оценка качества,940,0.03701785056155668
Рекуррентная оценка качества,941,0.037017923781529766
Рекуррентная оценка качества,942,0.03691136358053224
Рекуррентная оценка качества,943,0.03686800653909888
Рекуррентная оценка качества,944,0.03681441396117634
Рекуррентная оценка качества,945,0.0367812467044108
Рекуррентная оценка качества,946,0.03678517964994803
Рекуррентная оценка качества,947,0.036746432190874256
Рекуррентная оценка качества,948,0.036732470510707424
Рекуррентная оценка качества,949,0.0367539353242629
Рекуррентная оценка качества,950,0.03664321162690977
Рекуррентная оценка качества,951,0.03657711718500112
Рекуррентная оценка качества,952,0.036564215937416406
Рекуррентная оценка качества,953,0.036547563224261316
Рекуррентная оценка качества,954,0.036508019227213334
Рекуррентная оценка качества,955,0.0364624767466239
Рекуррентная оценка качества,956,0.036427484009588895
Рекуррентная оценка качества,957,0.036405082898465585
Рекуррентная оценка качества,958,0.03634799748654958
Рекуррентная оценка качества,959,0.03633485322374691
Рекуррентная оценка качества,960,0.036312979214431974
Рекуррентная оценка качества,961,0.03627301031911177
Рекуррентная оценка качества,962,0.036203466855482556
Рекуррентная оценка качества,963,0.03610366646528993
Рекуррентная оценка качества,964,0.03605715803500605
Рекуррентная оценка качества,965,0.03607937817895398
Рекуррентная оценка качества,966,0.03607480710575137
Рекуррентная оценка качества,967,0.03601673689479021
Рекуррентная оценка качества,968,0.036017520827833244
Рекуррентная оценка качества,969,0.03601877499748948
Рекуррентная оценка качества,970,0.03604553035662097
Рекуррентная оценка качества,971,0.036037774664258254
Рекуррентная оценка качества,972,0.03607208835997221
Рекуррентная оценка качества,973,0.036030013046442724
Рекуррентная оценка качества,974,0.03598434400699725
Рекуррентная оценка качества,975,0.03591202407569979
Рекуррентная оценка качества,976,0.03590509231545788
Рекуррентная оценка качества,977,0.03586810255712463
Рекуррентная оценка качества,978,0.03583975979367138
Рекуррентная оценка качества,979,0.03583434002534364
Рекуррентная оценка качества,980,0.03590252739093991
Рекуррентная оценка качества,981,0.035898387254080844
Рекуррентная оценка качества,982,0.03582451632141016
Рекуррентная оценка качества,983,0.03582438619503844
Рекуррентная оценка качества,984,0.03582348113710467
Рекуррентная оценка качества,985,0.03575510286392941
Рекуррентная оценка качества,986,0.03576225186530017
Рекуррентная оценка качества,987,0.03577172329462906
Рекуррентная оценка качества,988,0.03577254321772257
Рекуррентная оценка качества,989,0.035771546081258
Рекуррентная оценка качества,990,0.035756711540102196
Рекуррентная оценка качества,991,0.035735695224124356
Рекуррентная оценка качества,992,0.03577389788387948
Рекуррентная оценка качества,993,0.03567786804129873
Рекуррентная оценка качества,994,0.03565922261826336
Рекуррентная оценка качества,995,0.035650116964595906
Рекуррентная оценка качества,996,0.035606388482006764
Рекуррентная оценка качества,997,0.03557887007452256
Рекуррентная оценка качества,998,0.035532445348256586
Рекуррентная оценка качества,999,0.035504467754192734
Рекуррентная оценка качества,1000,0.03549578122295291
Рекуррентная оценка качества,1001,0.03543506457996814
Рекуррентная оценка качества,1002,0.03542649663159962
Рекуррентная оценка качества,1003,0.03541020377840241
Рекуррентная оценка качества,1004,0.03535384722993711
Рекуррентная оценка качества,1005,0.03538738869053894
Рекуррентная оценка качества,1006,0.03538858596413215
Рекуррентная оценка качества,1007,0.03539541633307846
Рекуррентная оценка качества,1008,0.03542555601925157
Рекуррентная оценка качества,1009,0.035415223578189804
Рекуррентная оценка качества,1010,0.03540488960709577
Рекуррентная оценка качества,1011,0.035354944123702936
Рекуррентная оценка качества,1012,0.03536125342647705
Рекуррентная оценка качества,1013,0.035304645283172294
Рекуррентная оценка качества,1014,0.035305901225408415
Рекуррентная оценка качества,1015,0.035246663835603896
Рекуррентная оценка качества,1016,0.0352236910347499
Рекуррентная оценка качества,1017,0.03526396264172771
Рекуррентная оценка качества,1018,0.03524538156475765
Рекуррентная оценка качества,1019,0.035238791286317524
Рекуррентная оценка качества,1020,0.03521151812341133
Рекуррентная оценка качества,1021,0.035143458578480155
Рекуррентная оценка качества,1022,0.03513822357341126
Рекуррентная оценка качества,1023,0.03510947862971416
Рекуррентная оценка качества,1024,0.03513830612612144
Рекуррентная оценка качества,1025,0.035120782135199036
Рекуррентная оценка качества,1026,0.03509639898864698
Рекуррентная оценка качества,1027,0.03508969330171829
Рекуррентная оценка качества,1028,0.035040342810763785
Рекуррентная оценка качества,1029,0.034993273561026474
Рекуррентная оценка качества,1030,0.03500409376992984
Рекуррентная оценка качества,1031,0.03502129158614474
Рекуррентная оценка качества,1032,0.03497442126005624
Рекуррентная оценка качества,1033,0.03494569354697995
Рекуррентная оценка качества,1034,0.034934511366938384
Рекуррентная оценка качества,1035,0.03491424653721925
Рекуррентная оценка качества,1036,0.03486052120762436
Рекуррентная оценка качества,1037,0.03483870216197756
Рекуррентная оценка качества,1038,0.03482911502840249
Рекуррентная оценка качества,1039,0.03478443807809691
Рекуррентная оценка качества,1040,0.0347492160001896
Рекуррентная оценка качества,1041,0.03484557087728315
Рекуррентная оценка качества,1042,0.03483216613161297
Рекуррентная оценка качества,1043,0.034891525865997065
Рекуррентная оценка качества,1044,0.03488924795283383
Рекуррентная оценка качества,1045,0.03487731333211475
Рекуррентная оценка качества,1046,0.03484876649059346
Рекуррентная оценка качества,1047,0.03480681808971413
Рекуррентная оценка качества,1048,0.03476690250958784
Рекуррентная оценка качества,1049,0.03477092926885344
Рекуррентная оценка качества,1050,0.03478299768906696
Рекуррентная оценка качества,1051,0.03475722361444758
Рекуррентная оценка качества,1052,0.03475730517086999
Рекуррентная оценка качества,1053,0.03469202295343168
Рекуррентная оценка качества,1054,0.03467606006719225
Рекуррентная оценка качества,1055,0.03469327352537314
Рекуррентная оценка качества,1056,0.03471120061877778
Рекуррентная оценка качества,1057,0.03464429082153606
Рекуррентная оценка качества,1058,0.03460644369983666
Рекуррентная оценка качества,1059,0.03465380832499185
Рекуррентная оценка качества,1060,0.034599095663666105
Рекуррентная оценка качества,1061,0.03462387096844879
Рекуррентная оценка качества,1062,0.03460107719200856
Рекуррентная оценка качества,1063,0.03459847101564921
Рекуррентная оценка качества,1064,0.03469181108347079
Рекуррентная оценка качества,1065,0.0346810916815518
Рекуррентная оценка качества,1066,0.03467761682628067
Рекуррентная оценка качества,1067,0.03471500910047942
Рекуррентная оценка качества,1068,0.034681075682592925
Рекуррентная оценка качества,1069,0.03469018402455285
Рекуррентная оценка качества,1070,0.034707339643431846
Рекуррентная оценка качества,1071,0.034700841656129244
Рекуррентная оценка качества,1072,0.034679443896352996
Рекуррентная оценка качества,1073,0.034648661855830445
Рекуррентная оценка качества,1074,0.034639786090520173
Рекуррентная оценка качества,1075,0.03460917446290691
Рекуррентная оценка качества,1076,0.03460708839455889
Рекуррентная оценка качества,1077,0.0345668895550437
Рекуррентная оценка качества,1078,0.034557331190621675
Рекуррентная оценка качества,1079,0.03456729018534813
Рекуррентная оценка качества,1080,0.03455334785549376
Рекуррентная оценка качества,1081,0.03455376512209068
Рекуррентная оценка качества,1082,0.03458892077216348
Рекуррентная оценка качества,1083,0.03453264946831252
Рекуррентная оценка качества,1084,0.034558647867128735
Рекуррентная оценка качества,1085,0.03454113045383106
Рекуррентная оценка качества,1086,0.03455815396427427
Рекуррентная оценка качества,1087,0.03455631910604039
Рекуррентная оценка качества,1088,0.03455573498663098
Рекуррентная оценка качества,1089,0.034512728056331335
Рекуррентная оценка качества,1090,0.03448828283961913
Рекуррентная оценка качества,1091,0.0345055142489965
Рекуррентная оценка качества,1092,0.03451776036521496
Рекуррентная оценка качества,1093,0.034531360325670044
Рекуррентная оценка качества,1094,0.03454904004139444
Рекуррентная оценка качества,1095,0.03454718669917919
Рекуррентная оценка качества,1096,0.03450740125234805
Рекуррентная оценка качества,1097,0.03448147679040649
Рекуррентная оценка качества,1098,0.03442277210004916
Рекуррентная оценка качества,1099,0.034418973124851975
Рекуррентная оценка качества,1100,0.034459922601583974
Рекуррентная оценка качества,1101,0.034441608216608556
Рекуррентная оценка качества,1102,0.03444754853793516
Рекуррентная оценка качества,1103,0.03443755227910379
Рекуррентная оценка качества,1104,0.03447112646431609
Рекуррентная оценка качества,1105,0.034470386788687676
Рекуррентная оценка качества,1106,0.03444036792463078
Рекуррентная оценка качества,1107,0.034459065682222526
Рекуррентная оценка качества,1108,0.034452847356858676
Рекуррентная оценка качества,1109,0.034482902535818295
Рекуррентная оценка качества,1110,0.03448238996867213
Рекуррентная оценка качества,1111,0.03447694629687124
Рекуррентная оценка качества,1112,0.03447012185295202
Рекуррентная оценка качества,1113,0.034468690808293484
Рекуррентная оценка качества,1114,0.034427945092112944
Рекуррентная оценка качества,1115,0.03437518802553396
Рекуррентная оценка качества,1116,0.03438023703185321
Рекуррентная оценка качества,1117,0.03439878321255844
Рекуррентная оценка качества,1118,0.034349819795850146
Рекуррентная оценка качества,1119,0.034298085895958785
Рекуррентная оценка качества,1120,0.03426980122884958
Рекуррентная оценка качества,1121,0.034289800504347115
Рекуррентная оценка качества,1122,0.034289808424160705
Рекуррентная оценка качества,1123,0.03425077286626298
Рекуррентная оценка качества,1124,0.034269503008379186
Рекуррентная оценка качества,1125,0.034200381657517376
Рекуррентная оценка качества,1126,0.03421475064413238
Рекуррентная оценка качества,1127,0.03423500729257834
Рекуррентная оценка качества,1128,0.03425309371020251
Рекуррентная оценка качества,1129,0.03427925077091445
Рекуррентная оценка качества,1130,0.03427927304187832
Рекуррентная оценка качества,1131,0.03426972567427659
Рекуррентная оценка качества,1132,0.03430086536544828
Рекуррентная оценка качества,1133,0.03430681376631532
Рекуррентная оценка качества,1134,0.03425001839305984
Рекуррентная оценка качества,1135,0.03425142846184154
Рекуррентная оценка качества,1136,0.03426006470264005
Рекуррентная оценка качества,1137,0.034287541688513376
Рекуррентная оценка качества,1138,0.034280076308068654
Рекуррентная оценка качества,1139,0.034251972761129706
Рекуррентная оценка качества,1140,0.03422285775668857
Рекуррентная оценка качества,1141,0.034200892066486896
Рекуррентная оценка качества,1142,0.03415284819393008
Рекуррентная оценка качества,1143,0.03414886725374663
Рекуррентная оценка качества,1144,0.034163967412344634
Рекуррентная оценка качества,1145,0.03416377170612587
Рекуррентная оценка качества,1146,0.034149743460007854
Рекуррентная оценка качества,1147,0.0340882756176098
Рекуррентная оценка качества,1148,0.03403797435762049
Рекуррентная оценка качества,1149,0.0340194719342834
Рекуррентная оценка качества,1150,0.03402354000471563
Рекуррентная оценка качества,1151,0.03403211796033134
Рекуррентная оценка качества,1152,0.034015861264111456
Рекуррентная оценка качества,1153,0.03400903635899181
Рекуррентная оценка качества,1154,0.034016537780522105
Рекуррентная оценка качества,1155,0.034015060240335133
Рекуррентная оценка качества,1156,0.03397265883267453
Рекуррентная оценка качества,1157,0.033985693510950356
Рекуррентная оценка качества,1158,0.03398360384263616
Рекуррентная оценка качества,1159,0.034002600604919095
Рекуррентная оценка качества,1160,0.03398579166314628
Рекуррентная оценка качества,1161,0.03399560670990846
Рекуррентная оценка качества,1162,0.03400763851307135
Рекуррентная оценка качества,1163,0.034027793095308935
Рекуррентная оценка качества,1164,0.033970815579716276
Рекуррентная оценка качества,1165,0.03393780255275978
Рекуррентная оценка качества,1166,0.033896902470731925
Рекуррентная оценка качества,1167,0.03390873383107796
Рекуррентная оценка качества,1168,0.03388402458752297
Рекуррентная оценка качества,1169,0.03395966047809181
Рекуррентная оценка качества,1170,0.03396398223204702
Рекуррентная оценка качества,1171,0.03396021489084723
Рекуррентная оценка качества,1172,0.03393790528621491
Рекуррентная оценка качества,1173,0.033947811378703646
Рекуррентная оценка качества,1174,0.03392810576733058
Рекуррентная оценка качества,1175,0.033927903720866015
Рекуррентная оценка качества,1176,0.0338716191324728
Рекуррентная оценка качества,1177,0.03387129130074643
Рекуррентная оценка качества,1178,0.033876668516898634
Рекуррентная оценка качества,1179,0.033841695280450765
Рекуррентная оценка качества,1180,0.03384187704060862
Рекуррентная оценка качества,1181,0.03380142042493404
Рекуррентная оценка качества,1182,0.03382760883861707
Рекуррентная оценка качества,1183,0.03382914122900397
Рекуррентная оценка качества,1184,0.033840940234872906
Рекуррентная оценка качества,1185,0.033868271575193266
Рекуррентная оценка качества,1186,0.03386965466700809
Рекуррентная оценка качества,1187,0.03385154858748273
Рекуррентная оценка качества,1188,0.033854139311778206
Рекуррентная оценка качества,1189,0.03389605084462468
Рекуррентная оценка качества,1190,0.03389558858859047
Рекуррентная оценка качества,1191,0.033910644724881825
Рекуррентная оценка качества,1192,0.03385184628600434
Рекуррентная оценка качества,1193,0.03383369651631323
Рекуррентная оценка качества,1194,0.033794776640785694
Рекуррентная оценка качества,1195,0.033781823608145016
Рекуррентная оценка качества,1196,0.03375174193834576
Рекуррентная оценка качества,1197,0.0337136855713986
Рекуррентная оценка качества,1198,0.03371648680967338
Рекуррентная оценка качества,1199,0.03371702581354941
Рекуррентная оценка качества,1200,0.03371241626679211
Рекуррентная оценка качества,1201,0.03367527544205724
Рекуррентная оценка качества,1202,0.03365693420708304
Рекуррентная оценка качества,1203,0.03368108603036045
Рекуррентная оценка качества,1204,0.0336775512919115
Рекуррентная оценка качества,1205,0.0336460649598735
Рекуррентная оценка качества,1206,0.03363361972387
Рекуррентная оценка качества,1207,0.03363599519132971
Рекуррентная оценка качества,1208,0.03363299038628346
Рекуррентная оценка качества,1209,0.03360505302926349
Рекуррентная оценка качества,1210,0.03359306245514623
Рекуррентная оценка качества,1211,0.03359192287017202
Рекуррентная оценка качества,1212,0.033600941852235236
Рекуррентная оценка качества,1213,0.03358841998917996
Рекуррентная оценка качества,1214,0.033563407670322405
Рекуррентная оценка качества,1215,0.033576228949449796
Рекуррентная оценка качества,1216,0.033593337910843284
Рекуррентная оценка качества,1217,0.03358637664217171
Рекуррентная оценка качества,1218,0.03358829367457634
Рекуррентная оценка качества,1219,0.033553026487400675
Рекуррентная оценка качества,1220,0.03355888231422819
Рекуррентная оценка качества,1221,0.033527845629695845
Рекуррентная оценка качества,1222,0.033534292921731816
Рекуррентная оценка качества,1223,0.03351491864593232
Рекуррентная оценка качества,1224,0.03346302553623466
Рекуррентная оценка качества,1225,0.03348125319811844
Рекуррентная оценка качества,1226,0.03348926036538181
Рекуррентная оценка качества,1227,0.033483372242645526
Рекуррентная оценка качества,1228,0.0335093153184932
Рекуррентная оценка качества,1229,0.03349475504142929
Рекуррентная оценка качества,1230,0.03349164392299632
Рекуррентная оценка качества,1231,0.03348630087531312
Рекуррентная оценка качества,1232,0.03349414332516418
Рекуррентная оценка качества,1233,0.033493576903247155
Рекуррентная оценка качества,1234,0.033517467357775534
Рекуррентная оценка качества,1235,0.03352256365059539
Рекуррентная оценка качества,1236,0.0334882993935953
Рекуррентная оценка качества,1237,0.033491714879752804
Рекуррентная оценка качества,1238,0.033467005421753404
Рекуррентная оценка качества,1239,0.03347770992357505
Рекуррентная оценка качества,1240,0.03347806710269141
Рекуррентная оценка качества,1241,0.03346387023038318
Рекуррентная оценка качества,1242,0.033462119099446075
Рекуррентная оценка качества,1243,0.03345203830002104
Рекуррентная оценка качества,1244,0.03345082730064584
Рекуррентная оценка качества,1245,0.03347269496900724
Рекуррентная оценка качества,1246,0.03350089075549849
Рекуррентная оценка качества,1247,0.033504680765713606
Рекуррентная оценка качества,1248,0.0334527417330328
Рекуррентная оценка качества,1249,0.03344597415925478
Рекуррентная оценка качества,1250,0.03343932077605121
Рекуррентная оценка качества,1251,0.0334259286268219
Рекуррентная оценка качества,1252,0.03343123322017233
Рекуррентная оценка качества,1253,0.03344787968873743
Рекуррентная оценка качества,1254,0.033444190495742446
Рекуррентная оценка качества,1255,0.033417510560277225
Рекуррентная оценка качества,1256,0.03341747751738173
Рекуррентная оценка качества,1257,0.033415735203894445
Рекуррентная оценка качества,1258,0.033433711648845864
Рекуррентная оценка качества,1259,0.033417393608780106
Рекуррентная оценка качества,1260,0.033418669302861984
Рекуррентная оценка качества,1261,0.03340760529498645
Рекуррентная оценка качества,1262,0.03338063035008237
Рекуррентная оценка качества,1263,0.03340192532734821
Рекуррентная оценка качества,1264,0.033405235789196255
Рекуррентная оценка качества,1265,0.033391242570082906
Рекуррентная оценка качества,1266,0.033388061702630104
Рекуррентная оценка качества,1267,0.03337823563431499
Рекуррентная оценка качества,1268,0.03338238361863525
Рекуррентная оценка качества,1269,0.03336544438226077
Рекуррентная оценка качества,1270,0.0333945302028532
Рекуррентная оценка качества,1271,0.0334182625829988
Рекуррентная оценка качества,1272,0.03340442372345028
Рекуррентная оценка качества,1273,0.03342345958960095
Рекуррентная оценка качества,1274,0.03342918696007901
Рекуррентная оценка качества,1275,0.033392154461442836
Рекуррентная оценка качества,1276,0.0333603505740889
Рекуррентная оценка качества,1277,0.033355443904521165
Рекуррентная оценка качества,1278,0.033342532888577525
Рекуррентная оценка качества,1279,0.03335389177010054
Рекуррентная оценка качества,1280,0.03335253276326858
Рекуррентная оценка качества,1281,0.03337817039145184
Рекуррентная оценка качества,1282,0.03340470434645626
Рекуррентная оценка качества,1283,0.03339874809251267
Рекуррентная оценка качества,1284,0.033392564654422516
Рекуррентная оценка качества,1285,0.03341751698807442
Рекуррентная оценка качества,1286,0.03336482486660766
Рекуррентная оценка качества,1287,0.03332571804383025
Рекуррентная оценка качества,1288,0.033358788476628466
Рекуррентная оценка качества,1289,0.033363368310972794
Рекуррентная оценка качества,1290,0.033340800586761574
Рекуррентная оценка качества,1291,0.033344193270569415
Рекуррентная оценка качества,1292,0.033389854352417786
Рекуррентная оценка качества,1293,0.03341172781111162
Рекуррентная оценка качества,1294,0.033415368184381525
Рекуррентная оценка качества,1295,0.0334140992709633
Рекуррентная оценка качества,1296,0.033422199736720816
Рекуррентная оценка качества,1297,0.03341100633747407
Рекуррентная оценка качества,1298,0.03341053295454835
Рекуррентная оценка качества,1299,0.03336578901409296
Рекуррентная оценка качества,1300,0.03336994675761988
Рекуррентная оценка качества,1301,0.033370900823011015
Рекуррентная оценка качества,1302,0.033365213347252426
Рекуррентная оценка качества,1303,0.033411139567688715
Рекуррентная оценка качества,1304,0.03340859310297907
Рекуррентная оценка качества,1305,0.03337395314133727
Рекуррентная оценка качества,1306,0.03339729266471361
Рекуррентная оценка качества,1307,0.033404848162751744
Рекуррентная оценка качества,1308,0.033388743682885524
Рекуррентная оценка качества,1309,0.03342737379187805
Рекуррентная оценка качества,1310,0.033425139834134227
Рекуррентная оценка качества,1311,0.033422118875224206
Рекуррентная оценка качества,1312,0.03338997215320292
Рекуррентная оценка качества,1313,0.03340651630493083
Рекуррентная оценка качества,1314,0.03340479790684927
Рекуррентная оценка качества,1315,0.03339278403717968
Рекуррентная оценка качества,1316,0.033392897050093004
Рекуррентная оценка качества,1317,0.033387278509618694
Рекуррентная оценка качества,1318,0.03338986614048109
Рекуррентная оценка качества,1319,0.03333982212669055
Рекуррентная оценка качества,1320,0.033347089944797195
Рекуррентная оценка качества,1321,0.03336438133446967
Рекуррентная оценка качества,1322,0.03338537338639098
Рекуррентная оценка качества,1323,0.03341397471210065
Рекуррентная оценка качества,1324,0.03337969462221193
Рекуррентная оценка качества,1325,0.03335531335900821
Рекуррентная оценка качества,1326,0.0333135692908588
Рекуррентная оценка качества,1327,0.033309332876050694
Рекуррентная оценка качества,1328,0.03330986307065309
Рекуррентная оценка качества,1329,0.033311080928258574
Рекуррентная оценка качества,1330,0.033298859607046746
Рекуррентная оценка качества,1331,0.033249509134742464
Рекуррентная оценка качества,1332,0.03325163411919776
Рекуррентная оценка качества,1333,0.03328426030240425
Рекуррентная оценка качества,1334,0.033287108661155584
Рекуррентная оценка качества,1335,0.033319042694087864
Рекуррентная оценка качества,1336,0.033320290230566985
Рекуррентная оценка качества,1337,0.03332595786594439
Рекуррентная оценка качества,1338,0.033302720536339016
Рекуррентная оценка качества,1339,0.033317741222117864
Рекуррентная оценка качества,1340,0.03331932215641406
Рекуррентная оценка качества,1341,0.03330477620681537
Рекуррентная оценка качества,1342,0.03330530790001549
Рекуррентная оценка качества,1343,0.0333181165702682
Рекуррентная оценка качества,1344,0.033295366816509596
Рекуррентная оценка качества,1345,0.033285101233049924
Рекуррентная оценка качества,1346,0.03335184010948784
Рекуррентная оценка качества,1347,0.03334971388247735
Рекуррентная оценка качества,1348,0.03335103341227192
Рекуррентная оценка качества,1349,0.033357739463462856
Рекуррентная оценка качества,1350,0.03330262683548768
Рекуррентная оценка качества,1351,0.03330316442947337
Рекуррентная оценка качества,1352,0.033308365529883706
Рекуррентная оценка качества,1353,0.03333973644347444
Рекуррентная оценка качества,1354,0.03331793381711395
Рекуррентная оценка качества,1355,0.033280543748243574
Рекуррентная оценка качества,1356,0.03331167514643341
Рекуррентная оценка качества,1357,0.03333597972755968
Рекуррентная оценка качества,1358,0.03333589597129631
Рекуррентная оценка качества,1359,0.03335044563931544
Рекуррентная оценка качества,1360,0.03335735038096042
Рекуррентная оценка качества,1361,0.03336435157960344
Рекуррентная оценка качества,1362,0.03335380913959525
Рекуррентная оценка качества,1363,0.03335388344312752
Рекуррентная оценка качества,1364,0.03339620278446225
Рекуррентная оценка качества,1365,0.03339586389505871
Рекуррентная оценка качества,1366,0.03336381636896889
Рекуррентная оценка качества,1367,0.03336385409892854
Рекуррентная оценка качества,1368,0.03336858316029066
Рекуррентная оценка качества,1369,0.033357206851867785
Рекуррентная оценка качества,1370,0.033329376202149485
Рекуррентная оценка качества,1371,0.03331579163183526
Рекуррентная оценка качества,1372,0.03331464845280848
Рекуррентная оценка качества,1373,0.03326499320104674
Рекуррентная оценка качества,1374,0.03328896612503546
Рекуррентная оценка качества,1375,0.03329661168004492
Рекуррентная оценка качества,1376,0.033287690313987366
Рекуррентная оценка качества,1377,0.0332765850402069
Рекуррентная оценка качества,1378,0.03328286459759441
Рекуррентная оценка качества,1379,0.033281758997267416
Рекуррентная оценка качества,1380,0.03326288975607805
Рекуррентная оценка качества,1381,0.03323743516340257
Рекуррентная оценка качества,1382,0.0332116291355007
Рекуррентная оценка качества,1383,0.03317889162002816
Рекуррентная оценка качества,1384,0.033177206094252135
Рекуррентная оценка качества,1385,0.033185936783086095
Рекуррентная оценка качества,1386,0.033229078436528184
Рекуррентная оценка качества,1387,0.03325439745457522
Рекуррентная оценка качества,1388,0.033272311499105124
Рекуррентная оценка качества,1389,0.03329095685274998
Рекуррентная оценка качества,1390,0.03324270521593806
Рекуррентная оценка качества,1391,0.03324530201286206
Рекуррентная оценка качества,1392,0.033251401532007265
Рекуррентная оценка качества,1393,0.03327588886553377
Рекуррентная оценка качества,1394,0.03324079998025021
Рекуррентная оценка качества,1395,0.03322266506518253
Рекуррентная оценка качества,1396,0.03322057852405259
Рекуррентная оценка качества,1397,0.0332169519301514
Рекуррентная оценка качества,1398,0.03316589581364594
Рекуррентная оценка качества,1399,0.033165779529753095
Рекуррентная оценка качества,1400,0.03316566910117504
Рекуррентная оценка качества,1401,0.0331750329104354
Рекуррентная оценка качества,1402,0.03316002361849634
Рекуррентная оценка качества,1403,0.03315977076867445
Рекуррентная оценка качества,1404,0.03313271198558602
Рекуррентная оценка качества,1405,0.03311722422868318
Рекуррентная оценка качества,1406,0.033112474397530026
Рекуррентная оценка качества,1407,0.033079941935920426
Рекуррентная оценка качества,1408,0.033053962580294374
Рекуррентная оценка качества,1409,0.03303714371666702
Рекуррентная оценка качества,1410,0.03299792406871443
Рекуррентная оценка качества,1411,0.03299882455605418
Рекуррентная оценка качества,1412,0.033021909978086635
Рекуррентная оценка качества,1413,0.03304707971383529
Рекуррентная оценка качества,1414,0.03301586616069431
Рекуррентная оценка качества,1415,0.033015190215826114
Рекуррентная оценка качества,1416,0.032995668339307005
Рекуррентная оценка качества,1417,0.03297064555598987
Рекуррентная оценка качества,1418,0.032953483998305604
Рекуррентная оценка качества,1419,0.03294347947832708
Рекуррентная оценка качества,1420,0.032944174999470985
Рекуррентная оценка качества,1421,0.03291502420400525
Рекуррентная оценка качества,1422,0.0329129965032279
Рекуррентная оценка качества,1423,0.032913012729036954
Рекуррентная оценка качества,1424,0.03291500856253259
Рекуррентная оценка качества,1425,0.03287251469894636
Рекуррентная оценка качества,1426,0.03288372046346919
Рекуррентная оценка качества,1427,0.032905679658878355
Рекуррентная оценка качества,1428,0.03289601357055993
Рекуррентная оценка качества,1429,0.03288530301288418
Рекуррентная оценка качества,1430,0.0329002893838674
Рекуррентная оценка качества,1431,0.032900435949234835
Рекуррентная оценка качества,1432,0.03289208948041108
Рекуррентная оценка качества,1433,0.03289293187944729
Рекуррентная оценка качества,1434,0.03290738945029779
Рекуррентная оценка качества,1435,0.03289507188191657
Рекуррентная оценка качества,1436,0.03289677592337228
Рекуррентная оценка качества,1437,0.03287481319748657
Рекуррентная оценка качества,1438,0.032829507660784275
Рекуррентная оценка качества,1439,0.03286767736219324
Рекуррентная оценка качества,1440,0.032823639041976
Рекуррентная оценка качества,1441,0.03283884123740025
Рекуррентная оценка качества,1442,0.03283803045381906
Рекуррентная оценка качества,1443,0.03280817192390395
Рекуррентная оценка качества,1444,0.03283406411120524
Рекуррентная оценка качества,1445,0.03284682392360471
Рекуррентная оценка качества,1446,0.032864114837869794
Рекуррентная оценка качества,1447,0.03283671605492708
Рекуррентная оценка качества,1448,0.032829584835186075
Рекуррентная оценка качества,1449,0.032860785457891666
Рекуррентная оценка качества,1450,0.03287472739568778
Рекуррентная оценка качества,1451,0.03287472769241491
Рекуррентная оценка качества,1452,0.03287357305439142
Рекуррентная оценка качества,1453,0.03287461414033412
Рекуррентная оценка качества,1454,0.032843122908013826
Рекуррентная оценка качества,1455,0.03284309170581365
Рекуррентная оценка качества,1456,0.03285102669213661
Рекуррентная оценка качества,1457,0.03286750615542604
Рекуррентная оценка качества,1458,0.0328659003901842
Рекуррентная оценка качества,1459,0.0328671865988973
Рекуррентная оценка качества,1460,0.032870850542029796
Рекуррентная оценка качества,1461,0.03283298822483259
Рекуррентная оценка качества,1462,0.03282919587367469
Рекуррентная оценка качества,1463,0.03286620415718613
Рекуррентная оценка качества,1464,0.03286845605761379
Рекуррентная оценка качества,1465,0.032870327480655104
Рекуррентная оценка качества,1466,0.03288325798510997
Рекуррентная оценка качества,1467,0.03286904060378311
Рекуррентная оценка качества,1468,0.03288419335227233
Рекуррентная оценка качества,1469,0.03288256749303472
Рекуррентная оценка качества,1470,0.03288346939466573
Рекуррентная оценка качества,1471,0.032869184276787804
Рекуррентная оценка качества,1472,0.03292115391763756
Рекуррентная оценка качества,1473,0.0328730636176131
Рекуррентная оценка качества,1474,0.03285751807448868
Рекуррентная оценка качества,1475,0.032803943953246005
Рекуррентная оценка качества,1476,0.03280477352454814
Рекуррентная оценка качества,1477,0.03280500470631844
Рекуррентная оценка качества,1478,0.03279836225409348
Рекуррентная оценка качества,1479,0.03277403764173085
Рекуррентная оценка качества,1480,0.03278636995745107
Рекуррентная оценка качества,1481,0.03280098379998897
Рекуррентная оценка качества,1482,0.03278408844895653
Рекуррентная оценка качества,1483,0.03277414431317233
Рекуррентная оценка качества,1484,0.03275266101583427
Рекуррентная оценка качества,1485,0.032793460029060854
Рекуррентная оценка качества,1486,0.03278992142047425
Рекуррентная оценка качества,1487,0.03279022927618189
Рекуррентная оценка качества,1488,0.032773710090926916
Рекуррентная оценка качества,1489,0.032785950607038955
Рекуррентная оценка качества,1490,0.03277224831606541
Рекуррентная оценка качества,1491,0.03279322794153765
Рекуррентная оценка качества,1492,0.03279509673233088
Рекуррентная оценка качества,1493,0.03282887689797963
Рекуррентная оценка качества,1494,0.03284492663939502
Рекуррентная оценка качества,1495,0.03284031470797886
Рекуррентная оценка качества,1496,0.03283623716730917
Рекуррентная оценка качества,1497,0.032804584469422554
Рекуррентная оценка качества,1498,0.03282641919156981
Рекуррентная оценка качества,1499,0.03280759881655951
Рекуррентная оценка качества,1500,0.03283311419748035
Рекуррентная оценка качества,1501,0.03283684981870357
Рекуррентная оценка качества,1502,0.0328365793274364
Рекуррентная оценка качества,1503,0.03279321442367344
Рекуррентная оценка качества,1504,0.03276739616966877
Рекуррентная оценка качества,1505,0.03276626690877534
Рекуррентная оценка качества,1506,0.03275286880693997
Рекуррентная оценка качества,1507,0.032744224650241696
Рекуррентная оценка качества,1508,0.03273487816959262
Рекуррентная оценка качества,1509,0.03273233850609007
Рекуррентная оценка качества,1510,0.03273648136087584
Рекуррентная оценка качества,1511,0.03273769063300456
Рекуррентная оценка качества,1512,0.03270494612352192
Рекуррентная оценка качества,1513,0.03268888191347993
Рекуррентная оценка качества,1514,0.03268930077796212
Рекуррентная оценка качества,1515,0.032694036033317136
Рекуррентная оценка качества,1516,0.03269930540253124
Рекуррентная оценка качества,1517,0.03269211810352744
Рекуррентная оценка качества,1518,0.03272617015353719
Рекуррентная оценка качества,1519,0.0327210067980539
Рекуррентная оценка качества,1520,0.03271123804613296
Рекуррентная оценка качества,1521,0.03271128099007203
Рекуррентная оценка качества,1522,0.03268775017532917
Рекуррентная оценка качества,1523,0.03269253500112722
Рекуррентная оценка качества,1524,0.03270384128991285
Рекуррентная оценка качества,1525,0.032701105712470174
Рекуррентная оценка качества,1526,0.03273655480013335
Рекуррентная оценка качества,1527,0.03278020211644496
Рекуррентная оценка качества,1528,0.03277077831610145
Рекуррентная оценка качества,1529,0.03277230812686784
Рекуррентная оценка качества,1530,0.03276870244014429
Рекуррентная оценка качества,1531,0.03285250224143374
Рекуррентная оценка качества,1532,0.032847818241081385
Рекуррентная оценка качества,1533,0.03283633504568681
Рекуррентная оценка качества,1534,0.03279747725903053
Рекуррентная оценка качества,1535,0.03279797999961989
Рекуррентная оценка качества,1536,0.03279738353539884
Рекуррентная оценка качества,1537,0.03278485784154149
Рекуррентная оценка качества,1538,0.0327971190268229
Рекуррентная оценка качества,1539,0.0328633179127554
Рекуррентная оценка качества,1540,0.03286026440229893
Рекуррентная оценка качества,1541,0.03286302515581975
Рекуррентная оценка качества,1542,0.03284850489864971
Рекуррентная оценка качества,1543,0.03279948455229813
Рекуррентная оценка качества,1544,0.032810184992962954
Рекуррентная оценка качества,1545,0.032784631594122926
Рекуррентная оценка качества,1546,0.03277913210255079
Рекуррентная оценка качества,1547,0.032751757894107
Рекуррентная оценка качества,1548,0.03271454299092762
Рекуррентная оценка качества,1549,0.03270891814277265
Рекуррентная оценка качества,1550,0.03271353772107868
Рекуррентная оценка качества,1551,0.032687992471009966
Рекуррентная оценка качества,1552,0.03268859129197487
Рекуррентная оценка качества,1553,0.03271338084331435
Рекуррентная оценка качества,1554,0.03272620565004314
Рекуррентная оценка качества,1555,0.03272614759744411
Рекуррентная оценка качества,1556,0.03272725058264894
Рекуррентная оценка качества,1557,0.03272631467852022
Рекуррентная оценка качества,1558,0.03270431442682253
Рекуррентная оценка качества,1559,0.03272038383094927
Рекуррентная оценка качества,1560,0.032717437231239904
Рекуррентная оценка качества,1561,0.03270856294485331
Рекуррентная оценка качества,1562,0.032714901844596585
Рекуррентная оценка качества,1563,0.032680083905853224
Рекуррентная оценка качества,1564,0.03268045556621368
Рекуррентная оценка качества,1565,0.03268184690937817
Рекуррентная оценка качества,1566,0.03267672338510182
Рекуррентная оценка качества,1567,0.03268108445595054
Рекуррентная оценка качества,1568,0.03268069872848683
Рекуррентная оценка качества,1569,0.032693825517475454
Рекуррентная оценка качества,1570,0.03271961381944059
Рекуррентная оценка качества,1571,0.032699778807423606
Рекуррентная оценка качества,1572,0.032713027306935406
Рекуррентная оценка качества,1573,0.03272239062469092
Рекуррентная оценка качества,1574,0.03272251499022188
Рекуррентная оценка качества,1575,0.03272669465508568
Рекуррентная оценка качества,1576,0.0327601806254627
Рекуррентная оценка качества,1577,0.032783949718989465
Рекуррентная оценка качества,1578,0.03276881540524222
Рекуррентная оценка качества,1579,0.032750127369467336
Рекуррентная оценка качества,1580,0.03273110130598359
Рекуррентная оценка качества,1581,0.03271219806930349
Рекуррентная оценка качества,1582,0.032699334857703724
Рекуррентная оценка качества,1583,0.03270307081194552
Рекуррентная оценка качества,1584,0.03273552592710236
Рекуррентная оценка качества,1585,0.032724343084265535
Рекуррентная оценка качества,1586,0.03276102267126601
Рекуррентная оценка качества,1587,0.03276499145888557
Рекуррентная оценка качества,1588,0.03276431395058871
Рекуррентная оценка качества,1589,0.03275430799270071
Рекуррентная оценка качества,1590,0.03275602761946302
Рекуррентная оценка качества,1591,0.03275704494041966
Рекуррентная оценка качества,1592,0.032727327981871425
Рекуррентная оценка качества,1593,0.03275116504539323
Рекуррентная оценка качества,1594,0.0327247919170781
Рекуррентная оценка качества,1595,0.03269462721321714
Рекуррентная оценка качества,1596,0.032694365199926925
Рекуррентная оценка качества,1597,0.03269480974239227
Рекуррентная оценка качества,1598,0.03271284951046347
Рекуррентная оценка качества,1599,0.032708089770623415
Рекуррентная оценка качества,1600,0.032707097882630376
Рекуррентная оценка качества,1601,0.03270781814998847
Рекуррентная оценка качества,1602,0.0327382731632398
Рекуррентная оценка качества,1603,0.03272035132444322
Рекуррентная оценка качества,1604,0.03271994584341589
Рекуррентная оценка качества,1605,0.032719757755742006
Рекуррентная оценка качества,1606,0.032696043312028196
Рекуррентная оценка качества,1607,0.032661946076482755
Рекуррентная оценка качества,1608,0.0326529644331645
Рекуррентная оценка качества,1609,0.03265795030738248
Рекуррентная оценка качества,1610,0.032658308427216946
Рекуррентная оценка качества,1611,0.032672011177293264
Рекуррентная оценка качества,1612,0.032675420473485456
Рекуррентная оценка качества,1613,0.03269651397683834
Рекуррентная оценка качества,1614,0.03264565678647865
Рекуррентная оценка качества,1615,0.03264683392833101
Рекуррентная оценка качества,1616,0.03262531108107853
Рекуррентная оценка качества,1617,0.0326315334938173
Рекуррентная оценка качества,1618,0.03262722677854252
Рекуррентная оценка качества,1619,0.032626689113736354
Рекуррентная оценка качества,1620,0.03263733653318301
Рекуррентная оценка качества,1621,0.03263733353077086
Рекуррентная оценка качества,1622,0.03264193461817708
Рекуррентная оценка качества,1623,0.032616142678336506
Рекуррентная оценка качества,1624,0.03261654401050717
Рекуррентная оценка качества,1625,0.032616770131746006
Рекуррентная оценка качества,1626,0.032617485572417546
Рекуррентная оценка качества,1627,0.03260801660085758
Рекуррентная оценка качества,1628,0.03261580726724704
Рекуррентная оценка качества,1629,0.03262059034245056
Рекуррентная оценка качества,1630,0.032622796585346406
Рекуррентная оценка качества,1631,0.03262620760979549
Рекуррентная оценка качества,1632,0.032615599276580004
Рекуррентная оценка качества,1633,0.03260757318722351
Рекуррентная оценка качества,1634,0.03259881189027749
Рекуррентная оценка качества,1635,0.03262787525929084
Рекуррентная оценка качества,1636,0.03259972379760242
Рекуррентная оценка качества,1637,0.03259967005719142
Рекуррентная оценка качества,1638,0.032580471482053786
Рекуррентная оценка качества,1639,0.03258183943275059
Рекуррентная оценка качества,1640,0.032597626198548314
Рекуррентная оценка качества,1641,0.032602355104413415
Рекуррентная оценка качества,1642,0.03255634367449724
Рекуррентная оценка качества,1643,0.032566098504334506
Рекуррентная оценка качества,1644,0.032558983884502055
Рекуррентная оценка качества,1645,0.03256121698028925
Рекуррентная оценка качества,1646,0.0325620433517205
Рекуррентная оценка качества,1647,0.03256485600308214
Рекуррентная оценка качества,1648,0.03257291672156444
Рекуррентная оценка качества,1649,0.03252997119833161
Рекуррентная оценка качества,1650,0.03253970173361719
Рекуррентная оценка качества,1651,0.032504512368196584
Рекуррентная оценка качества,1652,0.032485249447079124
Рекуррентная оценка качества,1653,0.03247884118418153
Рекуррентная оценка качества,1654,0.03243663219673998
Рекуррентная оценка качества,1655,0.03243457956690992
Рекуррентная оценка качества,1656,0.03241843286454732
Рекуррентная оценка качества,1657,0.03243031378806558
Рекуррентная оценка качества,1658,0.032414342058299586
Рекуррентная оценка качества,1659,0.032424086099424335
Рекуррентная оценка качества,1660,0.03243760423929606
Рекуррентная оценка качества,1661,0.03243716442026985
Рекуррентная оценка качества,1662,0.032415711261871274
Рекуррентная оценка качества,1663,0.032410656568786333
Рекуррентная оценка качества,1664,0.03241147725525256
Рекуррентная оценка качества,1665,0.032410608755409104
Рекуррентная оценка качества,1666,0.03239326073027106
Рекуррентная оценка качества,1667,0.032407161148881966
Рекуррентная оценка качества,1668,0.03240871097397695
Рекуррентная оценка качества,1669,0.03244993405505441
Рекуррентная оценка качества,1670,0.03246082304073094
Рекуррентная оценка качества,1671,0.032432029655501494
Рекуррентная оценка качества,1672,0.0324503965363199
Рекуррентная оценка качества,1673,0.032452261919477345
Рекуррентная оценка качества,1674,0.03243306959027655
Рекуррентная оценка качества,1675,0.032435392257635434
Рекуррентная оценка качества,1676,0.032449564657263875
Рекуррентная оценка качества,1677,0.03245349569793757
Рекуррентная оценка качества,1678,0.0324714457452261
Рекуррентная оценка качества,1679,0.03244982281388271
Рекуррентная оценка качества,1680,0.03246008112004022
Рекуррентная оценка качества,1681,0.032445752297873096
Рекуррентная оценка качества,1682,0.03243080440186048
Рекуррентная оценка качества,1683,0.03244411552943725
Рекуррентная оценка качества,1684,0.032427968693567635
Рекуррентная оценка качества,1685,0.032440400810859395
Рекуррентная оценка качества,1686,0.0324417289210309
Рекуррентная оценка качества,1687,0.032433136476986535
Рекуррентная оценка качества,1688,0.03243914505099584
Рекуррентная оценка качества,1689,0.032433295969747276
Рекуррентная оценка качества,1690,0.032414164973360235
Рекуррентная оценка качества,1691,0.032397196171758354
Рекуррентная оценка качества,1692,0.03237981438955756
Рекуррентная оценка качества,1693,0.03237842228998391
Рекуррентная оценка качества,1694,0.03242032133928758
Рекуррентная оценка качества,1695,0.03241732852383156
Рекуррентная оценка качества,1696,0.032421561124399936
Рекуррентная оценка качества,1697,0.032429727707074064
Рекуррентная оценка качества,1698,0.03243415077011088
Рекуррентная оценка качества,1699,0.032416638392712256
Рекуррентная оценка качества,1700,0.032402971919361194
Рекуррентная оценка качества,1701,0.032394234794800164
Рекуррентная оценка качества,1702,0.03239427849741889
Рекуррентная оценка качества,1703,0.032394365536001286
Рекуррентная оценка качества,1704,0.03238935132976977
Рекуррентная оценка качества,1705,0.03238845661030426
Рекуррентная оценка качества,1706,0.03238899805705205
Рекуррентная оценка качества,1707,0.03240622881543782
Рекуррентная оценка качества,1708,0.03240575769091283
Рекуррентная оценка качества,1709,0.03241922480670721
Рекуррентная оценка качества,1710,0.03242006478563827
Рекуррентная оценка качества,1711,0.032420084855152236
Рекуррентная оценка качества,1712,0.03242021203675873
Рекуррентная оценка качества,1713,0.03241098872362597
Рекуррентная оценка качества,1714,0.03241869523326705
Рекуррентная оценка качества,1715,0.03239972718602397
Рекуррентная оценка качества,1716,0.03237391400968249
Рекуррентная оценка качества,1717,0.032384979156905094
Рекуррентная оценка качества,1718,0.032353443463121925
Рекуррентная оценка качества,1719,0.03234698090569154
Рекуррентная оценка качества,1720,0.0323288473495717
Рекуррентная оценка качества,1721,0.032290935682570285
Рекуррентная оценка качества,1722,0.03227029585240217
Рекуррентная оценка качества,1723,0.03223350110320304
Рекуррентная оценка качества,1724,0.032225575142913715
Рекуррентная оценка качества,1725,0.03226351780593429
Рекуррентная оценка качества,1726,0.032268881661238515
Рекуррентная оценка качества,1727,0.032250137077069065
Рекуррентная оценка качества,1728,0.03224286557652491
Рекуррентная оценка качества,1729,0.032260594890768865
Рекуррентная оценка качества,1730,0.0322588024342069
Рекуррентная оценка качества,1731,0.03227038555575954
Рекуррентная оценка качества,1732,0.03226346949844871
Рекуррентная оценка качества,1733,0.03229668075796227
Рекуррентная оценка качества,1734,0.03229644533217858
Рекуррентная оценка качества,1735,0.03228326303776137
Рекуррентная оценка качества,1736,0.032270311288737134
Рекуррентная оценка качества,1737,0.03226641008510927
Рекуррентная оценка качества,1738,0.03224113901747084
Рекуррентная оценка качества,1739,0.03222470009884343
Рекуррентная оценка качества,1740,0.03223641128576651
Рекуррентная оценка качества,1741,0.03223410567738705
Рекуррентная оценка качества,1742,0.03222110028961696
Рекуррентная оценка качества,1743,0.0322202139913113
Рекуррентная оценка качества,1744,0.03222095982586228
Рекуррентная оценка качества,1745,0.03221829339705248
Рекуррентная оценка качества,1746,0.03219917956956689
Рекуррентная оценка качества,1747,0.03221143732727789
Рекуррентная оценка качества,1748,0.032211098070914025
Рекуррентная оценка качества,1749,0.03216820383724034
Рекуррентная оценка качества,1750,0.032166351769200165
Рекуррентная оценка качества,1751,0.03217252209298456
Рекуррентная оценка качества,1752,0.032179781375396496
Рекуррентная оценка качества,1753,0.03218064073637591
Рекуррентная оценка качества,1754,0.03223241284148777
Рекуррентная оценка качества,1755,0.03221512531067176
Рекуррентная оценка качества,1756,0.032255685981560304
Рекуррентная оценка качества,1757,0.03222938333920613
Рекуррентная оценка качества,1758,0.03219927728446569
Рекуррентная оценка качества,1759,0.03219927527808906
Рекуррентная оценка качества,1760,0.03216541364384771
Рекуррентная оценка качества,1761,0.03218152971487158
Рекуррентная оценка качества,1762,0.03215713105591557
Рекуррентная оценка качества,1763,0.0321575424839772
Рекуррентная оценка качества,1764,0.03214069786307806
Рекуррентная оценка качества,1765,0.03212405055432823
Рекуррентная оценка качества,1766,0.03209925871487051
Рекуррентная оценка качества,1767,0.03209648010780798
Рекуррентная оценка качества,1768,0.03208248694723289
Рекуррентная оценка качества,1769,0.03207580623073337
Рекуррентная оценка качества,1770,0.03203578070727283
Рекуррентная оценка качества,1771,0.03201236456214938
Рекуррентная оценка качества,1772,0.03201114532361351
Рекуррентная оценка качества,1773,0.03202451704178172
Рекуррентная оценка качества,1774,0.03202206552441344
Рекуррентная оценка качества,1775,0.03199458473139991
Рекуррентная оценка качества,1776,0.03199623284594592
Рекуррентная оценка качества,1777,0.031999381612172
Рекуррентная оценка качества,1778,0.032000811629790106
Рекуррентная оценка качества,1779,0.0320033266641196
Рекуррентная оценка качества,1780,0.03202416922718779
Рекуррентная оценка качества,1781,0.03202461381235606
Рекуррентная оценка качества,1782,0.03198686651487166
Рекуррентная оценка качества,1783,0.03198701567210978
Рекуррентная оценка качества,1784,0.031950460637675974
Рекуррентная оценка качества,1785,0.03195028771673803
Рекуррентная оценка качества,1786,0.03196407758622533
Рекуррентная оценка качества,1787,0.03194613324940551
Рекуррентная оценка качества,1788,0.031972882638081956
Рекуррентная оценка качества,1789,0.031976742105253135
Рекуррентная оценка качества,1790,0.03197316133096816
Рекуррентная оценка качества,1791,0.03198118979558325
Рекуррентная оценка качества,1792,0.03197241937738917
Рекуррентная оценка качества,1793,0.03199117670668486
Рекуррентная оценка качества,1794,0.03195100784698512
Рекуррентная оценка качества,1795,0.03193926471933281
Рекуррентная оценка качества,1796,0.03197320313806508
Рекуррентная оценка качества,1797,0.03193007226920136
Рекуррентная оценка качества,1798,0.03192302049521226
Рекуррентная оценка качества,1799,0.031916081808718494
Рекуррентная оценка качества,1800,0.03191746747111642
Рекуррентная оценка качества,1801,0.03188400369974767
Рекуррентная оценка качества,1802,0.03189311180351499
Рекуррентная оценка качества,1803,0.03189173333863296
Рекуррентная оценка качества,1804,0.03186895765634977
Рекуррентная оценка качества,1805,0.031889367407405986
Рекуррентная оценка качества,1806,0.03188971555077528
Рекуррентная оценка качества,1807,0.031888584740584945
Рекуррентная оценка качества,1808,0.03188766312886165
Рекуррентная оценка качества,1809,0.03196059837825247
Рекуррентная оценка качества,1810,0.03195387301564973
Рекуррентная оценка качества,1811,0.031927140424778976
Рекуррентная оценка качества,1812,0.03193799800071233
Рекуррентная оценка качества,1813,0.031904512410382044
Рекуррентная оценка качества,1814,0.0319004293827073
Рекуррентная оценка качества,1815,0.03190881568746381
Рекуррентная оценка качества,1816,0.031920620995431186
Рекуррентная оценка качества,1817,0.031959887169082164
Рекуррентная оценка качества,1818,0.031926310833170095
Рекуррентная оценка качества,1819,0.03192531235754994
Рекуррентная оценка качества,1820,0.03192661672590185
Рекуррентная оценка качества,1821,0.03192397491250055
Рекуррентная оценка качества,1822,0.03191563433800665
Рекуррентная оценка качества,1823,0.03191459963276138
Рекуррентная оценка качества,1824,0.03191623670776468
Рекуррентная оценка качества,1825,0.03189755630369047
Рекуррентная оценка качества,1826,0.03185430378981369
Рекуррентная оценка качества,1827,0.03182816141557929
Рекуррентная оценка качества,1828,0.03184268487808616
Рекуррентная оценка качества,1829,0.03184703323892284
Рекуррентная оценка качества,1830,0.031853291021082406
Рекуррентная оценка качества,1831,0.03185800806849437
Рекуррентная оценка качества,1832,0.031843251601741666
Рекуррентная оценка качества,1833,0.03184273276265163
Рекуррентная оценка качества,1834,0.031841307911577924
Рекуррентная оценка качества,1835,0.03183914279002986
Рекуррентная оценка качества,1836,0.03184301439565622
Рекуррентная оценка качества,1837,0.03185346852489909
Рекуррентная оценка качества,1838,0.031851493629126426
Рекуррентная оценка качества,1839,0.03185327940758793
Рекуррентная оценка качества,1840,0.031846932477669704
Рекуррентная оценка качества,1841,0.03187760179876919
Рекуррентная оценка качества,1842,0.031872651767392964
Рекуррентная оценка качества,1843,0.03187542932813255
Рекуррентная оценка качества,1844,0.031870935138505654
Рекуррентная оценка качества,1845,0.03184540861413932
Рекуррентная оценка качества,1846,0.03184690037558936
Рекуррентная оценка качества,1847,0.031847690459660155
Рекуррентная оценка качества,1848,0.031847527927418955
Рекуррентная оценка качества,1849,0.03184404828743975
Рекуррентная оценка качества,1850,0.031843868867760694
Рекуррентная оценка качества,1851,0.03185157935161071
Рекуррентная оценка качества,1852,0.0318530510304509
Рекуррентная оценка качества,1853,0.031853156251652054
Рекуррентная оценка качества,1854,0.03185735636863492
Рекуррентная оценка качества,1855,0.03185272253031243
Рекуррентная оценка качества,1856,0.03185529707086816
Рекуррентная оценка качества,1857,0.03186828795506843
Рекуррентная оценка качества,1858,0.03187722975209344
Рекуррентная оценка качества,1859,0.031874611602288515
Рекуррентная оценка качества,1860,0.03187862891743838
Рекуррентная оценка качества,1861,0.031912320919558694
Рекуррентная оценка качества,1862,0.03189268456930392
Рекуррентная оценка качества,1863,0.03191220508723596
Рекуррентная оценка качества,1864,0.03190291818298224
Рекуррентная оценка качества,1865,0.031889464547444665
Рекуррентная оценка качества,1866,0.03183941647120127
Рекуррентная оценка качества,1867,0.03185199485748172
Рекуррентная оценка качества,1868,0.03185440292775414
Рекуррентная оценка качества,1869,0.03185094554686543
Рекуррентная оценка качества,1870,0.03183139295258699
Рекуррентная оценка качества,1871,0.031829275608008946
Рекуррентная оценка качества,1872,0.031817466410889846
Рекуррентная оценка качества,1873,0.0318134487158361
Рекуррентная оценка качества,1874,0.031829196636455684
Рекуррентная оценка качества,1875,0.031803696730235094
Рекуррентная оценка качества,1876,0.03182856144649265
Рекуррентная оценка качества,1877,0.03182245408589746
Рекуррентная оценка качества,1878,0.03182658696236894
Рекуррентная оценка качества,1879,0.031833307875603095
Рекуррентная оценка качества,1880,0.031805003951770223
Рекуррентная оценка качества,1881,0.03181002619319115
Рекуррентная оценка качества,1882,0.03181190040155354
Рекуррентная оценка качества,1883,0.03179896204647838
Рекуррентная оценка качества,1884,0.03181872913059055
Рекуррентная оценка качества,1885,0.03182152001269198
Рекуррентная оценка качества,1886,0.03183022315218212
Рекуррентная оценка качества,1887,0.03180568037003438
Рекуррентная оценка качества,1888,0.03179783928443408
Рекуррентная оценка качества,1889,0.03179989081456043
Рекуррентная оценка качества,1890,0.03176096947041744
Рекуррентная оценка качества,1891,0.031752866553312234
Рекуррентная оценка качества,1892,0.03172633671428566
Рекуррентная оценка качества,1893,0.03169893573354567
Рекуррентная оценка качества,1894,0.03169509294377572
Рекуррентная оценка качества,1895,0.03169620441301949
Рекуррентная оценка качества,1896,0.03169701732027237
Рекуррентная оценка качества,1897,0.03167906488928897
Рекуррентная оценка качества,1898,0.03168032987394092
Рекуррентная оценка качества,1899,0.03167509989394085
Рекуррентная оценка качества,1900,0.03163813879706799
Рекуррентная оценка качества,1901,0.03162679109349073
Рекуррентная оценка качества,1902,0.031592078667352606
Рекуррентная оценка качества,1903,0.03159568362410806
Рекуррентная оценка качества,1904,0.03156662353501205
Рекуррентная оценка качества,1905,0.031579610459574144
Рекуррентная оценка качества,1906,0.031555730032908534
Рекуррентная оценка качества,1907,0.03153931306593552
Рекуррентная оценка качества,1908,0.03155264251620679
Рекуррентная оценка качества,1909,0.03156978250384978
Рекуррентная оценка качества,1910,0.03158438264351422
Рекуррентная оценка качества,1911,0.03158816417293657
Рекуррентная оценка качества,1912,0.031606740017616826
Рекуррентная оценка качества,1913,0.031590281422426994
Рекуррентная оценка качества,1914,0.031590400824861135
Рекуррентная оценка качества,1915,0.03158851228983807
Рекуррентная оценка качества,1916,0.03156862704107938
Рекуррентная оценка качества,1917,0.03155611695589711
Рекуррентная оценка качества,1918,0.0315568683933907
Рекуррентная оценка качества,1919,0.03155623764976424
Рекуррентная оценка качества,1920,0.031557467127458536
Рекуррентная оценка качества,1921,0.03155591782349955
Рекуррентная оценка качества,1922,0.031531043657862065
Рекуррентная оценка качества,1923,0.03152511357715147
Рекуррентная оценка качества,1924,0.03149249692065101
Рекуррентная оценка качества,1925,0.03150701220861471
Рекуррентная оценка качества,1926,0.03150695930975462
Рекуррентная оценка качества,1927,0.031491746893489825
Рекуррентная оценка качества,1928,0.031484302970689784
Рекуррентная оценка качества,1929,0.03148307967887149
Рекуррентная оценка качества,1930,0.03148689137050025
Рекуррентная оценка качества,1931,0.03155593512693424
Рекуррентная оценка качества,1932,0.03155113964263984
Рекуррентная оценка качества,1933,0.03154000686931815
Рекуррентная оценка качества,1934,0.031526659790305354
Рекуррентная оценка качества,1935,0.03149986766799343
Рекуррентная оценка качества,1936,0.03149898682350025
Рекуррентная оценка качества,1937,0.031498691041321
Рекуррентная оценка качества,1938,0.03149759250632861
Рекуррентная оценка качества,1939,0.0314925357755835
Рекуррентная оценка качества,1940,0.031485365239142055
Рекуррентная оценка качества,1941,0.031485739544181934
Рекуррентная оценка качества,1942,0.03148801153193223
Рекуррентная оценка качества,1943,0.031470500197931794
Рекуррентная оценка качества,1944,0.03147005548335096
Рекуррентная оценка качества,1945,0.03144265972886038
Рекуррентная оценка качества,1946,0.03145686374050064
Рекуррентная оценка качества,1947,0.03145528763728566
Рекуррентная оценка качества,1948,0.03146072465881034
Рекуррентная оценка качества,1949,0.03145017125994481
Рекуррентная оценка качества,1950,0.03143404811396554
Рекуррентная оценка качества,1951,0.031422437218302485
Рекуррентная оценка качества,1952,0.03140080323887756
Рекуррентная оценка качества,1953,0.031400528936664215
Рекуррентная оценка качества,1954,0.03136676161104698
Рекуррентная оценка качества,1955,0.031367875410488064
Рекуррентная оценка качества,1956,0.03136714477778137
Рекуррентная оценка качества,1957,0.031342066049286306
Рекуррентная оценка качества,1958,0.03131483921717995
Рекуррентная оценка качества,1959,0.03130845856552496
Рекуррентная оценка качества,1960,0.03128641612182927
Рекуррентная оценка качества,1961,0.031259710706182664
Рекуррентная оценка качества,1962,0.031267884074822165
Рекуррентная оценка качества,1963,0.03126152810908808
Рекуррентная оценка качества,1964,0.03124658897681478
Рекуррентная оценка качества,1965,0.031232003501093602
Рекуррентная оценка качества,1966,0.03123217372466331
Рекуррентная оценка качества,1967,0.03122806167645176
Рекуррентная оценка качества,1968,0.031235776792128012
Рекуррентная оценка качества,1969,0.03124575977557511
Рекуррентная оценка качества,1970,0.031240748248504032
Рекуррентная оценка качества,1971,0.03122810035399541
Рекуррентная оценка качества,1972,0.031227960674223558
Рекуррентная оценка качества,1973,0.03122968563877687
Рекуррентная оценка качества,1974,0.03122489370178608
Рекуррентная оценка качества,1975,0.03123376883010604
Рекуррентная оценка качества,1976,0.031203110928472142
Рекуррентная оценка качества,1977,0.031211669795171013
Рекуррентная оценка качества,1978,0.03121265332287429
Рекуррентная оценка качества,1979,0.031190564980523788
Рекуррентная оценка качества,1980,0.03119531947503111
Рекуррентная оценка качества,1981,0.031197513399213374
Рекуррентная оценка качества,1982,0.031186125092308184
Рекуррентная оценка качества,1983,0.031183107584186943
Рекуррентная оценка качества,1984,0.03119047758887079
Рекуррентная оценка качества,1985,0.031191993669949736
Рекуррентная оценка качества,1986,0.031191683023428254
Рекуррентная оценка качества,1987,0.03117970961344339
Рекуррентная оценка качества,1988,0.031181476080914344
Рекуррентная оценка качества,1989,0.03117873236234435
Рекуррентная оценка качества,1990,0.03116479896808
Рекуррентная оценка качества,1991,0.03114133751918948
Рекуррентная оценка качества,1992,0.031130318238948494
Рекуррентная оценка качества,1993,0.031146453698579563
Рекуррентная оценка качества,1994,0.031147749099868737
Рекуррентная оценка качества,1995,0.031126824140465567
Рекуррентная оценка качества,1996,0.031117382339879505
Рекуррентная оценка качества,1997,0.031119787275105594
Рекуррентная оценка качества,1998,0.031120212130783562
Рекуррентная оценка качества,1999,0.03110978605128181
Рекуррентная оценка качества,2000,0.031099593872134106
Рекуррентная оценка качества,2001,0.031086076176810078
Рекуррентная оценка качества,2002,0.03108784449517099
Рекуррентная оценка качества,2003,0.03108324783036567
Рекуррентная оценка качества,2004,0.031083516534449438
Рекуррентная оценка качества,2005,0.03107270258467783
Рекуррентная оценка качества,2006,0.031085195165123435
Рекуррентная оценка качества,2007,0.03109942764572881
Рекуррентная оценка качества,2008,0.03109486482847598
Рекуррентная оценка качества,2009,0.031103551256568968
Рекуррентная оценка качества,2010,0.031106464037858744
Рекуррентная оценка качества,2011,0.031121592561485313
Рекуррентная оценка качества,2012,0.031122293611138486
Рекуррентная оценка качества,2013,0.03111779522223699
Рекуррентная оценка качества,2014,0.03110136055115173
Рекуррентная оценка качества,2015,0.03110149993205401
Рекуррентная оценка качества,2016,0.031125273280368227
Рекуррентная оценка качества,2017,0.03114803658709062
Рекуррентная оценка качества,2018,0.03114762111341672
Рекуррентная оценка качества,2019,0.031146600490227678
Рекуррентная оценка качества,2020,0.031142415247231388
Рекуррентная оценка качества,2021,0.031143857176913512
Рекуррентная оценка качества,2022,0.031137650507893556
Рекуррентная оценка качества,2023,0.031137759399508344
Рекуррентная оценка качества,2024,0.03110997669147326
Рекуррентная оценка качества,2025,0.03110992458108146
Рекуррентная оценка качества,2026,0.0311131684967963
Рекуррентная оценка качества,2027,0.031117354302808913
Рекуррентная оценка качества,2028,0.03110210637861875
Рекуррентная оценка качества,2029,0.031097962524832063
Рекуррентная оценка качества,2030,0.031097000772508925
Рекуррентная оценка качества,2031,0.03111006639041404
Рекуррентная оценка качества,2032,0.031103677625236307
Рекуррентная оценка качества,2033,0.03115032827429856
Рекуррентная оценка качества,2034,0.031153404736666678
Рекуррентная оценка качества,2035,0.03115300871666445
Рекуррентная оценка качества,2036,0.03115093822116446
Рекуррентная оценка качества,2037,0.03115730261855503
Рекуррентная оценка качества,2038,0.031156293236757282
Рекуррентная оценка качества,2039,0.031170491618866956
Рекуррентная оценка качества,2040,0.031142234989868636
Рекуррентная оценка качества,2041,0.031149437588117862
Рекуррентная оценка качества,2042,0.031152749939450827
Рекуррентная оценка качества,2043,0.03115206971358526
Рекуррентная оценка качества,2044,0.031169996487377453
Рекуррентная оценка качества,2045,0.031138342611335884
Рекуррентная оценка качества,2046,0.031142390080737402
Рекуррентная оценка качества,2047,0.031143693516740817
Рекуррентная оценка качества,2048,0.0311168544100948
Рекуррентная оценка качества,2049,0.031119836030851524
Рекуррентная оценка качества,2050,0.031113514871791793
Рекуррентная оценка качества,2051,0.031115456561160514
Рекуррентная оценка качества,2052,0.031117449149946113
Рекуррентная оценка качества,2053,0.031106670880138118
Рекуррентная оценка качества,2054,0.031109153659469535
Рекуррентная оценка качества,2055,0.031109995038488655
Рекуррентная оценка качества,2056,0.031117214931125126
Рекуррентная оценка качества,2057,0.031122783342466598
Рекуррентная оценка качества,2058,0.031141851297128022
Рекуррентная оценка качества,2059,0.031142620620244796
Рекуррентная оценка качества,2060,0.031143951827881867
Рекуррентная оценка качества,2061,0.03113252578868186
Рекуррентная оценка качества,2062,0.031147519369488317
Рекуррентная оценка качества,2063,0.031151695967661517
Рекуррентная оценка качества,2064,0.03114862248258018
Рекуррентная оценка качества,2065,0.031148551593300523
Рекуррентная оценка качества,2066,0.03114228396093146
Рекуррентная оценка качества,2067,0.031154781089354877
Рекуррентная оценка качества,2068,0.031155900233895216
Рекуррентная оценка качества,2069,0.031156780104762083
Рекуррентная оценка качества,2070,0.031174335024835756
Рекуррентная оценка качества,2071,0.03114712741412923
Рекуррентная оценка качества,2072,0.031152563672365116
Рекуррентная оценка качества,2073,0.031153889075832875
Рекуррентная оценка качества,2074,0.031152814071558912
Рекуррентная оценка качества,2075,0.031152091543212475
Рекуррентная оценка качества,2076,0.031153274923510804
Рекуррентная оценка качества,2077,0.03112405570573235
Рекуррентная оценка качества,2078,0.03112631867218622
Рекуррентная оценка качества,2079,0.03111200718725524
Рекуррентная оценка качества,2080,0.031112206009318757
Рекуррентная оценка качества,2081,0.03110086970651114
Рекуррентная оценка качества,2082,0.03109693444954607
Рекуррентная оценка качества,2083,0.031095248224401056
Рекуррентная оценка качества,2084,0.031099594170296212
Рекуррентная оценка качества,2085,0.031101478284214022
Рекуррентная оценка качества,2086,0.031105995601639562
Рекуррентная оценка качества,2087,0.0311122522516254
Рекуррентная оценка качества,2088,0.031115361091953005
Рекуррентная оценка качества,2089,0.031116622399315667
Рекуррентная оценка качества,2090,0.03112289650328209
Рекуррентная оценка качества,2091,0.03111975475754379
Рекуррентная оценка качества,2092,0.031109007555598745
Рекуррентная оценка качества,2093,0.03108239181974308
Рекуррентная оценка качества,2094,0.03107309439024681
Рекуррентная оценка качества,2095,0.031076250252152198
Рекуррентная оценка качества,2096,0.0310772031034503
Рекуррентная оценка качества,2097,0.03107317762422463
Рекуррентная оценка качества,2098,0.031062239750253698
Рекуррентная оценка качества,2099,0.031069391139421934
Рекуррентная оценка качества,2100,0.031072794497584374
Рекуррентная оценка качества,2101,0.03107157955392438
Рекуррентная оценка качества,2102,0.03107563079621369
Рекуррентная оценка качества,2103,0.03107735084964233
Рекуррентная оценка качества,2104,0.031080084310728454
Рекуррентная оценка качества,2105,0.031083039227572683
Рекуррентная оценка качества,2106,0.031095391788754943
Рекуррентная оценка качества,2107,0.031091699687234693
Рекуррентная оценка качества,2108,0.03108987008375801
Рекуррентная оценка качества,2109,0.031079100634844346
Рекуррентная оценка качества,2110,0.031060971625184796
Рекуррентная оценка качества,2111,0.031054758756513038
Рекуррентная оценка качества,2112,0.03105846790180089
Рекуррентная оценка качества,2113,0.031057501846131423
Рекуррентная оценка качества,2114,0.03107049664893818
Рекуррентная оценка качества,2115,0.03107074817055536
Рекуррентная оценка качества,2116,0.031072521535593662
Рекуррентная оценка качества,2117,0.031066842431961176
Рекуррентная оценка качества,2118,0.03106775597231753
Рекуррентная оценка качества,2119,0.031058769176380178
Рекуррентная оценка качества,2120,0.031064670023717024
Рекуррентная оценка качества,2121,0.03105098886615762
Рекуррентная оценка качества,2122,0.031045176688109674
Рекуррентная оценка качества,2123,0.031059391681851237
Рекуррентная оценка качества,2124,0.03104623605390168
Рекуррентная оценка качества,2125,0.03105741058514965
Рекуррентная оценка качества,2126,0.031036373517484013
Рекуррентная оценка качества,2127,0.031041336552909853
Рекуррентная оценка качества,2128,0.031035183492440815
Рекуррентная оценка качества,2129,0.031036715683820132
Рекуррентная оценка качества,2130,0.031033619291850327
Рекуррентная оценка качества,2131,0.031035206647222226
Рекуррентная оценка качества,2132,0.031011984724221592
Рекуррентная оценка качества,2133,0.031000697182711687
Рекуррентная оценка качества,2134,0.031000918595841222
Рекуррентная оценка качества,2135,0.03099666853842491
Рекуррентная оценка качества,2136,0.030990369103961718
Рекуррентная оценка качества,2137,0.030983702814599886
Рекуррентная оценка качества,2138,0.030985697536161795
Рекуррентная оценка качества,2139,0.030960140246470858
Рекуррентная оценка качества,2140,0.030960363551731963
Рекуррентная оценка качества,2141,0.030966939856109543
Рекуррентная оценка качества,2142,0.030988732640164943
Рекуррентная оценка качества,2143,0.030987079683523534
Рекуррентная оценка качества,2144,0.030976628176706524
Рекуррентная оценка качества,2145,0.03098012678146538
Рекуррентная оценка качества,2146,0.03099036131384336
Рекуррентная оценка качества,2147,0.030986776453450243
Рекуррентная оценка качества,2148,0.03098229966566708
Рекуррентная оценка качества,2149,0.030988919877451084
Рекуррентная оценка качества,2150,0.03098339979520963
Рекуррентная оценка качества,2151,0.030994248373033727
Рекуррентная оценка качества,2152,0.030986118744579995
Рекуррентная оценка качества,2153,0.030991542627233182
Рекуррентная оценка качества,2154,0.030984620981984047
Рекуррентная оценка качества,2155,0.030983166923383414
Рекуррентная оценка качества,2156,0.030979531468365837
Рекуррентная оценка качества,2157,0.030979343462644936
Рекуррентная оценка качества,2158,0.03098645245154795
Рекуррентная оценка качества,2159,0.030987047852174335
Рекуррентная оценка качества,2160,0.030978967560737567
Рекуррентная оценка качества,2161,0.030968944508542345
Рекуррентная оценка качества,2162,0.03097426655740323
Рекуррентная оценка качества,2163,0.030975010044842086
Рекуррентная оценка качества,2164,0.0309706433232304
Рекуррентная оценка качества,2165,0.030965616518836402
Рекуррентная оценка качества,2166,0.030957302567627687
Рекуррентная оценка качества,2167,0.030956969315935428
Рекуррентная оценка качества,2168,0.030982756661098156
Рекуррентная оценка качества,2169,0.030978703646078073
Рекуррентная оценка качества,2170,0.03097793499830674
Рекуррентная оценка качества,2171,0.03098747234189373
Рекуррентная оценка качества,2172,0.030983929949700846
Рекуррентная оценка качества,2173,0.031000782196616433
Рекуррентная оценка качества,2174,0.03099945783617355
Рекуррентная оценка качества,2175,0.031004088756139372
Рекуррентная оценка качества,2176,0.03098269205453528
Рекуррентная оценка качества,2177,0.03097110010401883
Рекуррентная оценка качества,2178,0.030960774222990418
Рекуррентная оценка качества,2179,0.030954897023336377
Рекуррентная оценка качества,2180,0.03095403734172808
Рекуррентная оценка качества,2181,0.03096082482806375
Рекуррентная оценка качества,2182,0.030954858778853896
Рекуррентная оценка качества,2183,0.030961957344182372
Рекуррентная оценка качества,2184,0.03095471487390484
Рекуррентная оценка качества,2185,0.03094585315451853
Рекуррентная оценка качества,2186,0.030931407776117987
Рекуррентная оценка качества,2187,0.03093328159395545
Рекуррентная оценка качества,2188,0.03092020181074216
Рекуррентная оценка качества,2189,0.03091846362675349
Рекуррентная оценка качества,2190,0.030925222550200016
Рекуррентная оценка качества,2191,0.030929448541666564
Рекуррентная оценка качества,2192,0.030920274789784225
Рекуррентная оценка качества,2193,0.03091848703277727
Рекуррентная оценка качества,2194,0.030906197449116726
Рекуррентная оценка качества,2195,0.03090421051179014
Рекуррентная оценка качества,2196,0.030898707234667852
Рекуррентная оценка качества,2197,0.030896864858759424
Рекуррентная оценка качества,2198,0.030886683939272942
Рекуррентная оценка качества,2199,0.030886925049921764
Рекуррентная оценка качества,2200,0.030881581453721548
Рекуррентная оценка качества,2201,0.030890018135578085
Рекуррентная оценка качества,2202,0.030895289912083703
Рекуррентная оценка качества,2203,0.030888538469644133
Рекуррентная оценка качества,2204,0.030872828947387385
Рекуррентная оценка качества,2205,0.030868022464485088
Рекуррентная оценка качества,2206,0.030861029840577568
Рекуррентная оценка качества,2207,0.0308618822961301
Рекуррентная оценка качества,2208,0.030868736000636318
Рекуррентная оценка качества,2209,0.03088454831581156
Рекуррентная оценка качества,2210,0.03088321896540112
Рекуррентная оценка качества,2211,0.03088706952546464
Рекуррентная оценка качества,2212,0.030882644112353894
Рекуррентная оценка качества,2213,0.030883334324120205
Рекуррентная оценка качества,2214,0.030881401899587574
Рекуррентная оценка качества,2215,0.03087949497393842
Рекуррентная оценка качества,2216,0.030873907422320303
Рекуррентная оценка качества,2217,0.030874103420230208
Рекуррентная оценка качества,2218,0.030876668921894772
Рекуррентная оценка качества,2219,0.030888119303195693
Рекуррентная оценка качества,2220,0.030889659848348412
Рекуррентная оценка качества,2221,0.030892237858695052
Рекуррентная оценка качества,2222,0.030887203564861222
Рекуррентная оценка качества,2223,0.03088722580738616
Рекуррентная оценка качества,2224,0.03086783728467609
Рекуррентная оценка качества,2225,0.030868055173709587
Рекуррентная оценка качества,2226,0.030869264541653774
Рекуррентная оценка качества,2227,0.030866875110777556
Рекуррентная оценка качества,2228,0.030864014644109646
Рекуррентная оценка качества,2229,0.03086083767942573
Рекуррентная оценка качества,2230,0.030861496084659705
Рекуррентная оценка качества,2231,0.03086299236868223
Рекуррентная оценка качества,2232,0.030871088455638004
Рекуррентная оценка качества,2233,0.030858783536328697
Рекуррентная оценка качества,2234,0.030855134325529963
Рекуррентная оценка качества,2235,0.030855195035695854
Рекуррентная оценка качества,2236,0.030843306122000588
Рекуррентная оценка качества,2237,0.03082819024583379
Рекуррентная оценка качества,2238,0.03082817491149279
Рекуррентная оценка качества,2239,0.03082778333769427
Рекуррентная оценка качества,2240,0.03081574420475995
Рекуррентная оценка качества,2241,0.030819199190628095
Рекуррентная оценка качества,2242,0.030824586650883667
Рекуррентная оценка качества,2243,0.030832296096613317
Рекуррентная оценка качества,2244,0.03082639673298841
Рекуррентная оценка качества,2245,0.030818621030834697
Рекуррентная оценка качества,2246,0.030822896868887787
Рекуррентная оценка качества,2247,0.0308165568196426
Рекуррентная оценка качества,2248,0.0308128723868207
Рекуррентная оценка качества,2249,0.030812529414015362
Рекуррентная оценка качества,2250,0.030795869326573796
Рекуррентная оценка качества,2251,0.030795411514632706
Рекуррентная оценка качества,2252,0.030804340114965058
Рекуррентная оценка качества,2253,0.030809826710101906
Рекуррентная оценка качества,2254,0.03080296598296462
Рекуррентная оценка качества,2255,0.030797010315473123
Рекуррентная оценка качества,2256,0.030789312687249454
Рекуррентная оценка качества,2257,0.030784127072354218
Рекуррентная оценка качества,2258,0.030788321588209374
Рекуррентная оценка качества,2259,0.030785130894175297
Рекуррентная оценка качества,2260,0.030799652549527965
Рекуррентная оценка качества,2261,0.030802232696282336
Рекуррентная оценка качества,2262,0.030807832458057037
Рекуррентная оценка качества,2263,0.030822159063944234
Рекуррентная оценка качества,2264,0.030824292289553513
Рекуррентная оценка качества,2265,0.030815911778338253
Рекуррентная оценка качества,2266,0.030814236574488615
Рекуррентная оценка качества,2267,0.030816039250922144
Рекуррентная оценка качества,2268,0.030808118255271803
Рекуррентная оценка качества,2269,0.030808388849656566
Рекуррентная оценка качества,2270,0.030790575832489318
Рекуррентная оценка качества,2271,0.030789388457999032
Рекуррентная оценка качества,2272,0.030794264295858145
Рекуррентная оценка качества,2273,0.030810690329338867
Рекуррентная оценка качества,2274,0.030809861765043314
Рекуррентная оценка качества,2275,0.030807939747787446
Рекуррентная оценка качества,2276,0.030808488019051828
Рекуррентная оценка качества,2277,0.030799767884190095
Рекуррентная оценка качества,2278,0.03079486744621736
Рекуррентная оценка качества,2279,0.03081714044440766
Рекуррентная оценка качества,2280,0.03080634096952328
Рекуррентная оценка качества,2281,0.03079459429422507
Рекуррентная оценка качества,2282,0.030792964722139934
Рекуррентная оценка качества,2283,0.030768254216500573
Рекуррентная оценка качества,2284,0.030789018912796704
Рекуррентная оценка качества,2285,0.03078967715626197
Рекуррентная оценка качества,2286,0.030787061402403202
Рекуррентная оценка качества,2287,0.030787436986536895
Рекуррентная оценка качества,2288,0.030787826640936444
Рекуррентная оценка качества,2289,0.030785346031845236
Рекуррентная оценка качества,2290,0.030808422772141113
Рекуррентная оценка качества,2291,0.03081031360201575
Рекуррентная оценка качества,2292,0.030805575754106532
Рекуррентная оценка качества,2293,0.03080925118993461
Рекуррентная оценка качества,2294,0.03081022760814799
Рекуррентная оценка качества,2295,0.03082008414800836
Рекуррентная оценка качества,2296,0.03082352585970184
Рекуррентная оценка качества,2297,0.030828202815096736
Рекуррентная оценка качества,2298,0.03082558251121383
Рекуррентная оценка качества,2299,0.030822167857289556
Рекуррентная оценка качества,2300,0.030808834239409964
Рекуррентная оценка качества,2301,0.03081238723718956
Рекуррентная оценка качества,2302,0.03082001958267413
Рекуррентная оценка качества,2303,0.030810258877233293
Рекуррентная оценка качества,2304,0.03080175508004643
Рекуррентная оценка качества,2305,0.03079776460177298
Рекуррентная оценка качества,2306,0.030797280628258965
Рекуррентная оценка качества,2307,0.030779187790575074
Рекуррентная оценка качества,2308,0.030777255371381023
Рекуррентная оценка качества,2309,0.0307823706252458
Рекуррентная оценка качества,2310,0.030811943004095333
Рекуррентная оценка качества,2311,0.030806128020159595
Рекуррентная оценка качества,2312,0.03080521862472131
Рекуррентная оценка качества,2313,0.030788170152447277
Рекуррентная оценка качества,2314,0.030787121727756682
Рекуррентная оценка качества,2315,0.03079328865245365
Рекуррентная оценка качества,2316,0.030790357148918337
Рекуррентная оценка качества,2317,0.030764581400162833
Рекуррентная оценка качества,2318,0.030758558640102473
Рекуррентная оценка качества,2319,0.030751554711354403
Рекуррентная оценка качества,2320,0.030748620636387038
Рекуррентная оценка качества,2321,0.03075611287111578
Рекуррентная оценка качества,2322,0.03076068505094581
Рекуррентная оценка качества,2323,0.03075255809891589
Рекуррентная оценка качества,2324,0.030757363174597114
Рекуррентная оценка качества,2325,0.030767805743226417
Рекуррентная оценка качества,2326,0.03077009289958954
Рекуррентная оценка качества,2327,0.030773753363183075
Рекуррентная оценка качества,2328,0.030770580103179405
Рекуррентная оценка качества,2329,0.030779446624611753
Рекуррентная оценка качества,2330,0.0307685999754058
Рекуррентная оценка качества,2331,0.030748282082111052
Рекуррентная оценка качества,2332,0.03073236810187064
Рекуррентная оценка качества,2333,0.030735410135554333
Рекуррентная оценка качества,2334,0.030737786219831875
Рекуррентная оценка качества,2335,0.030748076266986515
Рекуррентная оценка качества,2336,0.03072671530572101
Рекуррентная оценка качества,2337,0.030720383654679773
Рекуррентная оценка качества,2338,0.030702889237522034
Рекуррентная оценка качества,2339,0.030703278257742033
Рекуррентная оценка качества,2340,0.03069848949537512
Рекуррентная оценка качества,2341,0.03068493771890565
Рекуррентная оценка качества,2342,0.030694301415226315
Рекуррентная оценка качества,2343,0.030688515492606528
Рекуррентная оценка качества,2344,0.030698527441343205
Рекуррентная оценка качества,2345,0.030690465179008107
Рекуррентная оценка качества,2346,0.03068092216088936
Рекуррентная оценка качества,2347,0.030675526753722714
Рекуррентная оценка качества,2348,0.030680344192994265
Рекуррентная оценка качества,2349,0.030682455414708317
Рекуррентная оценка качества,2350,0.030667886772777403
Рекуррентная оценка качества,2351,0.030647456310624547
Рекуррентная оценка качества,2352,0.030650139535731296
Рекуррентная оценка качества,2353,0.030657738721029153
Рекуррентная оценка качества,2354,0.030640295191994408
Рекуррентная оценка качества,2355,0.030651973338632805
Рекуррентная оценка качества,2356,0.03065212896041183
Рекуррентная оценка качества,2357,0.030659325255763432
Рекуррентная оценка качества,2358,0.03065270539402085
Рекуррентная оценка качества,2359,0.03064959687756879
Рекуррентная оценка качества,2360,0.03064861398923762
Рекуррентная оценка качества,2361,0.030648830357685515
Рекуррентная оценка качества,2362,0.03066306063033959
Рекуррентная оценка качества,2363,0.03066247878582573
Рекуррентная оценка качества,2364,0.030667225940282535
Рекуррентная оценка качества,2365,0.030668194798899838
Рекуррентная оценка качества,2366,0.03063895351911139
Рекуррентная оценка качества,2367,0.030633576129327076
Рекуррентная оценка качества,2368,0.030631656360220555
Рекуррентная оценка качества,2369,0.030632664511538937
Рекуррентная оценка качества,2370,0.030632609522710137
Рекуррентная оценка качества,2371,0.03063515140053904
Рекуррентная оценка качества,2372,0.030636750221799066
Рекуррентная оценка качества,2373,0.030637569898783308
Рекуррентная оценка качества,2374,0.030634515500319096
Рекуррентная оценка качества,2375,0.030639939425292535
Рекуррентная оценка качества,2376,0.030642337824982546
Рекуррентная оценка качества,2377,0.030636223053529556
Рекуррентная оценка качества,2378,0.030631599950722368
Рекуррентная оценка качества,2379,0.030637153827932567
Рекуррентная оценка качества,2380,0.030620311454524037
Рекуррентная оценка качества,2381,0.030616156455366233
Рекуррентная оценка качества,2382,0.03059939250081348
Рекуррентная оценка качества,2383,0.030601758336003967
Рекуррентная оценка качества,2384,0.030603552416218763
Рекуррентная оценка качества,2385,0.030598292399796573
Рекуррентная оценка качества,2386,0.030616033957605177
Рекуррентная оценка качества,2387,0.030612170246689403
Рекуррентная оценка качества,2388,0.030594082735065805
Рекуррентная оценка качества,2389,0.030578959294362777
Рекуррентная оценка качества,2390,0.030574762771679486
Рекуррентная оценка качества,2391,0.03056864286074606
Рекуррентная оценка качества,2392,0.03057235193580096
Рекуррентная оценка качества,2393,0.030568345785978945
Рекуррентная оценка качества,2394,0.030567888990854133
Рекуррентная оценка качества,2395,0.03056556102038621
Рекуррентная оценка качества,2396,0.03057623076995592
Рекуррентная оценка качества,2397,0.03057785480786443
Рекуррентная оценка качества,2398,0.030561141686821492
Рекуррентная оценка качества,2399,0.03055090049808652
Рекуррентная оценка качества,2400,0.030561363948698184
Рекуррентная оценка качества,2401,0.030563742609276304
Рекуррентная оценка качества,2402,0.03056679418252592
Рекуррентная оценка качества,2403,0.03057784298617583
Рекуррентная оценка качества,2404,0.030573659606728365
Рекуррентная оценка качества,2405,0.0305953540615187
Рекуррентная оценка качества,2406,0.03059122476512607
Рекуррентная оценка качества,2407,0.030590238302698372
Рекуррентная оценка качества,2408,0.03058597027094562
Рекуррентная оценка качества,2409,0.030578257918846437
Рекуррентная оценка качества,2410,0.030589929837125506
Рекуррентная оценка качества,2411,0.03060808824826242
Рекуррентная оценка качества,2412,0.030594149304239534
Рекуррентная оценка качества,2413,0.030615659996307158
Рекуррентная оценка качества,2414,0.03061370590853751
Рекуррентная оценка качества,2415,0.03062120009587426
Рекуррентная оценка качества,2416,0.030615583305795228
Рекуррентная оценка качества,2417,0.030645440713205095
Рекуррентная оценка качества,2418,0.030645048856767186
Рекуррентная оценка качества,2419,0.030613171976984276
Рекуррентная оценка качества,2420,0.03058944389763237
Рекуррентная оценка качества,2421,0.030586497222061866
Рекуррентная оценка качества,2422,0.0305595651335039
Рекуррентная оценка качества,2423,0.03054494550898631
Рекуррентная оценка качества,2424,0.03054305381798326
Рекуррентная оценка качества,2425,0.03053717871679025
Рекуррентная оценка качества,2426,0.030539673546062723
Рекуррентная оценка качества,2427,0.030541789867279002
Рекуррентная оценка качества,2428,0.03056545609946865
Рекуррентная оценка качества,2429,0.03055667548326473
Рекуррентная оценка качества,2430,0.030556769711776427
Рекуррентная оценка качества,2431,0.03056163580237662
Рекуррентная оценка качества,2432,0.030556820914864096
Рекуррентная оценка качества,2433,0.030562745137933844
Рекуррентная оценка качества,2434,0.030563553509337843
Рекуррентная оценка качества,2435,0.03056368019127837
Рекуррентная оценка качества,2436,0.030560133859994836
Рекуррентная оценка качества,2437,0.030567705485902447
Рекуррентная оценка качества,2438,0.030567581929228805
Рекуррентная оценка качества,2439,0.030595803836850975
Рекуррентная оценка качества,2440,0.030566324520687634
Рекуррентная оценка качества,2441,0.03056601680159481
Рекуррентная оценка качества,2442,0.030564673646802876
Рекуррентная оценка качества,2443,0.030580975703223556
Рекуррентная оценка качества,2444,0.03058130963169577
Рекуррентная оценка качества,2445,0.030597071245934193
Рекуррентная оценка качества,2446,0.03059393462938611
Рекуррентная оценка качества,2447,0.03059352739605228
Рекуррентная оценка качества,2448,0.030611648038160397
Рекуррентная оценка качества,2449,0.03061163389821037
Рекуррентная оценка качества,2450,0.030611550738471542
Рекуррентная оценка качества,2451,0.03060480299254053
Рекуррентная оценка качества,2452,0.030604339311162212
Рекуррентная оценка качества,2453,0.03060443138850775
Рекуррентная оценка качества,2454,0.0306052579778322
Рекуррентная оценка качества,2455,0.030588260499480064
Рекуррентная оценка качества,2456,0.030582464040008785
Рекуррентная оценка качества,2457,0.030575302724429917
Рекуррентная оценка качества,2458,0.030574070281218377
Рекуррентная оценка качества,2459,0.03057424953665051
Рекуррентная оценка качества,2460,0.030573995073175434
Рекуррентная оценка качества,2461,0.030564319026286754
Рекуррентная оценка качества,2462,0.030563445480513173
Рекуррентная оценка качества,2463,0.030564069323473286
Рекуррентная оценка качества,2464,0.030578361087299184
Рекуррентная оценка качества,2465,0.030567846380312826
Рекуррентная оценка качества,2466,0.0305599654454216
Рекуррентная оценка качества,2467,0.030565934519256925
Рекуррентная оценка качества,2468,0.030574376555746456
Рекуррентная оценка качества,2469,0.030595060651727093
Рекуррентная оценка качества,2470,0.030590520120631806
Рекуррентная оценка качества,2471,0.03056741795111461
Рекуррентная оценка качества,2472,0.030558578368235348
Рекуррентная оценка качества,2473,0.03054854486101617
Рекуррентная оценка качества,2474,0.030548014791513107
Рекуррентная оценка качества,2475,0.030525632926705622
Рекуррентная оценка качества,2476,0.03051749039798898
Рекуррентная оценка качества,2477,0.03052201284631173
Рекуррентная оценка качества,2478,0.03052207499839872
Рекуррентная оценка качества,2479,0.030523929736884794
Рекуррентная оценка качества,2480,0.0305476564563434
Рекуррентная оценка качества,2481,0.030546879313542868
Рекуррентная оценка качества,2482,0.03056147993646309
Рекуррентная оценка качества,2483,0.030561332257714076
Рекуррентная оценка качества,2484,0.03056207092943128
Рекуррентная оценка качества,2485,0.030548789004517504
Рекуррентная оценка качества,2486,0.030548317237877053
Рекуррентная оценка качества,2487,0.030547094779691492
Рекуррентная оценка качества,2488,0.030547896998523182
Рекуррентная оценка качества,2489,0.03054784258746864
Рекуррентная оценка качества,2490,0.030544559798837807
Рекуррентная оценка качества,2491,0.030553489989390212
Рекуррентная оценка качества,2492,0.03054879868161582
Рекуррентная оценка качества,2493,0.030543805140207214
Рекуррентная оценка качества,2494,0.030540637793441558
Рекуррентная оценка качества,2495,0.03051534024195019
Рекуррентная оценка качества,2496,0.030514735582311322
Рекуррентная оценка качества,2497,0.030519316793737993
Рекуррентная оценка качества,2498,0.030519339825802027
Рекуррентная оценка качества,2499,0.030539124565230658
Рекуррентная оценка качества,2500,0.03053428776300928
Рекуррентная оценка качества,2501,0.03052685975965047
Рекуррентная оценка качества,2502,0.0305242297264226
Рекуррентная оценка качества,2503,0.030531658490558892
Рекуррентная оценка качества,2504,0.030532031389885323
Рекуррентная оценка качества,2505,0.030524089052384646
Рекуррентная оценка качества,2506,0.03052398283644882
Рекуррентная оценка качества,2507,0.03052429624291602
Рекуррентная оценка качества,2508,0.030524621753795514
Рекуррентная оценка качества,2509,0.030536789060060843
Рекуррентная оценка качества,2510,0.03050184374003331
Рекуррентная оценка качества,2511,0.030502115851913595
Рекуррентная оценка качества,2512,0.030492179850212273
Рекуррентная оценка качества,2513,0.03049191284319113
Рекуррентная оценка качества,2514,0.03048409209938725
Рекуррентная оценка качества,2515,0.030467323558241135
Рекуррентная оценка качества,2516,0.030455127853460894
Рекуррентная оценка качества,2517,0.030456066038705744
Рекуррентная оценка качества,2518,0.03045561543301413
Рекуррентная оценка качества,2519,0.030464367087971567
Рекуррентная оценка качества,2520,0.030468412746890588
Рекуррентная оценка качества,2521,0.030468744314231265
Рекуррентная оценка качества,2522,0.030471602616309275
Рекуррентная оценка качества,2523,0.030463392997142295
Рекуррентная оценка качества,2524,0.030463928221061934
Рекуррентная оценка качества,2525,0.030464543696627953
Рекуррентная оценка качества,2526,0.03044275904103351
Рекуррентная оценка качества,2527,0.030445765705666303
Рекуррентная оценка качества,2528,0.030450137756638594
Рекуррентная оценка качества,2529,0.03042762242689965
Рекуррентная оценка качества,2530,0.030435619913999394
Рекуррентная оценка качества,2531,0.03043245476555492
Рекуррентная оценка качества,2532,0.03041765996279453
Рекуррентная оценка качества,2533,0.030413201994569074
Рекуррентная оценка качества,2534,0.030411906274870837
Рекуррентная оценка качества,2535,0.030415364807810197
Рекуррентная оценка качества,2536,0.030415170767659382
Рекуррентная оценка качества,2537,0.030397813596106125
Рекуррентная оценка качества,2538,0.030415914333202693
Рекуррентная оценка качества,2539,0.030405480575013934
Рекуррентная оценка качества,2540,0.030403831990774368
Рекуррентная оценка качества,2541,0.0304035402693615
Рекуррентная оценка качества,2542,0.030403780703292176
Рекуррентная оценка качества,2543,0.030399727561054843
Рекуррентная оценка качества,2544,0.03040227030293899
Рекуррентная оценка качества,2545,0.030388901703727045
Рекуррентная оценка качества,2546,0.030373027410946767
Рекуррентная оценка качества,2547,0.030374871117891302
Рекуррентная оценка качества,2548,0.03038152474708604
Рекуррентная оценка качества,2549,0.03038230311648781
Рекуррентная оценка качества,2550,0.03038514222604511
Рекуррентная оценка качества,2551,0.030394328155044403
Рекуррентная оценка качества,2552,0.030393133489558223
Рекуррентная оценка качества,2553,0.03039113997149163
Рекуррентная оценка качества,2554,0.030395054359899813
Рекуррентная оценка качества,2555,0.030384678715495134
Рекуррентная оценка качества,2556,0.030378357495071832
Рекуррентная оценка качества,2557,0.030368450614633485
Рекуррентная оценка качества,2558,0.030364305662378546
Рекуррентная оценка качества,2559,0.03036886486305311
Рекуррентная оценка качества,2560,0.030369364788037187
Рекуррентная оценка качества,2561,0.030376511318215574
Рекуррентная оценка качества,2562,0.0303786260108943
Рекуррентная оценка качества,2563,0.030380821750248418
Рекуррентная оценка качества,2564,0.030374836584282593
Рекуррентная оценка качества,2565,0.030372556170688066
Рекуррентная оценка качества,2566,0.03038032912619083
Рекуррентная оценка качества,2567,0.030377327302234584
Рекуррентная оценка качества,2568,0.03038382844892707
Рекуррентная оценка качества,2569,0.03037412091550719
Рекуррентная оценка качества,2570,0.030358658112570786
Рекуррентная оценка качества,2571,0.030361231415330175
Рекуррентная оценка качества,2572,0.030360112038373865
Рекуррентная оценка качества,2573,0.030358959234298308
Рекуррентная оценка качества,2574,0.03035651408219041
Рекуррентная оценка качества,2575,0.030351791169132142
Рекуррентная оценка качества,2576,0.030361028291601845
Рекуррентная оценка качества,2577,0.030361218630534943
Рекуррентная оценка качества,2578,0.030361629919503006
Рекуррентная оценка качества,2579,0.030366918717678274
Рекуррентная оценка качества,2580,0.030358535266447526
Рекуррентная оценка качества,2581,0.03036384089969924
Рекуррентная оценка качества,2582,0.03036280054220812
Рекуррентная оценка качества,2583,0.03036217625429497
Рекуррентная оценка качества,2584,0.030363613353406937
Рекуррентная оценка качества,2585,0.030357024447596755
Рекуррентная оценка качества,2586,0.030358115172053803
Рекуррентная оценка качества,2587,0.030374324921908735
Рекуррентная оценка качества,2588,0.030372771593047392
Рекуррентная оценка качества,2589,0.03037815002246508
Рекуррентная оценка качества,2590,0.030371648750785425
Рекуррентная оценка качества,2591,0.03037050100137332
Рекуррентная оценка качества,2592,0.030367628510145437
Рекуррентная оценка качества,2593,0.030356303225946367
Рекуррентная оценка качества,2594,0.03035473795461902
Рекуррентная оценка качества,2595,0.030363856596293346
Рекуррентная оценка качества,2596,0.030366770018748386
Рекуррентная оценка качества,2597,0.030363216226290464
Рекуррентная оценка качества,2598,0.030354445203745202
Рекуррентная оценка качества,2599,0.03036354967399825
Рекуррентная оценка качества,2600,0.030372020515328384
Рекуррентная оценка качества,2601,0.030381895297926183
Рекуррентная оценка качества,2602,0.030373664683849905
Рекуррентная оценка качества,2603,0.030374670085570918
Рекуррентная оценка качества,2604,0.030351379586001568
Рекуррентная оценка качества,2605,0.030336989302771542
Рекуррентная оценка качества,2606,0.030327606234299087
Рекуррентная оценка качества,2607,0.03035105666153738
Рекуррентная оценка качества,2608,0.030343931658772555
Рекуррентная оценка качества,2609,0.030343249415063535
Рекуррентная оценка качества,2610,0.030341573551078572
Рекуррентная оценка качества,2611,0.030341777488184982
Рекуррентная оценка качества,2612,0.0303273291750753
Рекуррентная оценка качества,2613,0.030324657172399315
Рекуррентная оценка качества,2614,0.030332393196145804
Рекуррентная оценка качества,2615,0.030327702410547955
Рекуррентная оценка качества,2616,0.030340847657098685
Рекуррентная оценка качества,2617,0.030352920079420746
Рекуррентная оценка качества,2618,0.030352394705345214
Рекуррентная оценка качества,2619,0.03034590340262248
Рекуррентная оценка качества,2620,0.030352065991407173
Рекуррентная оценка качества,2621,0.030357729026854883
Рекуррентная оценка качества,2622,0.03035803814239161
Рекуррентная оценка качества,2623,0.030360442939142137
Рекуррентная оценка качества,2624,0.030353010704313354
Рекуррентная оценка качества,2625,0.030353482640009526
Рекуррентная оценка качества,2626,0.03035144563776121
Рекуррентная оценка качества,2627,0.030350568810384105
Рекуррентная оценка качества,2628,0.03035462133566442
Рекуррентная оценка качества,2629,0.03035361373277544
Рекуррентная оценка качества,2630,0.030348816634841066
Рекуррентная оценка качества,2631,0.03034562142326939
Рекуррентная оценка качества,2632,0.030344581014417903
Рекуррентная оценка качества,2633,0.030344995888213475
Рекуррентная оценка качества,2634,0.030350345688110136
Рекуррентная оценка качества,2635,0.030356185210399796
Рекуррентная оценка качества,2636,0.030352408003554675
Рекуррентная оценка качества,2637,0.030339853456224423
Рекуррентная оценка качества,2638,0.030336041333498653
Рекуррентная оценка качества,2639,0.030338411276853418
Рекуррентная оценка качества,2640,0.030337870766876752
Рекуррентная оценка качества,2641,0.030331395228452438
Рекуррентная оценка качества,2642,0.030342622181198767
Рекуррентная оценка качества,2643,0.030344505685432767
Рекуррентная оценка качества,2644,0.030325469740965828
Рекуррентная оценка качества,2645,0.030327447454017706
Рекуррентная оценка качества,2646,0.03033326599911756
Рекуррентная оценка качества,2647,0.030333710704353894
Рекуррентная оценка качества,2648,0.030331724408483963
Рекуррентная оценка качества,2649,0.03032778832194169
Рекуррентная оценка качества,2650,0.030328320382285806
Рекуррентная оценка качества,2651,0.030326065572813237
Рекуррентная оценка качества,2652,0.030316103106971266
Рекуррентная оценка качества,2653,0.030327404789489906
Рекуррентная оценка качества,2654,0.030327503585331442
Рекуррентная оценка качества,2655,0.030326375027137628
Рекуррентная оценка качества,2656,0.03031893946743733
Рекуррентная оценка качества,2657,0.030320817492246386
Рекуррентная оценка качества,2658,0.030313320226735677
Рекуррентная оценка качества,2659,0.030299891759621198
Рекуррентная оценка качества,2660,0.030306221972691814
Рекуррентная оценка качества,2661,0.03029068695635866
Рекуррентная оценка качества,2662,0.03029940001453276
Рекуррентная оценка качества,2663,0.030302960607532282
Рекуррентная оценка качества,2664,0.030316059923784732
Рекуррентная оценка качества,2665,0.0303124126498647
Рекуррентная оценка качества,2666,0.030301264504620132
Рекуррентная оценка качества,2667,0.03029411996521917
Рекуррентная оценка качества,2668,0.030294040325326982
Рекуррентная оценка качества,2669,0.03030091220516857
Рекуррентная оценка качества,2670,0.030300334157253354
Рекуррентная оценка качества,2671,0.030291404956348036
Рекуррентная оценка качества,2672,0.0302860165430359
Рекуррентная оценка качества,2673,0.03028510988522936
Рекуррентная оценка качества,2674,0.030272134936432812
Рекуррентная оценка качества,2675,0.030271630200338663
Рекуррентная оценка качества,2676,0.03027073885131288
Рекуррентная оценка качества,2677,0.03026903429259188
Рекуррентная оценка качества,2678,0.03026007824362797
Рекуррентная оценка качества,2679,0.030249495836411643
Рекуррентная оценка качества,2680,0.030255509132468897
Рекуррентная оценка качества,2681,0.030259690052125955
Рекуррентная оценка качества,2682,0.030252033717498336
Рекуррентная оценка качества,2683,0.03025715245124213
Рекуррентная оценка качества,2684,0.030256490965824487
Рекуррентная оценка качества,2685,0.03025519219717427
Рекуррентная оценка качества,2686,0.030254307266332516
Рекуррентная оценка качества,2687,0.03024608672284981
Рекуррентная оценка качества,2688,0.030239667281048373
Рекуррентная оценка качества,2689,0.030245001635461167
Рекуррентная оценка качества,2690,0.03024920310566171
Рекуррентная оценка качества,2691,0.03023977466290391
Рекуррентная оценка качества,2692,0.030251770444697464
Рекуррентная оценка качества,2693,0.030254678975653346
Рекуррентная оценка качества,2694,0.030268058009754822
Рекуррентная оценка качества,2695,0.030257744039647778
Рекуррентная оценка качества,2696,0.03025562992213354
Рекуррентная оценка качества,2697,0.030267234609621222
Рекуррентная оценка качества,2698,0.030269103370890785
Рекуррентная оценка качества,2699,0.030282364160295012
Рекуррентная оценка качества,2700,0.030289432047877957
Рекуррентная оценка качества,2701,0.030286578570983883
Рекуррентная оценка качества,2702,0.030292144287928785
Рекуррентная оценка качества,2703,0.03029087410149103
Рекуррентная оценка качества,2704,0.030300778961372777
Рекуррентная оценка качества,2705,0.030310485417812588
Рекуррентная оценка качества,2706,0.03029567878284025
Рекуррентная оценка качества,2707,0.030334176916725544
Рекуррентная оценка качества,2708,0.03033006563240095
Рекуррентная оценка качества,2709,0.030324323743391685
Рекуррентная оценка качества,2710,0.03031367751495073
Рекуррентная оценка качества,2711,0.030329877810062498
Рекуррентная оценка качества,2712,0.03032628529068616
Рекуррентная оценка качества,2713,0.030341471444884437
Рекуррентная оценка качества,2714,0.030334833634174357
Рекуррентная оценка качества,2715,0.03033399713929081
Рекуррентная оценка качества,2716,0.030335181598321822
Рекуррентная оценка качества,2717,0.03035407649317498
Рекуррентная оценка качества,2718,0.030355165734394913
Рекуррентная оценка качества,2719,0.03034015375282779
Рекуррентная оценка качества,2720,0.030335081874848274
Рекуррентная оценка качества,2721,0.030326465255909645
Рекуррентная оценка качества,2722,0.030332317347311132
Рекуррентная оценка качества,2723,0.0303461689580785
Рекуррентная оценка качества,2724,0.030330210396288654
Рекуррентная оценка качества,2725,0.030314465576210176
Рекуррентная оценка качества,2726,0.030304598847240523
Рекуррентная оценка качества,2727,0.030310476570156168
Рекуррентная оценка качества,2728,0.030303220331700294
Рекуррентная оценка качества,2729,0.030334166202959003
Рекуррентная оценка качества,2730,0.030331372892631454
Рекуррентная оценка качества,2731,0.030324096229284846
Рекуррентная оценка качества,2732,0.030326727514955684
Рекуррентная оценка качества,2733,0.030314213224783344
Рекуррентная оценка качества,2734,0.030293797927888402
Рекуррентная оценка качества,2735,0.030303733489448433
Рекуррентная оценка качества,2736,0.03031716810267502
Рекуррентная оценка качества,2737,0.030308434402294915
Рекуррентная оценка качества,2738,0.030292188882309213
Рекуррентная оценка качества,2739,0.0302860602686799
Рекуррентная оценка качества,2740,0.030297230783379966
Рекуррентная оценка качества,2741,0.030294375174956586
Рекуррентная оценка качества,2742,0.03029295449077084
Рекуррентная оценка качества,2743,0.03028872018894527
Рекуррентная оценка качества,2744,0.030292769448094312
Рекуррентная оценка качества,2745,0.030283278559993965
Рекуррентная оценка качества,2746,0.030283201173350916
Рекуррентная оценка качества,2747,0.03027223623462392
Рекуррентная оценка качества,2748,0.03026073828887125
Рекуррентная оценка качества,2749,0.030284505810457878
Рекуррентная оценка качества,2750,0.03026190034207362
Рекуррентная оценка качества,2751,0.03025082185204325
Рекуррентная оценка качества,2752,0.030259010237129708
Рекуррентная оценка качества,2753,0.030287935130078672
Рекуррентная оценка качества,2754,0.030297759251747287
Рекуррентная оценка качества,2755,0.030294905859894094
Рекуррентная оценка качества,2756,0.03030563139439774
Рекуррентная оценка качества,2757,0.030314068130240283
Рекуррентная оценка качества,2758,0.03030402858427795
Рекуррентная оценка качества,2759,0.030294952968829156
Рекуррентная оценка качества,2760,0.030289955794996617
Рекуррентная оценка качества,2761,0.030291352193504806
Рекуррентная оценка качества,2762,0.030281460531801092
Рекуррентная оценка качества,2763,0.030269148844055502
Рекуррентная оценка качества,2764,0.030281048314347875
Рекуррентная оценка качества,2765,0.030291084977631933
Рекуррентная оценка качества,2766,0.030285254409123236
Рекуррентная оценка качества,2767,0.030281419618756904
Рекуррентная оценка качества,2768,0.03026841838524445
Рекуррентная оценка качества,2769,0.03026607578222256
Рекуррентная оценка качества,2770,0.030263886067822553
Рекуррентная оценка качества,2771,0.03025985964555003
Рекуррентная оценка качества,2772,0.030256702373364877
Рекуррентная оценка качества,2773,0.030258983651738847
Рекуррентная оценка качества,2774,0.03029527288175493
Рекуррентная оценка качества,2775,0.030286119896726294
Рекуррентная оценка качества,2776,0.0302824799625426
Рекуррентная оценка качества,2777,0.030284672805613443
Рекуррентная оценка качества,2778,0.0302808899242557
Рекуррентная оценка качества,2779,0.03027660067121217
Рекуррентная оценка качества,2780,0.03027556716894609
Рекуррентная оценка качества,2781,0.030261827376945542
Рекуррентная оценка качества,2782,0.030257500333547682
Рекуррентная оценка качества,2783,0.030267820514502546
Рекуррентная оценка качества,2784,0.030255867126640197
Рекуррентная оценка качества,2785,0.030259340568573448
Рекуррентная оценка качества,2786,0.030266728086061664
Рекуррентная оценка качества,2787,0.030262220400210607
Рекуррентная оценка качества,2788,0.03026436396203253
Рекуррентная оценка качества,2789,0.03027088382202791
Рекуррентная оценка качества,2790,0.030265387957509046
Рекуррентная оценка качества,2791,0.030260818988009638
Рекуррентная оценка качества,2792,0.03026011810274794
Рекуррентная оценка качества,2793,0.03025726027213972
Рекуррентная оценка качества,2794,0.030252437521405016
Рекуррентная оценка качества,2795,0.03026169673234572
Рекуррентная оценка качества,2796,0.030255764872880394
Рекуррентная оценка качества,2797,0.03026467058879856
Рекуррентная оценка качества,2798,0.03027157105214105
Рекуррентная оценка качества,2799,0.030271016388494578
Рекуррентная оценка качества,2800,0.030290591315199927
Рекуррентная оценка качества,2801,0.03029995995750679
Рекуррентная оценка качества,2802,0.03032237410094107
Рекуррентная оценка качества,2803,0.030350211260049175
Рекуррентная оценка качества,2804,0.030353612716765992
Рекуррентная оценка качества,2805,0.03035625959561625
Рекуррентная оценка качества,2806,0.030369416202499694
Рекуррентная оценка качества,2807,0.030393249324106756
Рекуррентная оценка качества,2808,0.03037448043721149
Рекуррентная оценка качества,2809,0.030360084034382506
Рекуррентная оценка качества,2810,0.030338092518635805
Рекуррентная оценка качества,2811,0.030324962521390348
Рекуррентная оценка качества,2812,0.030313507608881535
Рекуррентная оценка качества,2813,0.030302918631343774
Рекуррентная оценка качества,2814,0.030299393381218318
Рекуррентная оценка качества,2815,0.030299948281287008
Рекуррентная оценка качества,2816,0.030293992054772744
Рекуррентная оценка качества,2817,0.030285995181480705
Рекуррентная оценка качества,2818,0.03027831767341844
Рекуррентная оценка качества,2819,0.03029519321094252
Рекуррентная оценка качества,2820,0.03029410989395858
Рекуррентная оценка качества,2821,0.030287223638112874
Рекуррентная оценка качества,2822,0.03029549488248017
Рекуррентная оценка качества,2823,0.03027983665598928
Рекуррентная оценка качества,2824,0.030257612131752303
Рекуррентная оценка качества,2825,0.030248583954410956
Рекуррентная оценка качества,2826,0.030267651375527352
Рекуррентная оценка качества,2827,0.030278593501210753
Рекуррентная оценка качества,2828,0.030271081806668945
Рекуррентная оценка качества,2829,0.030263083637552413
Рекуррентная оценка качества,2830,0.03025010741565146
Рекуррентная оценка качества,2831,0.030236483790323405
Рекуррентная оценка качества,2832,0.03024221023756221
Рекуррентная оценка качества,2833,0.030238551629872917
Рекуррентная оценка качества,2834,0.030230287500918912
Рекуррентная оценка качества,2835,0.03022622927156456
Рекуррентная оценка качества,2836,0.030219036488939862
Рекуррентная оценка качества,2837,0.030220161177794604
Рекуррентная оценка качества,2838,0.030226204791712535
Рекуррентная оценка качества,2839,0.03022284694358425
Рекуррентная оценка качества,2840,0.030224180467186966
Рекуррентная оценка качества,2841,0.030216110201594905
Рекуррентная оценка качества,2842,0.030213746115878484
Рекуррентная оценка качества,2843,0.03020045845009895
Рекуррентная оценка качества,2844,0.030199584564163613
Рекуррентная оценка качества,2845,0.030199459108252027
Рекуррентная оценка качества,2846,0.030199345625310323
Рекуррентная оценка качества,2847,0.030194084724909923
Рекуррентная оценка качества,2848,0.03020224226093621
Рекуррентная оценка качества,2849,0.030195401074562474
Рекуррентная оценка качества,2850,0.030203003083304772
Рекуррентная оценка качества,2851,0.030191616817292044
Рекуррентная оценка качества,2852,0.030199285619053894
Рекуррентная оценка качества,2853,0.03020938029398882
Рекуррентная оценка качества,2854,0.030253384562032203
Рекуррентная оценка качества,2855,0.03023964497149931
Рекуррентная оценка качества,2856,0.03023615709597003
Рекуррентная оценка качества,2857,0.03024382594333111
Рекуррентная оценка качества,2858,0.030254179143816135
Рекуррентная оценка качества,2859,0.03026764725422523
Рекуррентная оценка качества,2860,0.030265141154203923
Рекуррентная оценка качества,2861,0.030262252796936947
Рекуррентная оценка качества,2862,0.030252442340232135
Рекуррентная оценка качества,2863,0.030246860170848204
Рекуррентная оценка качества,2864,0.030243500570489194
Рекуррентная оценка качества,2865,0.03025191784659083
Рекуррентная оценка качества,2866,0.030264092173722643
Рекуррентная оценка качества,2867,0.03027067217200684
Рекуррентная оценка качества,2868,0.03026613502174864
Рекуррентная оценка качества,2869,0.03025250533362186
Рекуррентная оценка качества,2870,0.030262279193487333
Рекуррентная оценка качества,2871,0.030257565558717933
Рекуррентная оценка качества,2872,0.030235654764445757
Рекуррентная оценка качества,2873,0.030225475773602434
Рекуррентная оценка качества,2874,0.03021066612300033
Рекуррентная оценка качества,2875,0.030225308196559292
Рекуррентная оценка качества,2876,0.030231346850101818
Рекуррентная оценка качества,2877,0.030226978840906627
Рекуррентная оценка качества,2878,0.030222600150150467
Рекуррентная оценка качества,2879,0.030232177807474024
Рекуррентная оценка качества,2880,0.03021110640360981
Рекуррентная оценка качества,2881,0.03020755294005774
Рекуррентная оценка качества,2882,0.030202846003317376
Рекуррентная оценка качества,2883,0.030235467655350397
Рекуррентная оценка качества,2884,0.030213453676314134
Рекуррентная оценка качества,2885,0.03022154994139483
Рекуррентная оценка качества,2886,0.030215846462580263
Рекуррентная оценка качества,2887,0.030213205679923087
Рекуррентная оценка качества,2888,0.030216427685965174
Рекуррентная оценка качества,2889,0.03022127966481887
Рекуррентная оценка качества,2890,0.030207455272493366
Рекуррентная оценка качества,2891,0.0302122499655371
Рекуррентная оценка качества,2892,0.030221253702267182
Рекуррентная оценка качества,2893,0.030208942858196093
Рекуррентная оценка качества,2894,0.03021351818441628
Рекуррентная оценка качества,2895,0.030211557449369392
Рекуррентная оценка качества,2896,0.030198881665045484
Рекуррентная оценка качества,2897,0.030194716359745723
Рекуррентная оценка качества,2898,0.03018736878394085
Рекуррентная оценка качества,2899,0.0301798114187925
Рекуррентная оценка качества,2900,0.030203867592724802
Рекуррентная оценка качества,2901,0.030203169658526808
Рекуррентная оценка качества,2902,0.030204090838603023
Рекуррентная оценка качества,2903,0.030192036348227844
Рекуррентная оценка качества,2904,0.0301938495334469
Рекуррентная оценка качества,2905,0.03020329519709326
Рекуррентная оценка качества,2906,0.030201481331105288
Рекуррентная оценка качества,2907,0.030193902518775247
Рекуррентная оценка качества,2908,0.030208087620129175
Рекуррентная оценка качества,2909,0.03022448056393577
Рекуррентная оценка качества,2910,0.03021309786509826
Рекуррентная оценка качества,2911,0.03020438096784746
Рекуррентная оценка качества,2912,0.03026102603125433
Рекуррентная оценка качества,2913,0.03026493408376152
Рекуррентная оценка качества,2914,0.030259872204302377
Рекуррентная оценка качества,2915,0.030247690317960367
Рекуррентная оценка качества,2916,0.03023679264398499
Рекуррентная оценка качества,2917,0.030239207327197492
Рекуррентная оценка качества,2918,0.03025790159970304
Рекуррентная оценка качества,2919,0.030241333808179807
Рекуррентная оценка качества,2920,0.03024425734726706
Рекуррентная оценка качества,2921,0.030273431602810194
Рекуррентная оценка качества,2922,0.03029645533462123
Рекуррентная оценка качества,2923,0.030283924022233427
Рекуррентная оценка качества,2924,0.030276017121097006
Рекуррентная оценка качества,2925,0.030256494484370077
Рекуррентная оценка качества,2926,0.03024972012586189
Рекуррентная оценка качества,2927,0.030252136266662493
Рекуррентная оценка качества,2928,0.0302462407476598
Рекуррентная оценка качества,2929,0.030243008369798544
Рекуррентная оценка качества,2930,0.03022375534375471
Рекуррентная оценка качества,2931,0.030212575490880283
Рекуррентная оценка качества,2932,0.030195396043364898
Рекуррентная оценка качества,2933,0.030206167320828904
Рекуррентная оценка качества,2934,0.030187575128135868
Рекуррентная оценка качества,2935,0.03019100755554566
Рекуррентная оценка качества,2936,0.030175602161998574
Рекуррентная оценка качества,2937,0.0301735342760111
Рекуррентная оценка качества,2938,0.030167229558339875
Рекуррентная оценка качества,2939,0.03016336299200428
Рекуррентная оценка качества,2940,0.030157891294244354
Рекуррентная оценка качества,2941,0.030146501690992977
Рекуррентная оценка качества,2942,0.030142469968882712
Рекуррентная оценка качества,2943,0.03012855794123151
Рекуррентная оценка качества,2944,0.03011497381904632
Рекуррентная оценка качества,2945,0.030118901275548726
Рекуррентная оценка качества,2946,0.030117409753400572
Рекуррентная оценка качества,2947,0.03011542834125346
Рекуррентная оценка качества,2948,0.03011020764588594
Рекуррентная оценка качества,2949,0.030095082940866814
Рекуррентная оценка качества,2950,0.030085595194166554
Рекуррентная оценка качества,2951,0.030079750541848735
Рекуррентная оценка качества,2952,0.030076849708129398
Рекуррентная оценка качества,2953,0.030073934212313184
Рекуррентная оценка качества,2954,0.03006728040472628
Рекуррентная оценка качества,2955,0.03005874835927472
Рекуррентная оценка качества,2956,0.030068251324165914
Рекуррентная оценка качества,2957,0.030082929759321548
Рекуррентная оценка качества,2958,0.030072029643419918
Рекуррентная оценка качества,2959,0.030069364162504816
Рекуррентная оценка качества,2960,0.030066067894518333
Рекуррентная оценка качества,2961,0.03005643524074385
Рекуррентная оценка качества,2962,0.030069505800644648
Рекуррентная оценка качества,2963,0.030062819714189153
Рекуррентная оценка качества,2964,0.030061108885125393
Рекуррентная оценка качества,2965,0.030058856358248186
Рекуррентная оценка качества,2966,0.030066863675418446
Рекуррентная оценка качества,2967,0.030060972414879157
Рекуррентная оценка качества,2968,0.030053478750667818
Рекуррентная оценка качества,2969,0.03005500224198919
Рекуррентная оценка качества,2970,0.030062675507450256
Рекуррентная оценка качества,2971,0.030060674211243633
Рекуррентная оценка качества,2972,0.03006211576857432
Рекуррентная оценка качества,2973,0.030056180263376548
Рекуррентная оценка качества,2974,0.0300622579668178
Рекуррентная оценка качества,2975,0.030063702637253387
Рекуррентная оценка качества,2976,0.030071113471781825
Рекуррентная оценка качества,2977,0.030070908826330896
Рекуррентная оценка качества,2978,0.030072682235471833
Рекуррентная оценка качества,2979,0.030062158408143896
Рекуррентная оценка качества,2980,0.030064033924198066
Рекуррентная оценка качества,2981,0.03006758664315285
Рекуррентная оценка качества,2982,0.030069432845134747
Рекуррентная оценка качества,2983,0.03006711533228867
Рекуррентная оценка качества,2984,0.03007040369313502
Рекуррентная оценка качества,2985,0.030074241870054218
Рекуррентная оценка качества,2986,0.03007313213599078
Рекуррентная оценка качества,2987,0.03006808947935391
Рекуррентная оценка качества,2988,0.030080223959148295
Рекуррентная оценка качества,2989,0.03007759980624472
Рекуррентная оценка качества,2990,0.030074453015333923
Рекуррентная оценка качества,2991,0.03007386600531532
Рекуррентная оценка качества,2992,0.030083676033608463
Рекуррентная оценка качества,2993,0.030081342109558037
Рекуррентная оценка качества,2994,0.03007237597928338
Рекуррентная оценка качества,2995,0.03008512244047468
Рекуррентная оценка качества,2996,0.030080352117018583
Рекуррентная оценка качества,2997,0.030076867819443773
Рекуррентная оценка качества,2998,0.03006860256769379
Рекуррентная оценка качества,2999,0.030055008357895353
Рекуррентная оценка качества,3000,0.030045850115690737
Рекуррентная оценка качества,3001,0.030047288136006264
Рекуррентная оценка качества,3002,0.030058616526523495
Рекуррентная оценка качества,3003,0.030063629389205888
Рекуррентная оценка качества,3004,0.03005920112757188
Рекуррентная оценка качества,3005,0.03005724594758045
Рекуррентная оценка качества,3006,0.030055492675614814
Рекуррентная оценка качества,3007,0.03004069620107414
Рекуррентная оценка качества,3008,0.030053956388331186
Рекуррентная оценка качества,3009,0.030057555178335346
Рекуррентная оценка качества,3010,0.03005593185145989
Рекуррентная оценка качества,3011,0.030054599099598317
Рекуррентная оценка качества,3012,0.030053483152582015
Рекуррентная оценка качества,3013,0.03005277344780516
Рекуррентная оценка качества,3014,0.03004998103755073
Рекуррентная оценка качества,3015,0.030050871472532374
Рекуррентная оценка качества,3016,0.030049896230500354
Рекуррентная оценка качества,3017,0.03005547732599869
Рекуррентная оценка качества,3018,0.030053352249933475
Рекуррентная оценка качества,3019,0.030050938365318934
Рекуррентная оценка качества,3020,0.030051940600233897
Рекуррентная оценка качества,3021,0.030046598621674848
Рекуррентная оценка качества,3022,0.030047950232013423
Рекуррентная оценка качества,3023,0.03005150041083652
Рекуррентная оценка качества,3024,0.030047019329661414
Рекуррентная оценка качества,3025,0.030052145951796092
Рекуррентная оценка качества,3026,0.03004860843122182
Рекуррентная оценка качества,3027,0.030044868481458244
Рекуррентная оценка качества,3028,0.03004358297100212
Рекуррентная оценка качества,3029,0.030043295584448595
Рекуррентная оценка качества,3030,0.030039503791333674
Рекуррентная оценка качества,3031,0.030038605994895485
Рекуррентная оценка качества,3032,0.03004326828088083
Рекуррентная оценка качества,3033,0.03005626248818197
Рекуррентная оценка качества,3034,0.030061708895532897
Рекуррентная оценка качества,3035,0.03005450727882779
Рекуррентная оценка качества,3036,0.030042773714339957
Рекуррентная оценка качества,3037,0.030042140055675383
Рекуррентная оценка качества,3038,0.030039554143719678
Рекуррентная оценка качества,3039,0.030037271665937126
Рекуррентная оценка качества,3040,0.030032586260550435
Рекуррентная оценка качества,3041,0.030051710311128042
Рекуррентная оценка качества,3042,0.03005118764948455
Рекуррентная оценка качества,3043,0.030046176539893835
Рекуррентная оценка качества,3044,0.03004780878012189
Рекуррентная оценка качества,3045,0.030035656457011665
Рекуррентная оценка качества,3046,0.0300339263435724
Рекуррентная оценка качества,3047,0.030034554433249455
Рекуррентная оценка качества,3048,0.03003673982668599
Рекуррентная оценка качества,3049,0.03003445477538837
Рекуррентная оценка качества,3050,0.030034562221886444
Рекуррентная оценка качества,3051,0.030029667557199848
Рекуррентная оценка качества,3052,0.030030156923517206
Рекуррентная оценка качества,3053,0.03003189773353626
Рекуррентная оценка качества,3054,0.030032017829830438
Рекуррентная оценка качества,3055,0.030034845373084512
Рекуррентная оценка качества,3056,0.030034095285845473
Рекуррентная оценка качества,3057,0.030035098645134505
Рекуррентная оценка качества,3058,0.030028868591950846
Рекуррентная оценка качества,3059,0.030031693914915933
Рекуррентная оценка качества,3060,0.030034483168845414
Рекуррентная оценка качества,3061,0.030028523167924114
Рекуррентная оценка качества,3062,0.030031525769075466
Рекуррентная оценка качества,3063,0.030034802049678313
Рекуррентная оценка качества,3064,0.03003475626218737
Рекуррентная оценка качества,3065,0.030035343847099237
Рекуррентная оценка качества,3066,0.03003360061389569
Рекуррентная оценка качества,3067,0.030029873601994335
Рекуррентная оценка качества,3068,0.03002938335658578
Рекуррентная оценка качества,3069,0.03003064905909323
Рекуррентная оценка качества,3070,0.030030398361489328
Рекуррентная оценка качества,3071,0.030022206614535092
Рекуррентная оценка качества,3072,0.030018365405963022
Рекуррентная оценка качества,3073,0.03001583577774972
Рекуррентная оценка качества,3074,0.03001636634912931
Рекуррентная оценка качества,3075,0.030024055008146176
Рекуррентная оценка качества,3076,0.030023321790958964
Рекуррентная оценка качества,3077,0.030021401675219835
Рекуррентная оценка качества,3078,0.030019304066892065
Рекуррентная оценка качества,3079,0.0300177242745268
Рекуррентная оценка качества,3080,0.030022042815109132
Рекуррентная оценка качества,3081,0.030019817010119302
Рекуррентная оценка качества,3082,0.030020846670007307
Рекуррентная оценка качества,3083,0.030015412043737564
Рекуррентная оценка качества,3084,0.030012368895493052
Рекуррентная оценка качества,3085,0.030002596242704054
Рекуррентная оценка качества,3086,0.030000110248696626
Рекуррентная оценка качества,3087,0.030000969096261897
Рекуррентная оценка качества,3088,0.029999803393039707
Рекуррентная оценка качества,3089,0.02999709535639369
Рекуррентная оценка качества,3090,0.029995885107619403
Рекуррентная оценка качества,3091,0.029996969284818806
Рекуррентная оценка качества,3092,0.02999668547234725
Рекуррентная оценка качества,3093,0.029992541696381728
Рекуррентная оценка качества,3094,0.02999146862876696
Рекуррентная оценка качества,3095,0.029999281817426296
Рекуррентная оценка качества,3096,0.030005154044990615
Рекуррентная оценка качества,3097,0.03000550247605479
Рекуррентная оценка качества,3098,0.030005522223049096
Рекуррентная оценка качества,3099,0.03000279961854933
Рекуррентная оценка качества,3100,0.03000434351508141
Рекуррентная оценка качества,3101,0.030010874682750984
Рекуррентная оценка качества,3102,0.03001371142812528
Рекуррентная оценка качества,3103,0.030019634500428608
Рекуррентная оценка качества,3104,0.03001951218527374
Рекуррентная оценка качества,3105,0.030024308504561992
Рекуррентная оценка качества,3106,0.030031202110784676
Рекуррентная оценка качества,3107,0.030019092099316278
Рекуррентная оценка качества,3108,0.03003429312453372
Рекуррентная оценка качества,3109,0.03002194941722123
Рекуррентная оценка качества,3110,0.0300301732027845
Рекуррентная оценка качества,3111,0.030029975320879088
Рекуррентная оценка качества,3112,0.030026166589749798
Рекуррентная оценка качества,3113,0.030022154670762684
Рекуррентная оценка качества,3114,0.03001851098111567
Рекуррентная оценка качества,3115,0.030030562343427842
Рекуррентная оценка качества,3116,0.030047842110361208
Рекуррентная оценка качества,3117,0.030047823186815335
Рекуррентная оценка качества,3118,0.030047829128274108
Рекуррентная оценка качества,3119,0.03005089910814414
Рекуррентная оценка качества,3120,0.030050180397480527
Рекуррентная оценка качества,3121,0.030045704179760192
Рекуррентная оценка качества,3122,0.030051877773256394
Рекуррентная оценка качества,3123,0.0300506726737981
Рекуррентная оценка качества,3124,0.030050245125197477
Рекуррентная оценка качества,3125,0.03004447771292958
Рекуррентная оценка качества,3126,0.030044845505491843
Рекуррентная оценка качества,3127,0.030043498921526367
Рекуррентная оценка качества,3128,0.030040312507864857
Рекуррентная оценка качества,3129,0.030026111238858372
Рекуррентная оценка качества,3130,0.03002694956540727
Рекуррентная оценка качества,3131,0.030023995957145562
Рекуррентная оценка качества,3132,0.03002399246986477
Рекуррентная оценка качества,3133,0.03002387921107975
Рекуррентная оценка качества,3134,0.030024437586875893
Рекуррентная оценка качества,3135,0.03002332668616187
Рекуррентная оценка качества,3136,0.030023082929019635
Рекуррентная оценка качества,3137,0.030019819457475647
Рекуррентная оценка качества,3138,0.03001956964711337
Рекуррентная оценка качества,3139,0.030020116924126
Рекуррентная оценка качества,3140,0.030020089410574304
Рекуррентная оценка качества,3141,0.030019115424523846
Рекуррентная оценка качества,3142,0.03002532545077716
Рекуррентная оценка качества,3143,0.030026039410026524
Рекуррентная оценка качества,3144,0.03001526456936918
Рекуррентная оценка качества,3145,0.030011263115596307
Рекуррентная оценка качества,3146,0.030020425367902337
Рекуррентная оценка качества,3147,0.03002040910320987
Рекуррентная оценка качества,3148,0.030030074247751327
Рекуррентная оценка качества,3149,0.0300180874200597
Рекуррентная оценка качества,3150,0.030018290724477176
Рекуррентная оценка качества,3151,0.030015510725189237
Рекуррентная оценка качества,3152,0.03002222649373665
Рекуррентная оценка качества,3153,0.030017521680643453
Рекуррентная оценка качества,3154,0.030009268479194467
Рекуррентная оценка качества,3155,0.030009237706195145
Рекуррентная оценка качества,3156,0.030007855817642388
Рекуррентная оценка качества,3157,0.029998435667549034
Рекуррентная оценка качества,3158,0.029999516252699653
Рекуррентная оценка качества,3159,0.030000251117959294
Рекуррентная оценка качества,3160,0.02999948162291366
Рекуррентная оценка качества,3161,0.029998289478134297
Рекуррентная оценка качества,3162,0.029997230591978986
Рекуррентная оценка качества,3163,0.029993142518446557
Рекуррентная оценка качества,3164,0.029993951422146576
Рекуррентная оценка качества,3165,0.029995016033889793
Рекуррентная оценка качества,3166,0.02999512122395835
Рекуррентная оценка качества,3167,0.029994962065376808
Рекуррентная оценка качества,3168,0.029997447818589224
Рекуррентная оценка качества,3169,0.029998567626504342
Рекуррентная оценка качества,3170,0.030001623120029994
Рекуррентная оценка качества,3171,0.030003531630799107
Рекуррентная оценка качества,3172,0.02999945783770812
Рекуррентная оценка качества,3173,0.030002028724349355
Рекуррентная оценка качества,3174,0.029999138401308773
Рекуррентная оценка качества,3175,0.02999953950263026
Рекуррентная оценка качества,3176,0.030001488401799583
Рекуррентная оценка качества,3177,0.030003702991427458
Рекуррентная оценка качества,3178,0.03000116194940732
Рекуррентная оценка качества,3179,0.030000125201624577
Рекуррентная оценка качества,3180,0.0299992224834681
Рекуррентная оценка качества,3181,0.030004501178587478
Рекуррентная оценка качества,3182,0.03000014903129764
Рекуррентная оценка качества,3183,0.030009052974925596
Рекуррентная оценка качества,3184,0.030005948153454157
Рекуррентная оценка качества,3185,0.030006904296282878
Рекуррентная оценка качества,3186,0.030009410177017016
Рекуррентная оценка качества,3187,0.030010309804671467
Рекуррентная оценка качества,3188,0.030010298140069006
Рекуррентная оценка качества,3189,0.03001053707988646
Рекуррентная оценка качества,3190,0.030008646091846437
Рекуррентная оценка качества,3191,0.030006568604083253
Рекуррентная оценка качества,3192,0.03000747302545747
Рекуррентная оценка качества,3193,0.030010959371467055
Рекуррентная оценка качества,3194,0.030017245116958597
Рекуррентная оценка качества,3195,0.030021958401543623
Рекуррентная оценка качества,3196,0.03002234866759822
Рекуррентная оценка качества,3197,0.0300265777520113
Рекуррентная оценка качества,3198,0.030027047905108174
Рекуррентная оценка качества,3199,0.030024083939096276
Рекуррентная оценка качества,3200,0.030023334817345853
Рекуррентная оценка качества,3201,0.0300242048708527
Рекуррентная оценка качества,3202,0.030024829036960625
Рекуррентная оценка качества,3203,0.03002015305850124
Рекуррентная оценка качества,3204,0.030023974970604238
Рекуррентная оценка качества,3205,0.030025436639043026
Рекуррентная оценка качества,3206,0.030027052630448886
Рекуррентная оценка качества,3207,0.030030291167982746
Рекуррентная оценка качества,3208,0.030033636251936568
Рекуррентная оценка качества,3209,0.030038153259161246
Рекуррентная оценка качества,3210,0.030044933563591864
Рекуррентная оценка качества,3211,0.030042621502326512
Рекуррентная оценка качества,3212,0.030036860167811236
Рекуррентная оценка качества,3213,0.030037882889636654
Рекуррентная оценка качества,3214,0.030039693349297226
Рекуррентная оценка качества,3215,0.030044505931180628
Рекуррентная оценка качества,3216,0.030044077677741962
Рекуррентная оценка качества,3217,0.030047194999806157
Рекуррентная оценка качества,3218,0.03004669289173015
Рекуррентная оценка качества,3219,0.030062324125674025
Рекуррентная оценка качества,3220,0.030066924642378916
Рекуррентная оценка качества,3221,0.030072341930583574
Рекуррентная оценка качества,3222,0.030064297203501192
Рекуррентная оценка качества,3223,0.030068494649233134
Рекуррентная оценка качества,3224,0.03007319588606541
Рекуррентная оценка качества,3225,0.030065897983922448
Рекуррентная оценка качества,3226,0.03006206133741759
Рекуррентная оценка качества,3227,0.030060810891121174
Рекуррентная оценка качества,3228,0.0300593671495384
Рекуррентная оценка качества,3229,0.030064457782121645
Рекуррентная оценка качества,3230,0.030063211459633008
Рекуррентная оценка качества,3231,0.03005407248012523
Рекуррентная оценка качества,3232,0.030044941566959936
Рекуррентная оценка качества,3233,0.030044732386620816
Рекуррентная оценка качества,3234,0.03004697821288977
Рекуррентная оценка качества,3235,0.030047774529688563
Рекуррентная оценка качества,3236,0.030048579170299225
Рекуррентная оценка качества,3237,0.030044630309225436
Рекуррентная оценка качества,3238,0.03004938086782325
Рекуррентная оценка качества,3239,0.030049123454441197
Рекуррентная оценка качества,3240,0.030047131078251542
Рекуррентная оценка качества,3241,0.030046744605470486
Рекуррентная оценка качества,3242,0.03004639971171847
Рекуррентная оценка качества,3243,0.030045804086632003
Рекуррентная оценка качества,3244,0.030042773673407103
Рекуррентная оценка качества,3245,0.030039761090746814
Рекуррентная оценка качества,3246,0.03004204646900948
Рекуррентная оценка качества,3247,0.03004206684592792
Рекуррентная оценка качества,3248,0.03003695086845726
Рекуррентная оценка качества,3249,0.030040611914575417
Рекуррентная оценка качества,3250,0.03004825367634055
Рекуррентная оценка качества,3251,0.030043541837173032
Рекуррентная оценка качества,3252,0.030044449243617422
Рекуррентная оценка качества,3253,0.030044352161466233
Рекуррентная оценка качества,3254,0.030043510484719062
Рекуррентная оценка качества,3255,0.030049545397637115
Рекуррентная оценка качества,3256,0.030040353344540367
Рекуррентная оценка качества,3257,0.030037666575909783
Рекуррентная оценка качества,3258,0.03002858832059263
Рекуррентная оценка качества,3259,0.030026078203287492
Рекуррентная оценка качества,3260,0.030023128176430724
Рекуррентная оценка качества,3261,0.030016328283753946
Рекуррентная оценка качества,3262,0.03001610864081416
Рекуррентная оценка качества,3263,0.03001703536797599
Рекуррентная оценка качества,3264,0.0300043399915214
Рекуррентная оценка качества,3265,0.030004025705500544
Рекуррентная оценка качества,3266,0.03000427118413792
Рекуррентная оценка качества,3267,0.030006587821173915
Рекуррентная оценка качества,3268,0.03000566501059385
Рекуррентная оценка качества,3269,0.030005623977507216
Рекуррентная оценка качества,3270,0.030006340460473187
Рекуррентная оценка качества,3271,0.03000644351248687
Рекуррентная оценка качества,3272,0.030009959747437264
Рекуррентная оценка качества,3273,0.03001248255113685
Рекуррентная оценка качества,3274,0.029997105904682672
Рекуррентная оценка качества,3275,0.029999710674244152
Рекуррентная оценка качества,3276,0.029996337967634082
Рекуррентная оценка качества,3277,0.029995562082102502
Рекуррентная оценка качества,3278,0.0299915186270965
Рекуррентная оценка качества,3279,0.030002068687404942
Рекуррентная оценка качества,3280,0.030002186251863027
Рекуррентная оценка качества,3281,0.02998582539397944
Рекуррентная оценка качества,3282,0.029979382405785862
Рекуррентная оценка качества,3283,0.029983312931762277
Рекуррентная оценка качества,3284,0.029986800985843002
Рекуррентная оценка качества,3285,0.02999202830334543
Рекуррентная оценка качества,3286,0.029996465034935523
Рекуррентная оценка качества,3287,0.029998671035534635
Рекуррентная оценка качества,3288,0.02999952107085233
Рекуррентная оценка качества,3289,0.029995486089838437
Рекуррентная оценка качества,3290,0.029994695261818072
Рекуррентная оценка качества,3291,0.029978944179970254
Рекуррентная оценка качества,3292,0.029976743776565583
Рекуррентная оценка качества,3293,0.029975127096552503
Рекуррентная оценка качества,3294,0.02997121143330709
Рекуррентная оценка качества,3295,0.029972713652169553
Рекуррентная оценка качества,3296,0.02996934789259311
Рекуррентная оценка качества,3297,0.029970343767041243
Рекуррентная оценка качества,3298,0.029962147032264456
Рекуррентная оценка качества,3299,0.02994966120067749
Рекуррентная оценка качества,3300,0.02995126751185539
Рекуррентная оценка качества,3301,0.029950024760198313
Рекуррентная оценка качества,3302,0.029949295669473346
Рекуррентная оценка качества,3303,0.02994724340006764
Рекуррентная оценка качества,3304,0.029950996748611954
Рекуррентная оценка качества,3305,0.02995234839347148
Рекуррентная оценка качества,3306,0.029957859878664728
Рекуррентная оценка качества,3307,0.029962192485367536
Рекуррентная оценка качества,3308,0.029968305265210587
Рекуррентная оценка качества,3309,0.02996980556191596
Рекуррентная оценка качества,3310,0.029967405066704728
Рекуррентная оценка качества,3311,0.029972803578610617
Рекуррентная оценка качества,3312,0.02997297084835323
Рекуррентная оценка качества,3313,0.0299725097432425
Рекуррентная оценка качества,3314,0.029978064590418622
Рекуррентная оценка качества,3315,0.02997820760913075
Рекуррентная оценка качества,3316,0.029980991387925614
Рекуррентная оценка качества,3317,0.029985570444918175
Рекуррентная оценка качества,3318,0.02998411191036204
Рекуррентная оценка качества,3319,0.02997574009279259
Рекуррентная оценка качества,3320,0.029976895629705423
Рекуррентная оценка качества,3321,0.02997653259812095
Рекуррентная оценка качества,3322,0.029977503011156453
Рекуррентная оценка качества,3323,0.029977010044603333
Рекуррентная оценка качества,3324,0.029980508354895317
Рекуррентная оценка качества,3325,0.029981696840825422
Рекуррентная оценка качества,3326,0.029982396165598522
Рекуррентная оценка качества,3327,0.029984392268123244
Рекуррентная оценка качества,3328,0.02998174975297345
Рекуррентная оценка качества,3329,0.029984543669513704
Рекуррентная оценка качества,3330,0.02998665431413046
Рекуррентная оценка качества,3331,0.029988856541519244
Рекуррентная оценка качества,3332,0.02998689300031739
Рекуррентная оценка качества,3333,0.02997932973859136
Рекуррентная оценка качества,3334,0.029971731507493302
Рекуррентная оценка качества,3335,0.029972727881718356
Рекуррентная оценка качества,3336,0.029967803610359594
Рекуррентная оценка качества,3337,0.029966839746581146
Рекуррентная оценка качества,3338,0.029955381467935395
Рекуррентная оценка качества,3339,0.02995995590112609
Рекуррентная оценка качества,3340,0.02995816523535083
Рекуррентная оценка качества,3341,0.0299589170253261
Рекуррентная оценка качества,3342,0.02996423322492331
Рекуррентная оценка качества,3343,0.02997099026934007
Рекуррентная оценка качества,3344,0.029978883058213394
Рекуррентная оценка качества,3345,0.02996571418359922
Рекуррентная оценка качества,3346,0.029967103319826115
Рекуррентная оценка качества,3347,0.029967572924809813
Рекуррентная оценка качества,3348,0.029972074517918015
Рекуррентная оценка качества,3349,0.02996882255403936
Рекуррентная оценка качества,3350,0.029976667229598252
Рекуррентная оценка качества,3351,0.02997675993570103
Рекуррентная оценка качества,3352,0.029970024406222266
Рекуррентная оценка качества,3353,0.02996238259627066
Рекуррентная оценка качества,3354,0.02995532028196373
Рекуррентная оценка качества,3355,0.029941819061194568
Рекуррентная оценка качества,3356,0.029943860212514124
Рекуррентная оценка качества,3357,0.029934802144992324
Рекуррентная оценка качества,3358,0.02993425125688294
Рекуррентная оценка качества,3359,0.029925856281863072
Рекуррентная оценка качества,3360,0.029917099831503004
Рекуррентная оценка качества,3361,0.029929103738022992
Рекуррентная оценка качества,3362,0.029927117878334773
Рекуррентная оценка качества,3363,0.029928837826430674
Рекуррентная оценка качества,3364,0.02992971432171092
Рекуррентная оценка качества,3365,0.02993190748473772
Рекуррентная оценка качества,3366,0.02993497769209634
Рекуррентная оценка качества,3367,0.029936393655773327
Рекуррентная оценка качества,3368,0.029949933309099994
Рекуррентная оценка качества,3369,0.02993896751572166
Рекуррентная оценка качества,3370,0.02994265463937829
Рекуррентная оценка качества,3371,0.02994178672416396
Рекуррентная оценка качества,3372,0.029939042399490856
Рекуррентная оценка качества,3373,0.029940547605900265
Рекуррентная оценка качества,3374,0.029940238760408824
Рекуррентная оценка качества,3375,0.029930660412696992
Рекуррентная оценка качества,3376,0.029929913301958076
Рекуррентная оценка качества,3377,0.029929173887084784
Рекуррентная оценка качества,3378,0.029943470294647473
Рекуррентная оценка качества,3379,0.029963406168424384
Рекуррентная оценка качества,3380,0.02999058069902473
Рекуррентная оценка качества,3381,0.02999098333999459
Рекуррентная оценка качества,3382,0.029989034573123588
Рекуррентная оценка качества,3383,0.029983937349947677
Рекуррентная оценка качества,3384,0.02998504258768503
Рекуррентная оценка качества,3385,0.029985318392012714
Рекуррентная оценка качества,3386,0.02998884207283031
Рекуррентная оценка качества,3387,0.029983865419549657
Рекуррентная оценка качества,3388,0.02998018274494144
Рекуррентная оценка качества,3389,0.029991532342992927
Рекуррентная оценка качества,3390,0.02999571541147381
Рекуррентная оценка качества,3391,0.029982400590027054
Рекуррентная оценка качества,3392,0.02998443195728596
Рекуррентная оценка качества,3393,0.029977498130115538
Рекуррентная оценка качества,3394,0.02996270666267715
Рекуррентная оценка качества,3395,0.02995225336569517
Рекуррентная оценка качества,3396,0.029957065708234084
Рекуррентная оценка качества,3397,0.029957977253665214
Рекуррентная оценка качества,3398,0.02995314949954693
Рекуррентная оценка качества,3399,0.029946117698018367
Рекуррентная оценка качества,3400,0.029944157586673667
Рекуррентная оценка качества,3401,0.029952661630800688
Рекуррентная оценка качества,3402,0.029956602641456883
Рекуррентная оценка качества,3403,0.02995604056343681
Рекуррентная оценка качества,3404,0.02996610396107089
Рекуррентная оценка качества,3405,0.029975318958358
Рекуррентная оценка качества,3406,0.02997304905729181
Рекуррентная оценка качества,3407,0.029979249333114442
Рекуррентная оценка качества,3408,0.02998995592668505
Рекуррентная оценка качества,3409,0.02998712251827227
Рекуррентная оценка качества,3410,0.02998062357904738
Рекуррентная оценка качества,3411,0.02998132990342341
Рекуррентная оценка качества,3412,0.029975591658149146
Рекуррентная оценка качества,3413,0.029976849333159073
Рекуррентная оценка качества,3414,0.029968215246484634
Рекуррентная оценка качества,3415,0.02996178485323919
Рекуррентная оценка качества,3416,0.029960056240719082
Рекуррентная оценка качества,3417,0.029965050452217066
Рекуррентная оценка качества,3418,0.029962843238328377
Рекуррентная оценка качества,3419,0.029962053091023795
Рекуррентная оценка качества,3420,0.029951224664579685
Рекуррентная оценка качества,3421,0.02995595892949849
Рекуррентная оценка качества,3422,0.02995526022982085
Рекуррентная оценка качества,3423,0.02995142331923676
Рекуррентная оценка качества,3424,0.02996104550185092
Рекуррентная оценка качества,3425,0.02995207630220296
Рекуррентная оценка качества,3426,0.02994606069157961
Рекуррентная оценка качества,3427,0.029946659670272692
Рекуррентная оценка качества,3428,0.029952243588922192
Рекуррентная оценка качества,3429,0.02995904056020686
Рекуррентная оценка качества,3430,0.029957162484155246
Рекуррентная оценка качества,3431,0.02994648696737235
Рекуррентная оценка качества,3432,0.029955025098226774
Рекуррентная оценка качества,3433,0.029952293208967966
Рекуррентная оценка качества,3434,0.029943103985839627
Рекуррентная оценка качества,3435,0.029960767582225434
Рекуррентная оценка качества,3436,0.029974382355478592
Рекуррентная оценка качества,3437,0.0299769064757095
Рекуррентная оценка качества,3438,0.02997481722005899
Рекуррентная оценка качества,3439,0.02996558169531696
Рекуррентная оценка качества,3440,0.029969984949416887
Рекуррентная оценка качества,3441,0.029982082122862446
Рекуррентная оценка качества,3442,0.0299794874876931
Рекуррентная оценка качества,3443,0.029980517124338107
Рекуррентная оценка качества,3444,0.029979439109143153
Рекуррентная оценка качества,3445,0.029983904783201693
Рекуррентная оценка качества,3446,0.02997626572940978
Рекуррентная оценка качества,3447,0.0299722922735026
Рекуррентная оценка качества,3448,0.030005082157911624
Рекуррентная оценка качества,3449,0.03000668675295023
Рекуррентная оценка качества,3450,0.030005918724991993
Рекуррентная оценка качества,3451,0.029998671006494622
Рекуррентная оценка качества,3452,0.02999472113400125
Рекуррентная оценка качества,3453,0.029988613332335764
Рекуррентная оценка качества,3454,0.029979294380787714
Рекуррентная оценка качества,3455,0.02997061225868603
Рекуррентная оценка качества,3456,0.0299691618142551
Рекуррентная оценка качества,3457,0.02998117836696313
Рекуррентная оценка качества,3458,0.029976120949494946
Рекуррентная оценка качества,3459,0.02999358233828801
Рекуррентная оценка качества,3460,0.030013546378764727
Рекуррентная оценка качества,3461,0.03000841203111812
Рекуррентная оценка качества,3462,0.030024575946612207
Рекуррентная оценка качества,3463,0.030018182632671166
Рекуррентная оценка качества,3464,0.030020546281755593
Рекуррентная оценка качества,3465,0.030012528478157732
Рекуррентная оценка качества,3466,0.030026802922565498
Рекуррентная оценка качества,3467,0.030007021576741722
Рекуррентная оценка качества,3468,0.029995668062075938
Рекуррентная оценка качества,3469,0.02999468713524421
Рекуррентная оценка качества,3470,0.029988613883018014
Рекуррентная оценка качества,3471,0.029990137008618058
Рекуррентная оценка качества,3472,0.029982188808113694
Рекуррентная оценка качества,3473,0.029986069056738587
Рекуррентная оценка качества,3474,0.029976184190664786
Рекуррентная оценка качества,3475,0.029969913457919377
Рекуррентная оценка качества,3476,0.02996711631922497
Рекуррентная оценка качества,3477,0.029969767287556126
Рекуррентная оценка качества,3478,0.02995492415382601
Рекуррентная оценка качества,3479,0.02994606535786054
Рекуррентная оценка качества,3480,0.029954105878442973
Рекуррентная оценка качества,3481,0.029954879806181767
Рекуррентная оценка качества,3482,0.029945522470785167
Рекуррентная оценка качества,3483,0.029950598016971603
Рекуррентная оценка качества,3484,0.02994306958514316
Рекуррентная оценка качества,3485,0.02993624981451231
Рекуррентная оценка качества,3486,0.029926235867488146
Рекуррентная оценка качества,3487,0.029923079995468633
Рекуррентная оценка качества,3488,0.029921431397039382
Рекуррентная оценка качества,3489,0.02992096937463301
Рекуррентная оценка качества,3490,0.029920116529167148
Рекуррентная оценка качества,3491,0.029918975168052964
Рекуррентная оценка качества,3492,0.029916200625627384
Рекуррентная оценка качества,3493,0.029914468660477526
Рекуррентная оценка качества,3494,0.029910797496437106
Рекуррентная оценка качества,3495,0.029933385667588002
Рекуррентная оценка качества,3496,0.029919764808486727
Рекуррентная оценка качества,3497,0.029915998554895417
Рекуррентная оценка качества,3498,0.029917865124260506
Рекуррентная оценка качества,3499,0.02991081138714106
Рекуррентная оценка качества,3500,0.02989837344361356
Рекуррентная оценка качества,3501,0.029900185490494693
Рекуррентная оценка качества,3502,0.02989737860124093
Рекуррентная оценка качества,3503,0.029897713958371316
Рекуррентная оценка качества,3504,0.02991267996002373
Рекуррентная оценка качества,3505,0.029914035339864135
Рекуррентная оценка качества,3506,0.029925451455788014
Рекуррентная оценка качества,3507,0.029915170639363078
Рекуррентная оценка качества,3508,0.029913974227179584
Рекуррентная оценка качества,3509,0.029916980167065385
Рекуррентная оценка качества,3510,0.029909567022906612
Рекуррентная оценка качества,3511,0.029910657403690147
Рекуррентная оценка качества,3512,0.02990838013112592
Рекуррентная оценка качества,3513,0.02991961379482072
Рекуррентная оценка качества,3514,0.02993040510510266
Рекуррентная оценка качества,3515,0.029927513489279637
Рекуррентная оценка качества,3516,0.029920439145952993
Рекуррентная оценка качества,3517,0.02991729817521653
Рекуррентная оценка качества,3518,0.02991474026361863
Рекуррентная оценка качества,3519,0.029918372792568544
Рекуррентная оценка качества,3520,0.029908755413823596
Рекуррентная оценка качества,3521,0.029904040021248142
Рекуррентная оценка качества,3522,0.029912363460631478
Рекуррентная оценка качества,3523,0.029905684994561515
Рекуррентная оценка качества,3524,0.02990207348199073
Рекуррентная оценка качества,3525,0.029901709234559738
Рекуррентная оценка качества,3526,0.029903495941462136
Рекуррентная оценка качества,3527,0.029904317585070773
Рекуррентная оценка качества,3528,0.029942407640004342
Рекуррентная оценка качества,3529,0.02993010535953842
Рекуррентная оценка качества,3530,0.029943588165859045
Рекуррентная оценка качества,3531,0.029930416377397837
Рекуррентная оценка качества,3532,0.029931099043257584
Рекуррентная оценка качества,3533,0.02993328898092607
Рекуррентная оценка качества,3534,0.02993066049048353
Рекуррентная оценка качества,3535,0.02991641931107764
Рекуррентная оценка качества,3536,0.02991576755567962
Рекуррентная оценка качества,3537,0.029911998454388744
Рекуррентная оценка качества,3538,0.02991076837637532
Рекуррентная оценка качества,3539,0.029899267853702737
Рекуррентная оценка качества,3540,0.029893006703757906
Рекуррентная оценка качества,3541,0.029895488820378992
Рекуррентная оценка качества,3542,0.029886638811547513
Рекуррентная оценка качества,3543,0.029887115325494668
Рекуррентная оценка качества,3544,0.029883646628205484
Рекуррентная оценка качества,3545,0.029884596782076722
Рекуррентная оценка качества,3546,0.029880910671677766
Рекуррентная оценка качества,3547,0.02987419515385743
Рекуррентная оценка качества,3548,0.02987192161451577
Рекуррентная оценка качества,3549,0.029871988183321065
Рекуррентная оценка качества,3550,0.02987838419842529
Рекуррентная оценка качества,3551,0.02988449178199059
Рекуррентная оценка качества,3552,0.02988596265668579
Рекуррентная оценка качества,3553,0.0298787392039037
Рекуррентная оценка качества,3554,0.029871760556849467
Рекуррентная оценка качества,3555,0.029886741157867824
Рекуррентная оценка качества,3556,0.02989392254976878
Рекуррентная оценка качества,3557,0.02989182530811429
Рекуррентная оценка качества,3558,0.029884659994030286
Рекуррентная оценка качества,3559,0.02988135349446822
Рекуррентная оценка качества,3560,0.029877449154091313
Рекуррентная оценка качества,3561,0.029885000950219807
Рекуррентная оценка качества,3562,0.029882272802237566
Рекуррентная оценка качества,3563,0.029895106883967768
Рекуррентная оценка качества,3564,0.029889776512762214
Рекуррентная оценка качества,3565,0.029901059860068666
Рекуррентная оценка качества,3566,0.02989983631044331
Рекуррентная оценка качества,3567,0.029914229408403343
Рекуррентная оценка качества,3568,0.029912119188415236
Рекуррентная оценка качества,3569,0.029900576373823994
Рекуррентная оценка качества,3570,0.02990379942809646
Рекуррентная оценка качества,3571,0.029904253424543285
Рекуррентная оценка качества,3572,0.02992026140979563
Рекуррентная оценка качества,3573,0.029919029200571073
Рекуррентная оценка качества,3574,0.029917091985802162
Рекуррентная оценка качества,3575,0.029912639610697355
Рекуррентная оценка качества,3576,0.029905152492344822
Рекуррентная оценка качества,3577,0.02990058634271025
Рекуррентная оценка качества,3578,0.02989316746332671
Рекуррентная оценка качества,3579,0.02989047851298879
Рекуррентная оценка качества,3580,0.029888478255263168
Рекуррентная оценка качества,3581,0.029885931510131386
Рекуррентная оценка качества,3582,0.02988427283965259
Рекуррентная оценка качества,3583,0.029882201107244627
Рекуррентная оценка качества,3584,0.029881784844899194
Рекуррентная оценка качества,3585,0.029877751018528628
Рекуррентная оценка качества,3586,0.029874964343404534
Рекуррентная оценка качества,3587,0.02987446023253229
Рекуррентная оценка качества,3588,0.0298738629971787
Рекуррентная оценка качества,3589,0.0298689555325399
Рекуррентная оценка качества,3590,0.0298727501486426
Рекуррентная оценка качества,3591,0.02987646771636224
Рекуррентная оценка качества,3592,0.029872812632847606
Рекуррентная оценка качества,3593,0.029881204589016653
Рекуррентная оценка качества,3594,0.029880343526457
Рекуррентная оценка качества,3595,0.02987358855187156
Рекуррентная оценка качества,3596,0.029873464747014477
Рекуррентная оценка качества,3597,0.029864010174290714
Рекуррентная оценка качества,3598,0.029864089189257523
Рекуррентная оценка качества,3599,0.029861859807195548
Рекуррентная оценка качества,3600,0.029858808244406433
Рекуррентная оценка качества,3601,0.02986258642763881
Рекуррентная оценка качества,3602,0.029858163390782885
Рекуррентная оценка качества,3603,0.029857338029326806
Рекуррентная оценка качества,3604,0.02985619761545238
Рекуррентная оценка качества,3605,0.02985348770683787
Рекуррентная оценка качества,3606,0.02985934567032873
Рекуррентная оценка качества,3607,0.029857756530896677
Рекуррентная оценка качества,3608,0.0298487838938891
Рекуррентная оценка качества,3609,0.029847221666530182
Рекуррентная оценка качества,3610,0.029850626270507327
Рекуррентная оценка качества,3611,0.029850926018165816
Рекуррентная оценка качества,3612,0.029851750228567994
Рекуррентная оценка качества,3613,0.029848717493835854
Рекуррентная оценка качества,3614,0.02985894048414101
Рекуррентная оценка качества,3615,0.029866805784791995
Рекуррентная оценка качества,3616,0.029867277991170792
Рекуррентная оценка качества,3617,0.029865026930065132
Рекуррентная оценка качества,3618,0.029863156416465135
Рекуррентная оценка качества,3619,0.02985834628187198
Рекуррентная оценка качества,3620,0.029842970212419686
Рекуррентная оценка качества,3621,0.02984473120700698
Рекуррентная оценка качества,3622,0.0298439565975756
Рекуррентная оценка качества,3623,0.029846010386211465
Рекуррентная оценка качества,3624,0.029845138014292484
Рекуррентная оценка качества,3625,0.029844036223900864
Рекуррентная оценка качества,3626,0.02984079669093971
Рекуррентная оценка качества,3627,0.02983944026208297
Рекуррентная оценка качества,3628,0.02984233288009978
Рекуррентная оценка качества,3629,0.029842230880363318
Рекуррентная оценка качества,3630,0.02983976640178714
Рекуррентная оценка качества,3631,0.029838233096953066
Рекуррентная оценка качества,3632,0.02983570516174911
Рекуррентная оценка качества,3633,0.02983618680230481
Рекуррентная оценка качества,3634,0.029837312967996014
Рекуррентная оценка качества,3635,0.029835856280744935
Рекуррентная оценка качества,3636,0.029836471075780545
Рекуррентная оценка качества,3637,0.029834998629761453
Рекуррентная оценка качества,3638,0.029832355860255927
Рекуррентная оценка качества,3639,0.029834962177305545
Рекуррентная оценка качества,3640,0.02983604880941974
Рекуррентная оценка качества,3641,0.029838066085860294
Рекуррентная оценка качества,3642,0.029842075944690058
Рекуррентная оценка качества,3643,0.02984373869361183
Рекуррентная оценка качества,3644,0.029843759691786653
Рекуррентная оценка качества,3645,0.02984306902547838
Рекуррентная оценка качества,3646,0.029835463224676086
Рекуррентная оценка качества,3647,0.029834529637510078
Рекуррентная оценка качества,3648,0.029832207593846322
Рекуррентная оценка качества,3649,0.029832086813781227
Рекуррентная оценка качества,3650,0.029833374369282302
Рекуррентная оценка качества,3651,0.029839873327188255
Рекуррентная оценка качества,3652,0.02983976357342333
Рекуррентная оценка качества,3653,0.029835798220658467
Рекуррентная оценка качества,3654,0.02983832085240428
Рекуррентная оценка качества,3655,0.029843934203688152
Рекуррентная оценка качества,3656,0.02984148049110904
Рекуррентная оценка качества,3657,0.02984318536266487
Рекуррентная оценка качества,3658,0.02983895742638547
Рекуррентная оценка качества,3659,0.029837282441633826
Рекуррентная оценка качества,3660,0.029835972920329093
Рекуррентная оценка качества,3661,0.02983670739063185
Рекуррентная оценка качества,3662,0.029839594353592885
Рекуррентная оценка качества,3663,0.029842787224300078
Рекуррентная оценка качества,3664,0.029842457556157265
Рекуррентная оценка качества,3665,0.029846606743875487
Рекуррентная оценка качества,3666,0.029847161522293456
Рекуррентная оценка качества,3667,0.029847616043974463
Рекуррентная оценка качества,3668,0.029846740502164952
Рекуррентная оценка качества,3669,0.029846758632416568
Рекуррентная оценка качества,3670,0.029846148033769383
Рекуррентная оценка качества,3671,0.02985141118627585
Рекуррентная оценка качества,3672,0.029851815204634268
Рекуррентная оценка качества,3673,0.029849655700958613
Рекуррентная оценка качества,3674,0.02985048084492109
Рекуррентная оценка качества,3675,0.029860513667349167
Рекуррентная оценка качества,3676,0.02986826626230258
Рекуррентная оценка качества,3677,0.029881248835286922
Рекуррентная оценка качества,3678,0.029882216667323932
Рекуррентная оценка качества,3679,0.029876719970452083
Рекуррентная оценка качества,3680,0.029888387976016048
Рекуррентная оценка качества,3681,0.029888701376659308
Рекуррентная оценка качества,3682,0.02990338522870773
Рекуррентная оценка качества,3683,0.029903545841040817
Рекуррентная оценка качества,3684,0.029890113922013583
Рекуррентная оценка качества,3685,0.029886729968235878
Рекуррентная оценка качества,3686,0.029888761380140287
Рекуррентная оценка качества,3687,0.029889736558387628
Рекуррентная оценка качества,3688,0.029862940071997662
Рекуррентная оценка качества,3689,0.029857957441672762
Рекуррентная оценка качества,3690,0.029862563557130295
Рекуррентная оценка качества,3691,0.029861348869950722
Рекуррентная оценка качества,3692,0.029862945807124494
Рекуррентная оценка качества,3693,0.02986327927793226
Рекуррентная оценка качества,3694,0.02984067355171954
Рекуррентная оценка качества,3695,0.02983151442458644
Рекуррентная оценка качества,3696,0.02983136584076928
Рекуррентная оценка качества,3697,0.029836568580147733
Рекуррентная оценка качества,3698,0.029836678361681933
Рекуррентная оценка качества,3699,0.029823216401889837
Рекуррентная оценка качества,3700,0.029823149818376537
Рекуррентная оценка качества,3701,0.02982305619676908
Рекуррентная оценка качества,3702,0.02982253669664819
Рекуррентная оценка качества,3703,0.02982029993385536
Рекуррентная оценка качества,3704,0.029820261768913316
Рекуррентная оценка качества,3705,0.029820893321688108
Рекуррентная оценка качества,3706,0.029819579512933746
Рекуррентная оценка качества,3707,0.029819588964370005
Рекуррентная оценка качества,3708,0.02981915367882687
Рекуррентная оценка качества,3709,0.029818690156683043
Рекуррентная оценка качества,3710,0.029816202003688105
Рекуррентная оценка качества,3711,0.029815792956780437
Рекуррентная оценка качества,3712,0.029819735294844104
Рекуррентная оценка качества,3713,0.02981908126594011
Рекуррентная оценка качества,3714,0.029825734313422066
Рекуррентная оценка качества,3715,0.0298228683179535
Рекуррентная оценка качества,3716,0.02981756592683335
Рекуррентная оценка качества,3717,0.029815732414486623
Рекуррентная оценка качества,3718,0.029816546216390537
Рекуррентная оценка качества,3719,0.02981747053211959
Рекуррентная оценка качества,3720,0.02981695817345005
Рекуррентная оценка качества,3721,0.029819190200533568
Рекуррентная оценка качества,3722,0.029822849558878158
Рекуррентная оценка качества,3723,0.029826845584744476
Рекуррентная оценка качества,3724,0.02982742016509303
Рекуррентная оценка качества,3725,0.029831968065701115
Рекуррентная оценка качества,3726,0.029834491096405756
Рекуррентная оценка качества,3727,0.029834110558041898
Рекуррентная оценка качества,3728,0.029834019326702883
Рекуррентная оценка качества,3729,0.029834516761077432
Рекуррентная оценка качества,3730,0.02983865291926577
Рекуррентная оценка качества,3731,0.029843631065380773
Рекуррентная оценка качества,3732,0.029849150536507826
Рекуррентная оценка качества,3733,0.029848646115551512
Рекуррентная оценка качества,3734,0.02984861803151536
Рекуррентная оценка качества,3735,0.029848658403311315
Рекуррентная оценка качества,3736,0.029848056589329482
Рекуррентная оценка качества,3737,0.029845016198072193
Рекуррентная оценка качества,3738,0.029842633803542053
Рекуррентная оценка качества,3739,0.02984189840799193
Рекуррентная оценка качества,3740,0.02983620828049675
Рекуррентная оценка качества,3741,0.02984499926625964
Рекуррентная оценка качества,3742,0.029853994097813016
Рекуррентная оценка качества,3743,0.029854563053900447
Рекуррентная оценка качества,3744,0.02984773299015141
Рекуррентная оценка качества,3745,0.029848011445020736
Рекуррентная оценка качества,3746,0.029870944236099622
Рекуррентная оценка качества,3747,0.029867375054067745
Рекуррентная оценка качества,3748,0.02989277988565145
Рекуррентная оценка качества,3749,0.029902604339395962
Рекуррентная оценка качества,3750,0.02990141653419482
Рекуррентная оценка качества,3751,0.029887971733708076
Рекуррентная оценка качества,3752,0.029877383362410373
Рекуррентная оценка качества,3753,0.029878257503431326
Рекуррентная оценка качества,3754,0.029878141252739923
Рекуррентная оценка качества,3755,0.029877649313387634
Рекуррентная оценка качества,3756,0.029878833735224212
Рекуррентная оценка качества,3757,0.029879338828304906
Рекуррентная оценка качества,3758,0.02987765585615312
Рекуррентная оценка качества,3759,0.02987594246520027
Рекуррентная оценка качества,3760,0.02987213389671775
Рекуррентная оценка качества,3761,0.0298726372582582
Рекуррентная оценка качества,3762,0.02987270890398337
Рекуррентная оценка качества,3763,0.0298734179072524
Рекуррентная оценка качества,3764,0.02987380679104163
Рекуррентная оценка качества,3765,0.029874047034902842
Рекуррентная оценка качества,3766,0.029883073387000907
Рекуррентная оценка качества,3767,0.029882267154430566
Рекуррентная оценка качества,3768,0.029874576680489668
Рекуррентная оценка качества,3769,0.029873289783729308
Рекуррентная оценка качества,3770,0.029866802418503993
Рекуррентная оценка качества,3771,0.02986392163837114
Рекуррентная оценка качества,3772,0.02986760559203056
Рекуррентная оценка качества,3773,0.029865900174879688
Рекуррентная оценка качества,3774,0.029875445806560895
Рекуррентная оценка качества,3775,0.029876451175149296
Рекуррентная оценка качества,3776,0.029874195013130735
Рекуррентная оценка качества,3777,0.02990038107665234
Рекуррентная оценка качества,3778,0.02989465003133204
Рекуррентная оценка качества,3779,0.02992359212438892
Рекуррентная оценка качества,3780,0.029935131260482375
Рекуррентная оценка качества,3781,0.029934561306406777
Рекуррентная оценка качества,3782,0.029939144247621716
Рекуррентная оценка качества,3783,0.02994133390512073
Рекуррентная оценка качества,3784,0.029938803817156107
Рекуррентная оценка качества,3785,0.02997171749871779
Рекуррентная оценка качества,3786,0.029974710450635766
Рекуррентная оценка качества,3787,0.029976806844046362
Рекуррентная оценка качества,3788,0.03000367640878363
Рекуррентная оценка качества,3789,0.030004045053758678
Рекуррентная оценка качества,3790,0.030004944035530955
Рекуррентная оценка качества,3791,0.03000929188568593
Рекуррентная оценка качества,3792,0.030011806069996247
Рекуррентная оценка качества,3793,0.030012100683903108
Рекуррентная оценка качества,3794,0.030032676046722103
Рекуррентная оценка качества,3795,0.030021762870591388
Рекуррентная оценка качества,3796,0.030008750191756316
Рекуррентная оценка качества,3797,0.03001248025710622
Рекуррентная оценка качества,3798,0.029970725660836646
Рекуррентная оценка качества,3799,0.029995026423480845
Рекуррентная оценка качества,3800,0.029998177757442183
Рекуррентная оценка качества,3801,0.03000275553979558
Рекуррентная оценка качества,3802,0.029975318047946092
Рекуррентная оценка качества,3803,0.029975809990312362
Рекуррентная оценка качества,3804,0.030003517205406297
Рекуррентная оценка качества,3805,0.03003248620316561
Рекуррентная оценка качества,3806,0.03003774289094709
Рекуррентная оценка качества,3807,0.030050155379634083
Рекуррентная оценка качества,3808,0.030049919875041138
Рекуррентная оценка качества,3809,0.030056067622103094
Рекуррентная оценка качества,3810,0.030035139576920035
Рекуррентная оценка качества,3811,0.030036660824509075
Рекуррентная оценка качества,3812,0.03002026326599695
Рекуррентная оценка качества,3813,0.0300332710249333
Рекуррентная оценка качества,3814,0.03003426924134458
Рекуррентная оценка качества,3815,0.030017280273517525
Рекуррентная оценка качества,3816,0.03002291335432839
Рекуррентная оценка качества,3817,0.03002323778868028
Рекуррентная оценка качества,3818,0.030029780419488776
Рекуррентная оценка качества,3819,0.030034058374210377
Рекуррентная оценка качества,3820,0.030010839543968524
Рекуррентная оценка качества,3821,0.030028937112181818
Рекуррентная оценка качества,3822,0.030019919147600115
Рекуррентная оценка качества,3823,0.030004220108001356
Рекуррентная оценка качества,3824,0.029988445782474282
Рекуррентная оценка качества,3825,0.02998801140136493
Рекуррентная оценка качества,3826,0.02999049216218209
Рекуррентная оценка качества,3827,0.029997488371560327
Рекуррентная оценка качества,3828,0.029983407723887443
Рекуррентная оценка качества,3829,0.02998039996097032
Рекуррентная оценка качества,3830,0.02997605977601676
Рекуррентная оценка качества,3831,0.029977787887863025
Рекуррентная оценка качества,3832,0.029975347394967128
Рекуррентная оценка качества,3833,0.02997746213678802
Рекуррентная оценка качества,3834,0.02997876170834068
Рекуррентная оценка качества,3835,0.02997105631690695
Рекуррентная оценка качества,3836,0.029960110271527708
Рекуррентная оценка качества,3837,0.02996036233697086
Рекуррентная оценка качества,3838,0.029961234875952328
Рекуррентная оценка качества,3839,0.02996225797427906
Рекуррентная оценка качества,3840,0.02996387200748949
Рекуррентная оценка качества,3841,0.02994976594631077
Рекуррентная оценка качества,3842,0.029949321161128126
Рекуррентная оценка качества,3843,0.02994266403109125
Рекуррентная оценка качества,3844,0.029949132830758993
Рекуррентная оценка качества,3845,0.029950854912649958
Рекуррентная оценка качества,3846,0.029952105195276312
Рекуррентная оценка качества,3847,0.029953148985739343
Рекуррентная оценка качества,3848,0.029956082724349783
Рекуррентная оценка качества,3849,0.02995735916142666
Рекуррентная оценка качества,3850,0.029976712133303433
Рекуррентная оценка качества,3851,0.029995233247610574
Рекуррентная оценка качества,3852,0.030000651932224343
Рекуррентная оценка качества,3853,0.030004083000567103
Рекуррентная оценка качества,3854,0.030008132484063737
Рекуррентная оценка качества,3855,0.030008074750283862
Рекуррентная оценка качества,3856,0.030011537074769924
Рекуррентная оценка качества,3857,0.02999982100144349
Рекуррентная оценка качества,3858,0.030003088330138084
Рекуррентная оценка качества,3859,0.02995878740683839
Рекуррентная оценка качества,3860,0.029963627662967337
Рекуррентная оценка качества,3861,0.029966879533978915
Рекуррентная оценка качества,3862,0.029970653102604525
Рекуррентная оценка качества,3863,0.02996650906079809
Рекуррентная оценка качества,3864,0.02996983867165305
Рекуррентная оценка качества,3865,0.029973839420811055
Рекуррентная оценка качества,3866,0.029971537229258407
Рекуррентная оценка качества,3867,0.0299635611779495
Рекуррентная оценка качества,3868,0.029967611198419404
Рекуррентная оценка качества,3869,0.02996757034930716
Рекуррентная оценка качества,3870,0.02997082912370086
Рекуррентная оценка качества,3871,0.02997629857509464
Рекуррентная оценка качества,3872,0.029987704852306278
Рекуррентная оценка качества,3873,0.029987846581638774
Рекуррентная оценка качества,3874,0.029979097740051495
Рекуррентная оценка качества,3875,0.029976742271707123
Рекуррентная оценка качества,3876,0.029980832655320012
Рекуррентная оценка качества,3877,0.029980347943611946
Рекуррентная оценка качества,3878,0.029984828340823666
Рекуррентная оценка качества,3879,0.029969022405388658
Рекуррентная оценка качества,3880,0.02996741548638199
Рекуррентная оценка качества,3881,0.029967717282427874
Рекуррентная оценка качества,3882,0.0299884346634673
Рекуррентная оценка качества,3883,0.02999244714950308
Рекуррентная оценка качества,3884,0.02998335392318682
Рекуррентная оценка качества,3885,0.0299925544322087
Рекуррентная оценка качества,3886,0.029967314322164425
Рекуррентная оценка качества,3887,0.029961112689065244
Рекуррентная оценка качества,3888,0.02996332661205834
Рекуррентная оценка качества,3889,0.02995494659017111
Рекуррентная оценка качества,3890,0.029968769241409444
Рекуррентная оценка качества,3891,0.029945865702371954
Рекуррентная оценка качества,3892,0.029907775772694975
Рекуррентная оценка качества,3893,0.02990788235271774
Рекуррентная оценка качества,3894,0.0298895665413205
Рекуррентная оценка качества,3895,0.029890188392090903
Рекуррентная оценка качества,3896,0.02988310235076971
Рекуррентная оценка качества,3897,0.02991131514418159
Рекуррентная оценка качества,3898,0.02991295415935987
Рекуррентная оценка качества,3899,0.02992715874914607
Рекуррентная оценка качества,3900,0.02989173970969843
Рекуррентная оценка качества,3901,0.0298938751182467
Рекуррентная оценка качества,3902,0.029883871549230976
Рекуррентная оценка качества,3903,0.02988480066845665
Рекуррентная оценка качества,3904,0.029879184045423366
Рекуррентная оценка качества,3905,0.02988245332753277
Рекуррентная оценка качества,3906,0.029882633984886213
Рекуррентная оценка качества,3907,0.02989609848774848
Рекуррентная оценка качества,3908,0.029892445353973736
Рекуррентная оценка качества,3909,0.029892258518862038
Рекуррентная оценка качества,3910,0.029890651458069184
Рекуррентная оценка качества,3911,0.029898160171807135
Рекуррентная оценка качества,3912,0.029896596223389107
Рекуррентная оценка качества,3913,0.029911529176870635
Рекуррентная оценка качества,3914,0.02991852256077134
Рекуррентная оценка качества,3915,0.029919723801648528
Рекуррентная оценка качества,3916,0.02992113125901951
Рекуррентная оценка качества,3917,0.029922783900042594
Рекуррентная оценка качества,3918,0.029926473405255134
Рекуррентная оценка качества,3919,0.029924054625567503
Рекуррентная оценка качества,3920,0.029920411029311634
Рекуррентная оценка качества,3921,0.029924837626165636
Рекуррентная оценка качества,3922,0.02992151862752337
Рекуррентная оценка качества,3923,0.029906154946865486
Рекуррентная оценка качества,3924,0.029884946010127127
Рекуррентная оценка качества,3925,0.029869359687068078
Рекуррентная оценка качества,3926,0.029870913300334107
Рекуррентная оценка качества,3927,0.029873732155712023
Рекуррентная оценка качества,3928,0.029876555190207814
Рекуррентная оценка качества,3929,0.02989211692667478
Рекуррентная оценка качества,3930,0.029878614846124633
Рекуррентная оценка качества,3931,0.029879077400150177
Рекуррентная оценка качества,3932,0.029898432237624194
Рекуррентная оценка качества,3933,0.029901380697436853
Рекуррентная оценка качества,3934,0.029905673325227946
Рекуррентная оценка качества,3935,0.029891288516335015
Рекуррентная оценка качества,3936,0.02989458559816612
Рекуррентная оценка качества,3937,0.029894396625082448
Рекуррентная оценка качества,3938,0.029891138302924912
Рекуррентная оценка качества,3939,0.029891879413709938
Рекуррентная оценка качества,3940,0.029866990698934424
Рекуррентная оценка качества,3941,0.02986931701015061
Рекуррентная оценка качества,3942,0.029873175125283088
Рекуррентная оценка качества,3943,0.029830772917560963
Рекуррентная оценка качества,3944,0.02982799071808918
Рекуррентная оценка качества,3945,0.029837714072725226
Рекуррентная оценка качества,3946,0.029851062793142744
Рекуррентная оценка качества,3947,0.029855204358026164
Рекуррентная оценка качества,3948,0.029879278235630226
Рекуррентная оценка качества,3949,0.029875116252197298
Рекуррентная оценка качества,3950,0.02987440740257552
Рекуррентная оценка качества,3951,0.029868500990007818
Рекуррентная оценка качества,3952,0.029873267984854582
Рекуррентная оценка качества,3953,0.029876087924946334
Рекуррентная оценка качества,3954,0.029870630895024786
Рекуррентная оценка качества,3955,0.02985772990752233
Рекуррентная оценка качества,3956,0.029859157646774683
Рекуррентная оценка качества,3957,0.02986358355835872
Рекуррентная оценка качества,3958,0.029878197624937437
Рекуррентная оценка качества,3959,0.02986429965897373
Рекуррентная оценка качества,3960,0.029864584252756555
Рекуррентная оценка качества,3961,0.02986274790067007
Рекуррентная оценка качества,3962,0.029875121746800442
Рекуррентная оценка качества,3963,0.029850367585921148
Рекуррентная оценка качества,3964,0.029845356001715496
Рекуррентная оценка качества,3965,0.02984488163061063
Рекуррентная оценка качества,3966,0.0298375194798688
Рекуррентная оценка качества,3967,0.02983907523457504
Рекуррентная оценка качества,3968,0.029840001144495545
Рекуррентная оценка качества,3969,0.029840860578194472
Рекуррентная оценка качества,3970,0.02986185811225587
Рекуррентная оценка качества,3971,0.029862844525790692
Рекуррентная оценка качества,3972,0.029834189365596158
Рекуррентная оценка качества,3973,0.029829759416212107
Рекуррентная оценка качества,3974,0.029829232406573307
Рекуррентная оценка качества,3975,0.029831418289235308
Рекуррентная оценка качества,3976,0.02982800714604183
Рекуррентная оценка качества,3977,0.029830241363240983
Рекуррентная оценка качества,3978,0.02983980211232192
Рекуррентная оценка качества,3979,0.02983835503898046
Рекуррентная оценка качества,3980,0.029813841097565484
Рекуррентная оценка качества,3981,0.029814788519625504
Рекуррентная оценка качества,3982,0.029815501725995782
Рекуррентная оценка качества,3983,0.02980927411739393
Рекуррентная оценка качества,3984,0.029816678330026374
Рекуррентная оценка качества,3985,0.02979548792069099
Рекуррентная оценка качества,3986,0.029792988561369565
Рекуррентная оценка качества,3987,0.02980474590528359
Рекуррентная оценка качества,3988,0.029802884817903722
Рекуррентная оценка качества,3989,0.029793162528171265
Рекуррентная оценка качества,3990,0.029790217532850435
Рекуррентная оценка качества,3991,0.029789233834024417
Рекуррентная оценка качества,3992,0.02979365048534523
Рекуррентная оценка качества,3993,0.02979172008505833
Рекуррентная оценка качества,3994,0.02979458062046147
Рекуррентная оценка качества,3995,0.02979607469098914
Рекуррентная оценка качества,3996,0.029790477094271104
Рекуррентная оценка качества,3997,0.029793405452882248
Рекуррентная оценка качества,3998,0.02979370298171953
Рекуррентная оценка качества,3999,0.029784106070931127
Рекуррентная оценка качества,4000,0.029786740033674684
Рекуррентная оценка качества,4001,0.029787980981461657
Рекуррентная оценка качества,4002,0.029785949725687735
Рекуррентная оценка качества,4003,0.029783388162316127
Рекуррентная оценка качества,4004,0.02979043350711626
Рекуррентная оценка качества,4005,0.029788910603627823
Рекуррентная оценка качества,4006,0.029788765271489624
Рекуррентная оценка качества,4007,0.029787543937570438
Рекуррентная оценка качества,4008,0.02978828794105556
Рекуррентная оценка качества,4009,0.029785550824858686
Рекуррентная оценка качества,4010,0.029785569492485783
Рекуррентная оценка качества,4011,0.029785979176070378
Рекуррентная оценка качества,4012,0.02978592355253176
Рекуррентная оценка качества,4013,0.029784054453693493
Рекуррентная оценка качества,4014,0.029781546871853
Рекуррентная оценка качества,4015,0.02978339872903296
Рекуррентная оценка качества,4016,0.029785080547383748
Рекуррентная оценка качества,4017,0.029784670704124334
Рекуррентная оценка качества,4018,0.029784942453983304
Рекуррентная оценка качества,4019,0.029784504985568467
Рекуррентная оценка качества,4020,0.029785759495264783
Рекуррентная оценка качества,4021,0.02978454062102224
Рекуррентная оценка качества,4022,0.02977444151393277
Рекуррентная оценка качества,4023,0.029773656360401655
Рекуррентная оценка качества,4024,0.029759619678051883
Рекуррентная оценка качества,4025,0.02975727232039301
Рекуррентная оценка качества,4026,0.029758024367801134
Рекуррентная оценка качества,4027,0.029755033188301395
Рекуррентная оценка качества,4028,0.029754056240427304
Рекуррентная оценка качества,4029,0.02975376308319114
Рекуррентная оценка качества,4030,0.029754502603917037
Рекуррентная оценка качества,4031,0.029754849778041336
Рекуррентная оценка качества,4032,0.02975464009847028
Рекуррентная оценка качества,4033,0.029752523162341487
Рекуррентная оценка качества,4034,0.02975066464823177
Рекуррентная оценка качества,4035,0.029752071702031337
Рекуррентная оценка качества,4036,0.02975392711806311
Рекуррентная оценка качества,4037,0.029760885267989843
Рекуррентная оценка качества,4038,0.029763803368211064
Рекуррентная оценка качества,4039,0.029765929881172805
Рекуррентная оценка качества,4040,0.029769396936253013
Рекуррентная оценка качества,4041,0.029771020773998024
Рекуррентная оценка качества,4042,0.02977444301534803
Рекуррентная оценка качества,4043,0.029775881385427642
Рекуррентная оценка качества,4044,0.029774382117686824
Рекуррентная оценка качества,4045,0.029773804935995418
Рекуррентная оценка качества,4046,0.029774207980358933
Рекуррентная оценка качества,4047,0.029774448116316635
Рекуррентная оценка качества,4048,0.029769330438195157
Рекуррентная оценка качества,4049,0.029763482505121647
Рекуррентная оценка качества,4050,0.0297638886602835
Рекуррентная оценка качества,4051,0.029754393097045098
Рекуррентная оценка качества,4052,0.029757097813406345
Рекуррентная оценка качества,4053,0.02975755516350574
Рекуррентная оценка качества,4054,0.029757706463050905
Рекуррентная оценка качества,4055,0.02975979338068777
Рекуррентная оценка качества,4056,0.029759639280485868
Рекуррентная оценка качества,4057,0.02976375580289754
Рекуррентная оценка качества,4058,0.02976703206911652
Рекуррентная оценка качества,4059,0.029769691772037657
Рекуррентная оценка качества,4060,0.029769777737743527
Рекуррентная оценка качества,4061,0.029768792367312898
Рекуррентная оценка качества,4062,0.02977469371137818
Рекуррентная оценка качества,4063,0.029776891711171212
Рекуррентная оценка качества,4064,0.029778589848380655
Рекуррентная оценка качества,4065,0.029777784162068166
Рекуррентная оценка качества,4066,0.029775062390055933
Рекуррентная оценка качества,4067,0.029776407195050713
Рекуррентная оценка качества,4068,0.029781912875866495
Рекуррентная оценка качества,4069,0.029782652951527936
Рекуррентная оценка качества,4070,0.02977921109451372
Рекуррентная оценка качества,4071,0.02977903505982239
Рекуррентная оценка качества,4072,0.029779783173738146
Рекуррентная оценка качества,4073,0.029781239786097796
Рекуррентная оценка качества,4074,0.029782311092248527
Рекуррентная оценка качества,4075,0.029790886163657673
Рекуррентная оценка качества,4076,0.0297908689309335
Рекуррентная оценка качества,4077,0.02978694826274309
Рекуррентная оценка качества,4078,0.0297843807256401
Рекуррентная оценка качества,4079,0.029786314616127525
Рекуррентная оценка качества,4080,0.02977886319248647
Рекуррентная оценка качества,4081,0.02977762441194838
Рекуррентная оценка качества,4082,0.029774654525754264
Рекуррентная оценка качества,4083,0.029780498878703664
Рекуррентная оценка качества,4084,0.02977847832418542
Рекуррентная оценка качества,4085,0.029771622728899664
Рекуррентная оценка качества,4086,0.029771387425163054
Рекуррентная оценка качества,4087,0.029768395663482345
Рекуррентная оценка качества,4088,0.029769488530217877
Рекуррентная оценка качества,4089,0.029773479572769847
Рекуррентная оценка качества,4090,0.029776675793619017
Рекуррентная оценка качества,4091,0.029775423139051432
Рекуррентная оценка качества,4092,0.029776145344218692
Рекуррентная оценка качества,4093,0.02977665469990661
Рекуррентная оценка качества,4094,0.02978624480561154
Рекуррентная оценка качества,4095,0.029785467142226286
Рекуррентная оценка качества,4096,0.02978667080920037
Рекуррентная оценка качества,4097,0.02978129921429838
Рекуррентная оценка качества,4098,0.02977577180164918
Рекуррентная оценка качества,4099,0.029778076980866743
Рекуррентная оценка качества,4100,0.029771011812387053
Рекуррентная оценка качества,4101,0.02976993301455268
Рекуррентная оценка качества,4102,0.0297691074350773
Рекуррентная оценка качества,4103,0.029761449604936402
Рекуррентная оценка качества,4104,0.029762056927497938
Рекуррентная оценка качества,4105,0.029761423827600532
Рекуррентная оценка качества,4106,0.02976340856159424
Рекуррентная оценка качества,4107,0.029764190072979164
Рекуррентная оценка качества,4108,0.029770195218419514
Рекуррентная оценка качества,4109,0.029769814763381072
Рекуррентная оценка качества,4110,0.02975944460605018
Рекуррентная оценка качества,4111,0.029757664171285246
Рекуррентная оценка качества,4112,0.029757304590394516
Рекуррентная оценка качества,4113,0.029758682262042063
Рекуррентная оценка качества,4114,0.029758247494101015
Рекуррентная оценка качества,4115,0.029758255193073
Рекуррентная оценка качества,4116,0.029758772779483772
Рекуррентная оценка качества,4117,0.029755163919928315
Рекуррентная оценка качества,4118,0.029756068193062573
Рекуррентная оценка качества,4119,0.029755141923356376
Рекуррентная оценка качества,4120,0.029755168459491343
Рекуррентная оценка качества,4121,0.029758341698133874
Рекуррентная оценка качества,4122,0.02976460194251931
Рекуррентная оценка качества,4123,0.029770355609262767
Рекуррентная оценка качества,4124,0.029769560466861737
Рекуррентная оценка качества,4125,0.029771619165986658
Рекуррентная оценка качества,4126,0.029770022132450908
Рекуррентная оценка качества,4127,0.02977078330838414
Рекуррентная оценка качества,4128,0.029786707119250654
Рекуррентная оценка качества,4129,0.029788135155823948
Рекуррентная оценка качества,4130,0.029779427669729783
Рекуррентная оценка качества,4131,0.029776546745193682
Рекуррентная оценка качества,4132,0.029778568488266533
Рекуррентная оценка качества,4133,0.02977671996141018
Рекуррентная оценка качества,4134,0.029769508434521277
Рекуррентная оценка качества,4135,0.029768985820998295
Рекуррентная оценка качества,4136,0.029769539834344928
Рекуррентная оценка качества,4137,0.02975968627330008
Рекуррентная оценка качества,4138,0.02975613488109639
Рекуррентная оценка качества,4139,0.029755602788570666
Рекуррентная оценка качества,4140,0.029755336857764728
Рекуррентная оценка качества,4141,0.029754650455138944
Рекуррентная оценка качества,4142,0.029752905506654753
Рекуррентная оценка качества,4143,0.029754106085777155
Рекуррентная оценка качества,4144,0.029756859110014508
Рекуррентная оценка качества,4145,0.02976082710135727
Рекуррентная оценка качества,4146,0.029758275119643983
Рекуррентная оценка качества,4147,0.029757747540888127
Рекуррентная оценка качества,4148,0.029756632374809196
Рекуррентная оценка качества,4149,0.02975724924104065
Рекуррентная оценка качества,4150,0.029755941172949482
Рекуррентная оценка качества,4151,0.029759047373826245
Рекуррентная оценка качества,4152,0.029752910279501672
Рекуррентная оценка качества,4153,0.02975240143912253
Рекуррентная оценка качества,4154,0.029744113535682886
Рекуррентная оценка качества,4155,0.02974710995412887
Рекуррентная оценка качества,4156,0.029746803249686916
Рекуррентная оценка качества,4157,0.029752756521155523
Рекуррентная оценка качества,4158,0.029753055588675574
Рекуррентная оценка качества,4159,0.029754069008596437
Рекуррентная оценка качества,4160,0.029755171094262328
Рекуррентная оценка качества,4161,0.029744184922350352
Рекуррентная оценка качества,4162,0.029745934558110435
Рекуррентная оценка качества,4163,0.029754240029510947
Рекуррентная оценка качества,4164,0.02975551887235543
Рекуррентная оценка качества,4165,0.02975271723485376
Рекуррентная оценка качества,4166,0.02975002732734396
Рекуррентная оценка качества,4167,0.029749588841115348
Рекуррентная оценка качества,4168,0.02974754545411744
Рекуррентная оценка качества,4169,0.029747547444861508
Рекуррентная оценка качества,4170,0.029747339519331055
Рекуррентная оценка качества,4171,0.029748393512284352
Рекуррентная оценка качества,4172,0.029747500299636936
Рекуррентная оценка качества,4173,0.029747511963091198
Рекуррентная оценка качества,4174,0.029747218965618213
Рекуррентная оценка качества,4175,0.029748242483534394
Рекуррентная оценка качества,4176,0.029744222069549093
Рекуррентная оценка качества,4177,0.0297450530570806
Рекуррентная оценка качества,4178,0.029744434550834156
Рекуррентная оценка качества,4179,0.02974430019692662
Рекуррентная оценка качества,4180,0.029742657134028877
Рекуррентная оценка качества,4181,0.02973586122256048
Рекуррентная оценка качества,4182,0.029737751167982357
Рекуррентная оценка качества,4183,0.02973456898952184
Рекуррентная оценка качества,4184,0.02973369863693139
Рекуррентная оценка качества,4185,0.029733205769692066
Рекуррентная оценка качества,4186,0.029733497825240335
Рекуррентная оценка качества,4187,0.029732955227285612
Рекуррентная оценка качества,4188,0.029726548259225997
Рекуррентная оценка качества,4189,0.029726955549279812
Рекуррентная оценка качества,4190,0.02973697155884881
Рекуррентная оценка качества,4191,0.02973667697208848
Рекуррентная оценка качества,4192,0.029737426827290497
Рекуррентная оценка качества,4193,0.029738074491420793
Рекуррентная оценка качества,4194,0.02973691108909086
Рекуррентная оценка качества,4195,0.029735436218764757
Рекуррентная оценка качества,4196,0.029735449738917816
Рекуррентная оценка качества,4197,0.029736436719563757
Рекуррентная оценка качества,4198,0.02973514270889993
Рекуррентная оценка качества,4199,0.029733376431641225
Рекуррентная оценка качества,4200,0.029732991317236526
Рекуррентная оценка качества,4201,0.02973395945112966
Рекуррентная оценка качества,4202,0.02973454571400691
Рекуррентная оценка качества,4203,0.02973057765306744
Рекуррентная оценка качества,4204,0.029732706585761288
Рекуррентная оценка качества,4205,0.029731385049034904
Рекуррентная оценка качества,4206,0.029731306347724737
Рекуррентная оценка качества,4207,0.029731497709289578
Рекуррентная оценка качества,4208,0.029731048046129898
Рекуррентная оценка качества,4209,0.02973490482920134
Рекуррентная оценка качества,4210,0.029735104648349258
Рекуррентная оценка качества,4211,0.029732591906362692
Рекуррентная оценка качества,4212,0.029730271271616197
Рекуррентная оценка качества,4213,0.02973691600182263
Рекуррентная оценка качества,4214,0.02973365188708228
Рекуррентная оценка качества,4215,0.029737308864706945
Рекуррентная оценка качества,4216,0.02974140406302566
Рекуррентная оценка качества,4217,0.029745069027355353
Рекуррентная оценка качества,4218,0.02974440006905399
Рекуррентная оценка качества,4219,0.029743766235200964
Рекуррентная оценка качества,4220,0.029744849608421883
Рекуррентная оценка качества,4221,0.02974319473089686
Рекуррентная оценка качества,4222,0.029740459346782634
Рекуррентная оценка качества,4223,0.029741472340700327
Рекуррентная оценка качества,4224,0.029753411235325038
Рекуррентная оценка качества,4225,0.029752842189972435
Рекуррентная оценка качества,4226,0.029752387525053544
Рекуррентная оценка качества,4227,0.02974713549947927
Рекуррентная оценка качества,4228,0.029747633180411293
Рекуррентная оценка качества,4229,0.029745424013807024
Рекуррентная оценка качества,4230,0.029751409515202068
Рекуррентная оценка качества,4231,0.029761894000328585
Рекуррентная оценка качества,4232,0.02975122259169171
Рекуррентная оценка качества,4233,0.029751593371508088
Рекуррентная оценка качества,4234,0.029751158555747555
Рекуррентная оценка качества,4235,0.029749317293696276
Рекуррентная оценка качества,4236,0.02974816640662658
Рекуррентная оценка качества,4237,0.029750023350421057
Рекуррентная оценка качества,4238,0.029749361575945453
Рекуррентная оценка качества,4239,0.029749992167836803
Рекуррентная оценка качества,4240,0.029748870538001272
Рекуррентная оценка качества,4241,0.029745055553661495
Рекуррентная оценка качества,4242,0.029745087898242747
Рекуррентная оценка качества,4243,0.029746979276435822
Рекуррентная оценка качества,4244,0.029752635425928813
Рекуррентная оценка качества,4245,0.029754178097095053
Рекуррентная оценка качества,4246,0.029753024590235905
Рекуррентная оценка качества,4247,0.02975193936973257
Рекуррентная оценка качества,4248,0.02975463560075311
Рекуррентная оценка качества,4249,0.029752463785156173
Рекуррентная оценка качества,4250,0.029750918483942384
Рекуррентная оценка качества,4251,0.029744573513407674
Рекуррентная оценка качества,4252,0.029753356689185828
Рекуррентная оценка качества,4253,0.02975229882924117
Рекуррентная оценка качества,4254,0.029747196778917784
Рекуррентная оценка качества,4255,0.02974780872933397
Рекуррентная оценка качества,4256,0.0297472494794637
Рекуррентная оценка качества,4257,0.029746870274343258
Рекуррентная оценка качества,4258,0.029742287173675618
Рекуррентная оценка качества,4259,0.029742732208980317
Рекуррентная оценка качества,4260,0.02974384574535306
Рекуррентная оценка качества,4261,0.029747593660918305
Рекуррентная оценка качества,4262,0.029748450743917985
Рекуррентная оценка качества,4263,0.029746332394881645
Рекуррентная оценка качества,4264,0.029745559150178225
Рекуррентная оценка качества,4265,0.029739427900623918
Рекуррентная оценка качества,4266,0.029741427854280925
Рекуррентная оценка качества,4267,0.02974265305091838
Рекуррентная оценка качества,4268,0.029741520959980654
Рекуррентная оценка качества,4269,0.02974365036906978
Рекуррентная оценка качества,4270,0.02973846610189243
Рекуррентная оценка качества,4271,0.02973456101509861
Рекуррентная оценка качества,4272,0.0297292177007593
Рекуррентная оценка качества,4273,0.02972894099757011
Рекуррентная оценка качества,4274,0.029730133462456385
Рекуррентная оценка качества,4275,0.02973242119506209
Рекуррентная оценка качества,4276,0.02973152804698902
Рекуррентная оценка качества,4277,0.0297312533211732
Рекуррентная оценка качества,4278,0.0297319180163696
Рекуррентная оценка качества,4279,0.02973600661054114
Рекуррентная оценка качества,4280,0.029750643002810963
Рекуррентная оценка качества,4281,0.029750503379319882
Рекуррентная оценка качества,4282,0.02974792088416748
Рекуррентная оценка качества,4283,0.029747524197601346
Рекуррентная оценка качества,4284,0.02974635254990024
Рекуррентная оценка качества,4285,0.029741250732975098
Рекуррентная оценка качества,4286,0.029740969584793754
Рекуррентная оценка качества,4287,0.029742233136400092
Рекуррентная оценка качества,4288,0.029742614751314733
Рекуррентная оценка качества,4289,0.0297376302121737
Рекуррентная оценка качества,4290,0.029740529290195196
Рекуррентная оценка качества,4291,0.029743337063191936
Рекуррентная оценка качества,4292,0.029743181098920903
Рекуррентная оценка качества,4293,0.029741982965286223
Рекуррентная оценка качества,4294,0.02974143239097034
Рекуррентная оценка качества,4295,0.02974368090911174
Рекуррентная оценка качества,4296,0.029741205583944892
Рекуррентная оценка качества,4297,0.029744343243321585
Рекуррентная оценка качества,4298,0.029745602655963682
Рекуррентная оценка качества,4299,0.02974923095999612
Рекуррентная оценка качества,4300,0.029745946664023273
Рекуррентная оценка качества,4301,0.02974157826408864
Рекуррентная оценка качества,4302,0.029746915506668928
Рекуррентная оценка качества,4303,0.02974730440045728
Рекуррентная оценка качества,4304,0.029751694123236246
Рекуррентная оценка качества,4305,0.029753146119651352
Рекуррентная оценка качества,4306,0.029758036753857072
Рекуррентная оценка качества,4307,0.029768433173331384
Рекуррентная оценка качества,4308,0.029767827944946576
Рекуррентная оценка качества,4309,0.029763120103231757
Рекуррентная оценка качества,4310,0.029761059319060944
Рекуррентная оценка качества,4311,0.029755370760230913
Рекуррентная оценка качества,4312,0.02975116091765857
Рекуррентная оценка качества,4313,0.029746586429984675
Рекуррентная оценка качества,4314,0.02975547849234245
Рекуррентная оценка качества,4315,0.029754895400681936
Рекуррентная оценка качества,4316,0.02974955635491403
Рекуррентная оценка качества,4317,0.02974887632952171
Рекуррентная оценка качества,4318,0.029758411102635596
Рекуррентная оценка качества,4319,0.029759171545044528
Рекуррентная оценка качества,4320,0.029759993622197257
Рекуррентная оценка качества,4321,0.029758952397539878
Рекуррентная оценка качества,4322,0.029764296494383242
Рекуррентная оценка качества,4323,0.02976413674944414
Рекуррентная оценка качества,4324,0.029764820277400787
Рекуррентная оценка качества,4325,0.029765680245839955
Рекуррентная оценка качества,4326,0.029769772796946592
Рекуррентная оценка качества,4327,0.029769878677147664
Рекуррентная оценка качества,4328,0.02978094946162665
Рекуррентная оценка качества,4329,0.029794663212333174
Рекуррентная оценка качества,4330,0.029786358047442
Рекуррентная оценка качества,4331,0.029784945317808172
Рекуррентная оценка качества,4332,0.02978004295020211
Рекуррентная оценка качества,4333,0.029783288289475143
Рекуррентная оценка качества,4334,0.029778267359585286
Рекуррентная оценка качества,4335,0.02978196742250538
Рекуррентная оценка качества,4336,0.029776353078470104
Рекуррентная оценка качества,4337,0.02977381655711889
Рекуррентная оценка качества,4338,0.029769054412121795
Рекуррентная оценка качества,4339,0.02976791826482666
Рекуррентная оценка качества,4340,0.029758253989153233
Рекуррентная оценка качества,4341,0.029759552151785464
Рекуррентная оценка качества,4342,0.02976276504145087
Рекуррентная оценка качества,4343,0.029769903031751112
Рекуррентная оценка качества,4344,0.02976281834886964
Рекуррентная оценка качества,4345,0.029769697111607176
Рекуррентная оценка качества,4346,0.029776849116234128
Рекуррентная оценка качества,4347,0.029762513282725993
Рекуррентная оценка качества,4348,0.029780427872507686
Рекуррентная оценка качества,4349,0.02977916360046537
Рекуррентная оценка качества,4350,0.02977569709312742
Рекуррентная оценка качества,4351,0.02976743725133228
Рекуррентная оценка качества,4352,0.02978372454356934
Рекуррентная оценка качества,4353,0.029775640539919497
Рекуррентная оценка качества,4354,0.029774347974068836
Рекуррентная оценка качества,4355,0.02977408869428562
Рекуррентная оценка качества,4356,0.02976499760833746
Рекуррентная оценка качества,4357,0.02976232611503356
Рекуррентная оценка качества,4358,0.029755145355931968
Рекуррентная оценка качества,4359,0.029749942023002674
Рекуррентная оценка качества,4360,0.0297586447133381
Рекуррентная оценка качества,4361,0.029750470484211283
Рекуррентная оценка качества,4362,0.029746515590329172
Рекуррентная оценка качества,4363,0.029757127274590966
Рекуррентная оценка качества,4364,0.029751672532830307
Рекуррентная оценка качества,4365,0.029749954072564196
Рекуррентная оценка качества,4366,0.02975655828916614
Рекуррентная оценка качества,4367,0.029751671364370662
Рекуррентная оценка качества,4368,0.02974878984541216
Рекуррентная оценка качества,4369,0.029763133449426087
Рекуррентная оценка качества,4370,0.029761204593244647
Рекуррентная оценка качества,4371,0.029754347464496348
Рекуррентная оценка качества,4372,0.029751832406721076
Рекуррентная оценка качества,4373,0.029750212875772418
Рекуррентная оценка качества,4374,0.02974507068882966
Рекуррентная оценка качества,4375,0.029741520379314126
Рекуррентная оценка качества,4376,0.029744143290231426
Рекуррентная оценка качества,4377,0.029743518157671206
Рекуррентная оценка качества,4378,0.029741780011376867
Рекуррентная оценка качества,4379,0.029738066466594406
Рекуррентная оценка качества,4380,0.029741115554508906
Рекуррентная оценка качества,4381,0.02974824167090854
Рекуррентная оценка качества,4382,0.02974764688930197
Рекуррентная оценка качества,4383,0.02974576075470723
Рекуррентная оценка качества,4384,0.02974172752106512
Рекуррентная оценка качества,4385,0.02975047039782435
Рекуррентная оценка качества,4386,0.029747866405876414
Рекуррентная оценка качества,4387,0.029746998775073433
Рекуррентная оценка качества,4388,0.029749755793343078
Рекуррентная оценка качества,4389,0.029742401042018973
Рекуррентная оценка качества,4390,0.02973767100805279
Рекуррентная оценка качества,4391,0.02973484013774241
Рекуррентная оценка качества,4392,0.02973607018297406
Рекуррентная оценка качества,4393,0.029741503138595447
Рекуррентная оценка качества,4394,0.029739899561023624
Рекуррентная оценка качества,4395,0.02973780958064744
Рекуррентная оценка качества,4396,0.029735994800192997
Рекуррентная оценка качества,4397,0.029737967387447575
Рекуррентная оценка качества,4398,0.029731947322317476
Рекуррентная оценка качества,4399,0.02973242451048854
Рекуррентная оценка качества,4400,0.029725935649343848
Рекуррентная оценка качества,4401,0.0297181726868811
Рекуррентная оценка качества,4402,0.029726925971159
Рекуррентная оценка качества,4403,0.02972831177769607
Рекуррентная оценка качества,4404,0.02972716411520851
Рекуррентная оценка качества,4405,0.0297265378941403
Рекуррентная оценка качества,4406,0.029722852635108255
Рекуррентная оценка качества,4407,0.0297177283616073
Рекуррентная оценка качества,4408,0.02971689689803193
Рекуррентная оценка качества,4409,0.029716422914480393
Рекуррентная оценка качества,4410,0.029705827922379056
Рекуррентная оценка качества,4411,0.029713628438425913
Рекуррентная оценка качества,4412,0.029708429253036732
Рекуррентная оценка качества,4413,0.02970997014662785
Рекуррентная оценка качества,4414,0.029711492214972865
Рекуррентная оценка качества,4415,0.029711576859673183
Рекуррентная оценка качества,4416,0.02971087776768564
Рекуррентная оценка качества,4417,0.02971000790757456
Рекуррентная оценка качества,4418,0.029709775586286652
Рекуррентная оценка качества,4419,0.02970504799975845
Рекуррентная оценка качества,4420,0.029717733758323147
Рекуррентная оценка качества,4421,0.02971488999578415
Рекуррентная оценка качества,4422,0.029711387090993295
Рекуррентная оценка качества,4423,0.029704341928432798
Рекуррентная оценка качества,4424,0.029704748286456497
Рекуррентная оценка качества,4425,0.02970824527083152
Рекуррентная оценка качества,4426,0.02971622229507352
Рекуррентная оценка качества,4427,0.029710352843597892
Рекуррентная оценка качества,4428,0.029710245801949618
Рекуррентная оценка качества,4429,0.02972076744340086
Рекуррентная оценка качества,4430,0.029713528161637023
Рекуррентная оценка качества,4431,0.02971270856911599
Рекуррентная оценка качества,4432,0.02970452542719546
Рекуррентная оценка качества,4433,0.02970283447595034
Рекуррентная оценка качества,4434,0.02970955058667335
Рекуррентная оценка качества,4435,0.029712221079941276
Рекуррентная оценка качества,4436,0.029715934919820455
Рекуррентная оценка качества,4437,0.029709487000632737
Рекуррентная оценка качества,4438,0.029712842883951956
Рекуррентная оценка качества,4439,0.029717549091892236
Рекуррентная оценка качества,4440,0.029721910541610292
Рекуррентная оценка качества,4441,0.02974014248958739
Рекуррентная оценка качества,4442,0.029748069534897774
Рекуррентная оценка качества,4443,0.029752845741242484
Рекуррентная оценка качества,4444,0.029744389839147983
Рекуррентная оценка качества,4445,0.029737316640337186
Рекуррентная оценка качества,4446,0.02973257217266566
Рекуррентная оценка качества,4447,0.02973028518774192
Рекуррентная оценка качества,4448,0.02972031774764377
Рекуррентная оценка качества,4449,0.02971456293605085
Рекуррентная оценка качества,4450,0.029712632963973962
Рекуррентная оценка качества,4451,0.029704649654220327
Рекуррентная оценка качества,4452,0.02970283263811883
Рекуррентная оценка качества,4453,0.029701081988939573
Рекуррентная оценка качества,4454,0.02971992560866732
Рекуррентная оценка качества,4455,0.0297181345044684
Рекуррентная оценка качества,4456,0.0297166311448904
Рекуррентная оценка качества,4457,0.029707951853766932
Рекуррентная оценка качества,4458,0.029705374839519523
Рекуррентная оценка качества,4459,0.02970495629131513
Рекуррентная оценка качества,4460,0.029696547545898386
Рекуррентная оценка качества,4461,0.029694526288852913
Рекуррентная оценка качества,4462,0.029686407064186477
Рекуррентная оценка качества,4463,0.029685950303690565
Рекуррентная оценка качества,4464,0.02968441076261187
Рекуррентная оценка качества,4465,0.029686222802517946
Рекуррентная оценка качества,4466,0.02968378044596533
Рекуррентная оценка качества,4467,0.029681665670212475
Рекуррентная оценка качества,4468,0.029678169725723562
Рекуррентная оценка качества,4469,0.0296753702282678
Рекуррентная оценка качества,4470,0.029674699406655528
Рекуррентная оценка качества,4471,0.029674981771688043
Рекуррентная оценка качества,4472,0.029674573696128526
Рекуррентная оценка качества,4473,0.029678222760340524
Рекуррентная оценка качества,4474,0.029679003128956397
Рекуррентная оценка качества,4475,0.029678576528025167
Рекуррентная оценка качества,4476,0.029677454342047688
Рекуррентная оценка качества,4477,0.02967398589343978
Рекуррентная оценка качества,4478,0.029678209874356775
Рекуррентная оценка качества,4479,0.029677306679551586
Рекуррентная оценка качества,4480,0.029674554386327625
Рекуррентная оценка качества,4481,0.0296738131744154
Рекуррентная оценка качества,4482,0.029678213356603703
Рекуррентная оценка качества,4483,0.02967836408741681
Рекуррентная оценка качества,4484,0.029678416835217585
Рекуррентная оценка качества,4485,0.029680316893566046
Рекуррентная оценка качества,4486,0.02968851018030604
Рекуррентная оценка качества,4487,0.02968781207892446
Рекуррентная оценка качества,4488,0.02969394708197668
Рекуррентная оценка качества,4489,0.029699178898521496
Рекуррентная оценка качества,4490,0.029694604037593685
Рекуррентная оценка качества,4491,0.029691809683497748
Рекуррентная оценка качества,4492,0.029687615587774503
Рекуррентная оценка качества,4493,0.02968758535440513
Рекуррентная оценка качества,4494,0.029687658588975135
Рекуррентная оценка качества,4495,0.029691767483465432
Рекуррентная оценка качества,4496,0.02969208854570326
Рекуррентная оценка качества,4497,0.029700012672387286
Рекуррентная оценка качества,4498,0.029706203675754512
Рекуррентная оценка качества,4499,0.029707121911478642
Рекуррентная оценка качества,4500,0.029698549351256136
Рекуррентная оценка качества,4501,0.029698293469207774
Рекуррентная оценка качества,4502,0.029714893199218974
Рекуррентная оценка качества,4503,0.02971014850922176
Рекуррентная оценка качества,4504,0.029709321099323675
Рекуррентная оценка качества,4505,0.02970909101446152
Рекуррентная оценка качества,4506,0.029706235359627825
Рекуррентная оценка качества,4507,0.029706242197519963
Рекуррентная оценка качества,4508,0.029705016195093473
Рекуррентная оценка качества,4509,0.029705165380145514
Рекуррентная оценка качества,4510,0.02970230076596826
Рекуррентная оценка качества,4511,0.029704335936538793
Рекуррентная оценка качества,4512,0.029702357492190083
Рекуррентная оценка качества,4513,0.02970269080724347
Рекуррентная оценка качества,4514,0.02971344633941081
Рекуррентная оценка качества,4515,0.029709825804632696
Рекуррентная оценка качества,4516,0.029704246251041642
Рекуррентная оценка качества,4517,0.02970614267048925
Рекуррентная оценка качества,4518,0.02970333328879215
Рекуррентная оценка качества,4519,0.02970299865042665
Рекуррентная оценка качества,4520,0.02970366630745611
Рекуррентная оценка качества,4521,0.02970678654774887
Рекуррентная оценка качества,4522,0.029701157497509203
Рекуррентная оценка качества,4523,0.029695308983610728
Рекуррентная оценка качества,4524,0.02969996228205325
Рекуррентная оценка качества,4525,0.029698924133663866
Рекуррентная оценка качества,4526,0.029699482701491753
Рекуррентная оценка качества,4527,0.029698855598897934
Рекуррентная оценка качества,4528,0.029700324806925332
Рекуррентная оценка качества,4529,0.029699678261840647
Рекуррентная оценка качества,4530,0.029689494190685433
Рекуррентная оценка качества,4531,0.02969205668868795
Рекуррентная оценка качества,4532,0.02969408676060904
Рекуррентная оценка качества,4533,0.029694321651685125
Рекуррентная оценка качества,4534,0.02970100586542355
Рекуррентная оценка качества,4535,0.029705398304181965
Рекуррентная оценка качества,4536,0.029705380986881257
Рекуррентная оценка качества,4537,0.029705610258082125
Рекуррентная оценка качества,4538,0.029703173348695624
Рекуррентная оценка качества,4539,0.02969922640676887
Рекуррентная оценка качества,4540,0.029699012453477468
Рекуррентная оценка качества,4541,0.02970547941107186
Рекуррентная оценка качества,4542,0.02970562044659803
Рекуррентная оценка качества,4543,0.029694857393414875
Рекуррентная оценка качества,4544,0.02969482072476056
Рекуррентная оценка качества,4545,0.029700109779266546
Рекуррентная оценка качества,4546,0.029697483953096824
Рекуррентная оценка качества,4547,0.02970224098758208
Рекуррентная оценка качества,4548,0.029702467342574757
Рекуррентная оценка качества,4549,0.029702546903881556
Рекуррентная оценка качества,4550,0.02970302449740097
Рекуррентная оценка качества,4551,0.02970588417816848
Рекуррентная оценка качества,4552,0.029704568810890345
Рекуррентная оценка качества,4553,0.02970414331406123
Рекуррентная оценка качества,4554,0.029705293607165912
Рекуррентная оценка качества,4555,0.029705278143836358
Рекуррентная оценка качества,4556,0.029704873723622745
Рекуррентная оценка качества,4557,0.029704858618604075
Рекуррентная оценка качества,4558,0.02970713493559656
Рекуррентная оценка качества,4559,0.02971405606802771
Рекуррентная оценка качества,4560,0.029714644914814976
Рекуррентная оценка качества,4561,0.02971541595286757
Рекуррентная оценка качества,4562,0.029716792138191745
Рекуррентная оценка качества,4563,0.029721968999924686
Рекуррентная оценка качества,4564,0.029718373894857687
Рекуррентная оценка качества,4565,0.029715557427644444
Рекуррентная оценка качества,4566,0.02971037448800477
Рекуррентная оценка качества,4567,0.029710513371853722
Рекуррентная оценка качества,4568,0.029710686400949406
Рекуррентная оценка качества,4569,0.029719166392614776
Рекуррентная оценка качества,4570,0.0297188218034371
Рекуррентная оценка качества,4571,0.02971931630142063
Рекуррентная оценка качества,4572,0.0297192812809098
Рекуррентная оценка качества,4573,0.02971927724839387
Рекуррентная оценка качества,4574,0.029712023815132386
Рекуррентная оценка качества,4575,0.029710682993004767
Рекуррентная оценка качества,4576,0.029707269052471952
Рекуррентная оценка качества,4577,0.029708044343893177
Рекуррентная оценка качества,4578,0.029708608242652472
Рекуррентная оценка качества,4579,0.029709672242956477
Рекуррентная оценка качества,4580,0.029708211409626047
Рекуррентная оценка качества,4581,0.029705451802245056
Рекуррентная оценка качества,4582,0.02970543211654719
Рекуррентная оценка качества,4583,0.029705366426457006
Рекуррентная оценка качества,4584,0.029706397407561876
Рекуррентная оценка качества,4585,0.029704281597955927
Рекуррентная оценка качества,4586,0.029702262323598305
Рекуррентная оценка качества,4587,0.029698590131132168
Рекуррентная оценка качества,4588,0.02970305228307119
Рекуррентная оценка качества,4589,0.029700801662811676
Рекуррентная оценка качества,4590,0.0297025477699636
Рекуррентная оценка качества,4591,0.029696470762372897
Рекуррентная оценка качества,4592,0.029695981355864542
Рекуррентная оценка качества,4593,0.029698032310182264
Рекуррентная оценка качества,4594,0.029697318084012877
Рекуррентная оценка качества,4595,0.029695203846672836
Рекуррентная оценка качества,4596,0.029695082009146456
Рекуррентная оценка качества,4597,0.029711632545262885
Рекуррентная оценка качества,4598,0.029711254488871713
Рекуррентная оценка качества,4599,0.029708024926103197
Рекуррентная оценка качества,4600,0.029709718578687802
Рекуррентная оценка качества,4601,0.029701032908127513
Рекуррентная оценка качества,4602,0.02970104907073926
Рекуррентная оценка качества,4603,0.02970103942145697
Рекуррентная оценка качества,4604,0.029700807349521748
Рекуррентная оценка качества,4605,0.029697293697011358
Рекуррентная оценка качества,4606,0.02969699580329021
Рекуррентная оценка качества,4607,0.029696633571919817
Рекуррентная оценка качества,4608,0.02969459212202866
Рекуррентная оценка качества,4609,0.029693262924468056
Рекуррентная оценка качества,4610,0.029689700261226342
Рекуррентная оценка качества,4611,0.029689980370155307
Рекуррентная оценка качества,4612,0.029681658555627696
Рекуррентная оценка качества,4613,0.02968151526722741
Рекуррентная оценка качества,4614,0.029682317234916083
Рекуррентная оценка качества,4615,0.029682702026654646
Рекуррентная оценка качества,4616,0.02968585110519691
Рекуррентная оценка качества,4617,0.029684987441752
Рекуррентная оценка качества,4618,0.02969009969263513
Рекуррентная оценка качества,4619,0.029694790006025883
Рекуррентная оценка качества,4620,0.029694990770386235
Рекуррентная оценка качества,4621,0.029693116592052354
Рекуррентная оценка качества,4622,0.029692935142755485
Рекуррентная оценка качества,4623,0.02969283264262315
Рекуррентная оценка качества,4624,0.029692164623465595
Рекуррентная оценка качества,4625,0.029688998673208965
Рекуррентная оценка качества,4626,0.029699189936251445
Рекуррентная оценка качества,4627,0.029698737504029682
Рекуррентная оценка качества,4628,0.0296987935938416
Рекуррентная оценка качества,4629,0.029686582230860063
Рекуррентная оценка качества,4630,0.02968806287052457
Рекуррентная оценка качества,4631,0.029686568311543413
Рекуррентная оценка качества,4632,0.029683591006748573
Рекуррентная оценка качества,4633,0.029685901705346806
Рекуррентная оценка качества,4634,0.029686431592219915
Рекуррентная оценка качества,4635,0.029684509835941945
Рекуррентная оценка качества,4636,0.02968078080792978
Рекуррентная оценка качества,4637,0.029681989355078642
Рекуррентная оценка качества,4638,0.029681675449734216
Рекуррентная оценка качества,4639,0.029683546797269263
Рекуррентная оценка качества,4640,0.02968389237463896
Рекуррентная оценка качества,4641,0.02968824128337319
Рекуррентная оценка качества,4642,0.02969129412680755
Рекуррентная оценка качества,4643,0.029690332301286537
Рекуррентная оценка качества,4644,0.029690205761830603
Рекуррентная оценка качества,4645,0.029691807563597447
Рекуррентная оценка качества,4646,0.029683420889018017
Рекуррентная оценка качества,4647,0.029689833977767317
Рекуррентная оценка качества,4648,0.029689076525444714
Рекуррентная оценка качества,4649,0.02968881879255031
Рекуррентная оценка качества,4650,0.029688957677954157
Рекуррентная оценка качества,4651,0.029679979481444338
Рекуррентная оценка качества,4652,0.029693640257136694
Рекуррентная оценка качества,4653,0.02969618919119923
Рекуррентная оценка качества,4654,0.02969649916376669
Рекуррентная оценка качества,4655,0.029696810180698044
Рекуррентная оценка качества,4656,0.02969693005884724
Рекуррентная оценка качества,4657,0.02969652200858079
Рекуррентная оценка качества,4658,0.02970181763431553
Рекуррентная оценка качества,4659,0.029699347916708627
Рекуррентная оценка качества,4660,0.02971221510969114
Рекуррентная оценка качества,4661,0.02971125818828138
Рекуррентная оценка качества,4662,0.029710008674635947
Рекуррентная оценка качества,4663,0.029711185359826305
Рекуррентная оценка качества,4664,0.029711736783273435
Рекуррентная оценка качества,4665,0.02971164897658857
Рекуррентная оценка качества,4666,0.029712724694698486
Рекуррентная оценка качества,4667,0.029723053196398525
Рекуррентная оценка качества,4668,0.029727462528146686
Рекуррентная оценка качества,4669,0.02972289675831086
Рекуррентная оценка качества,4670,0.029724390734538066
Рекуррентная оценка качества,4671,0.02972640450004647
Рекуррентная оценка качества,4672,0.02972413493054836
Рекуррентная оценка качества,4673,0.029717883821010364
Рекуррентная оценка качества,4674,0.029719708608751595
Рекуррентная оценка качества,4675,0.02971843463648405
Рекуррентная оценка качества,4676,0.02973619640401395
Рекуррентная оценка качества,4677,0.029730577334957906
Рекуррентная оценка качества,4678,0.029719398659572967
Рекуррентная оценка качества,4679,0.029717890867256517
Рекуррентная оценка качества,4680,0.029715873183521892
Рекуррентная оценка качества,4681,0.02969922453118028
Рекуррентная оценка качества,4682,0.029699529414055317
Рекуррентная оценка качества,4683,0.029699347320700724
Рекуррентная оценка качества,4684,0.029698985146495206
Рекуррентная оценка качества,4685,0.02969882356301854
Рекуррентная оценка качества,4686,0.029698850972177775
Рекуррентная оценка качества,4687,0.029697531379787236
Рекуррентная оценка качества,4688,0.029687825661892528
Рекуррентная оценка качества,4689,0.029693303041737094
Рекуррентная оценка качества,4690,0.029691429877682474
Рекуррентная оценка качества,4691,0.029692837048274877
Рекуррентная оценка качества,4692,0.02969340425195668
Рекуррентная оценка качества,4693,0.029696517304802994
Рекуррентная оценка качества,4694,0.029702493095431437
Рекуррентная оценка качества,4695,0.029703882682085188
Рекуррентная оценка качества,4696,0.02970571489880199
Рекуррентная оценка качества,4697,0.0296984326604874
Рекуррентная оценка качества,4698,0.029697723631488017
Рекуррентная оценка качества,4699,0.029701231415538855
Рекуррентная оценка качества,4700,0.029703951878610784
Рекуррентная оценка качества,4701,0.029705739364983958
Рекуррентная оценка качества,4702,0.029706146406830267
Рекуррентная оценка качества,4703,0.029707589507870055
Рекуррентная оценка качества,4704,0.02969856042676362
Рекуррентная оценка качества,4705,0.029695442440202047
Рекуррентная оценка качества,4706,0.02968807620341333
Рекуррентная оценка качества,4707,0.0296886813703724
Рекуррентная оценка качества,4708,0.02968737664115467
Рекуррентная оценка качества,4709,0.029687594943230648
Рекуррентная оценка качества,4710,0.029689796253760583
Рекуррентная оценка качества,4711,0.02969248956121885
Рекуррентная оценка качества,4712,0.02969107089856389
Рекуррентная оценка качества,4713,0.02969095575590391
Рекуррентная оценка качества,4714,0.02968947682376681
Рекуррентная оценка качества,4715,0.029677613870977355
Рекуррентная оценка качества,4716,0.02967722462636367
Рекуррентная оценка качества,4717,0.029677285266752815
Рекуррентная оценка качества,4718,0.029676415720813726
Рекуррентная оценка качества,4719,0.029676840495406254
Рекуррентная оценка качества,4720,0.029675870335215272
Рекуррентная оценка качества,4721,0.029676090731604977
Рекуррентная оценка качества,4722,0.02967555467543863
Рекуррентная оценка качества,4723,0.02967903143110967
Рекуррентная оценка качества,4724,0.029679362851536738
Рекуррентная оценка качества,4725,0.029679444688467057
Рекуррентная оценка качества,4726,0.029678532127283122
Рекуррентная оценка качества,4727,0.029683888992695733
Рекуррентная оценка качества,4728,0.029680633424375824
Рекуррентная оценка качества,4729,0.029678790371505944
Рекуррентная оценка качества,4730,0.029678007632460115
Рекуррентная оценка качества,4731,0.029675627570660137
Рекуррентная оценка качества,4732,0.02968673049050021
Рекуррентная оценка качества,4733,0.029682110577430292
Рекуррентная оценка качества,4734,0.02968136827372562
Рекуррентная оценка качества,4735,0.029678935166700816
Рекуррентная оценка качества,4736,0.029678963432775596
Рекуррентная оценка качества,4737,0.029679747343350146
Рекуррентная оценка качества,4738,0.029679919267824324
Рекуррентная оценка качества,4739,0.029677712644039813
Рекуррентная оценка качества,4740,0.02967580589595008
Рекуррентная оценка качества,4741,0.029676257060147843
Рекуррентная оценка качества,4742,0.02967600701725239
Рекуррентная оценка качества,4743,0.029675356854917085
Рекуррентная оценка качества,4744,0.029674195340777504
Рекуррентная оценка качества,4745,0.029674197453920893
Рекуррентная оценка качества,4746,0.02967532478838565
Рекуррентная оценка качества,4747,0.029676222333920466
Рекуррентная оценка качества,4748,0.029678830553358227
Рекуррентная оценка качества,4749,0.029678480380354266
Рекуррентная оценка качества,4750,0.029678732573587063
Рекуррентная оценка качества,4751,0.029678134072324558
Рекуррентная оценка качества,4752,0.029678847677822105
Рекуррентная оценка качества,4753,0.029674225534977436
Рекуррентная оценка качества,4754,0.029678144959338737
Рекуррентная оценка качества,4755,0.02967862434580112
Рекуррентная оценка качества,4756,0.029677483691506894
Рекуррентная оценка качества,4757,0.02967641444433331
Рекуррентная оценка качества,4758,0.02967641896812368
Рекуррентная оценка качества,4759,0.029676335961687374
Рекуррентная оценка качества,4760,0.02966993266982023
Рекуррентная оценка качества,4761,0.02967040158605127
Рекуррентная оценка качества,4762,0.02967177083542822
Рекуррентная оценка качества,4763,0.02967450785247348
Рекуррентная оценка качества,4764,0.029673780731071672
Рекуррентная оценка качества,4765,0.029672022148244607
Рекуррентная оценка качества,4766,0.029675781288210374
Рекуррентная оценка качества,4767,0.02967549179486501
Рекуррентная оценка качества,4768,0.02967283655716866
Рекуррентная оценка качества,4769,0.029675467040649297
Рекуррентная оценка качества,4770,0.029679643594327346
Рекуррентная оценка качества,4771,0.02967760367747041
Рекуррентная оценка качества,4772,0.029681368482437256
Рекуррентная оценка качества,4773,0.029680036560265598
Рекуррентная оценка качества,4774,0.02967691747560482
Рекуррентная оценка качества,4775,0.029674491259954056
Рекуррентная оценка качества,4776,0.02967419853329468
Рекуррентная оценка качества,4777,0.029669259363464966
Рекуррентная оценка качества,4778,0.029667412175404122
Рекуррентная оценка качества,4779,0.02966743049271031
Рекуррентная оценка качества,4780,0.02966661096825928
Рекуррентная оценка качества,4781,0.029663831251314964
Рекуррентная оценка качества,4782,0.02966848360820891
Рекуррентная оценка качества,4783,0.029666182481712763
Рекуррентная оценка качества,4784,0.029665484835485787
Рекуррентная оценка качества,4785,0.029674083760945606
Рекуррентная оценка качества,4786,0.02967472861766885
Рекуррентная оценка качества,4787,0.029677830279646985
Рекуррентная оценка качества,4788,0.029677321130253134
Рекуррентная оценка качества,4789,0.029678847206219706
Рекуррентная оценка качества,4790,0.02967296002222679
Рекуррентная оценка качества,4791,0.02966724043144139
Рекуррентная оценка качества,4792,0.029667994229997642
Рекуррентная оценка качества,4793,0.029668077341642528
Рекуррентная оценка качества,4794,0.02966527966616227
Рекуррентная оценка качества,4795,0.02966682015156084
Рекуррентная оценка качества,4796,0.029661779903928404
Рекуррентная оценка качества,4797,0.02966192001459658
Рекуррентная оценка качества,4798,0.02966242261306777
Рекуррентная оценка качества,4799,0.029667323393828805
Рекуррентная оценка качества,4800,0.029671929604291103
Рекуррентная оценка качества,4801,0.029671193078625428
Рекуррентная оценка качества,4802,0.02966487849116668
Рекуррентная оценка качества,4803,0.029664805033510294
Рекуррентная оценка качества,4804,0.02966395922844095
Рекуррентная оценка качества,4805,0.029665621666799098
Рекуррентная оценка качества,4806,0.029662162111753126
Рекуррентная оценка качества,4807,0.02966569018706292
Рекуррентная оценка качества,4808,0.029667634229743233
Рекуррентная оценка качества,4809,0.029676646610380927
Рекуррентная оценка качества,4810,0.02967039271636538
Рекуррентная оценка качества,4811,0.029671268411667066
Рекуррентная оценка качества,4812,0.02967282820012088
Рекуррентная оценка качества,4813,0.029672069524094187
Рекуррентная оценка качества,4814,0.02967816010296097
Рекуррентная оценка качества,4815,0.02967266243939671
Рекуррентная оценка качества,4816,0.02966881297131358
Рекуррентная оценка качества,4817,0.029666372995746655
Рекуррентная оценка качества,4818,0.029665087445129034
Рекуррентная оценка качества,4819,0.029665318124514516
Рекуррентная оценка качества,4820,0.0296650853894579
Рекуррентная оценка качества,4821,0.02966408450869288
Рекуррентная оценка качества,4822,0.029665289263207953
Рекуррентная оценка качества,4823,0.029660940763571342
Рекуррентная оценка качества,4824,0.029655007478613663
Рекуррентная оценка качества,4825,0.029653633087767826
Рекуррентная оценка качества,4826,0.029656503133624373
Рекуррентная оценка качества,4827,0.029652254311786877
Рекуррентная оценка качества,4828,0.029652070987173387
Рекуррентная оценка качества,4829,0.02965166566265462
Рекуррентная оценка качества,4830,0.0296517500795986
Рекуррентная оценка качества,4831,0.029650782451685377
Рекуррентная оценка качества,4832,0.029651281999852463
Рекуррентная оценка качества,4833,0.02965028690505932
Рекуррентная оценка качества,4834,0.029651144705498428
Рекуррентная оценка качества,4835,0.029647556094212876
Рекуррентная оценка качества,4836,0.029646001225280542
Рекуррентная оценка качества,4837,0.029645239744235864
Рекуррентная оценка качества,4838,0.029645612382780517
Рекуррентная оценка качества,4839,0.02964478528164996
Рекуррентная оценка качества,4840,0.029646621992360022
Рекуррентная оценка качества,4841,0.029646313178810026
Рекуррентная оценка качества,4842,0.02964741168081223
Рекуррентная оценка качества,4843,0.029644341989413778
Рекуррентная оценка качества,4844,0.02964457626140216
Рекуррентная оценка качества,4845,0.02964818885210649
Рекуррентная оценка качества,4846,0.029650666632739887
Рекуррентная оценка качества,4847,0.029648864150086975
Рекуррентная оценка качества,4848,0.02964890764313262
Рекуррентная оценка качества,4849,0.029648983900928426
Рекуррентная оценка качества,4850,0.029658924097656462
Рекуррентная оценка качества,4851,0.029655304161409636
Рекуррентная оценка качества,4852,0.029652184952258874
Рекуррентная оценка качества,4853,0.029651963345523107
Рекуррентная оценка качества,4854,0.029651968438358007
Рекуррентная оценка качества,4855,0.029652931303938486
Рекуррентная оценка качества,4856,0.029652944019480928
Рекуррентная оценка качества,4857,0.029653117572975642
Рекуррентная оценка качества,4858,0.029653955582207916
Рекуррентная оценка качества,4859,0.02965418158164044
Рекуррентная оценка качества,4860,0.02965421627058145
Рекуррентная оценка качества,4861,0.02965313871016535
Рекуррентная оценка качества,4862,0.029653231377267684
Рекуррентная оценка качества,4863,0.029649977305801815
Рекуррентная оценка качества,4864,0.029649401129054506
Рекуррентная оценка качества,4865,0.029649795143468306
Рекуррентная оценка качества,4866,0.029651664211718255
Рекуррентная оценка качества,4867,0.029651431121128644
Рекуррентная оценка качества,4868,0.02965266973425867
Рекуррентная оценка качества,4869,0.0296524927156008
Рекуррентная оценка качества,4870,0.029652264584635275
Рекуррентная оценка качества,4871,0.029656911377437315
Рекуррентная оценка качества,4872,0.029660261409187805
Рекуррентная оценка качества,4873,0.029658248176465715
Рекуррентная оценка качества,4874,0.02965826421485767
Рекуррентная оценка качества,4875,0.029663923871104877
Рекуррентная оценка качества,4876,0.029669557040353442
Рекуррентная оценка качества,4877,0.029669951683152916
Рекуррентная оценка качества,4878,0.029671193468745458
Рекуррентная оценка качества,4879,0.029665890640938976
Рекуррентная оценка качества,4880,0.02966630098298702
Рекуррентная оценка качества,4881,0.029666604935431076
Рекуррентная оценка качества,4882,0.029657833207053952
Рекуррентная оценка качества,4883,0.02966609192478241
Рекуррентная оценка качества,4884,0.029662620990572153
Рекуррентная оценка качества,4885,0.029660763400788985
Рекуррентная оценка качества,4886,0.029655250279432367
Рекуррентная оценка качества,4887,0.02965503635006573
Рекуррентная оценка качества,4888,0.029655131748721163
Рекуррентная оценка качества,4889,0.02965622319674263
Рекуррентная оценка качества,4890,0.029653150780156415
Рекуррентная оценка качества,4891,0.02965244769212796
Рекуррентная оценка качества,4892,0.02965305218544095
Рекуррентная оценка качества,4893,0.02965246927098836
Рекуррентная оценка качества,4894,0.029650270495669036
Рекуррентная оценка качества,4895,0.029650265236895002
Рекуррентная оценка качества,4896,0.029646474666787277
Рекуррентная оценка качества,4897,0.02964538684313831
Рекуррентная оценка качества,4898,0.029643924367793974
Рекуррентная оценка качества,4899,0.02964386907077683
Рекуррентная оценка качества,4900,0.02964546006360272
Рекуррентная оценка качества,4901,0.029638523672798674
Рекуррентная оценка качества,4902,0.02963892483864753
Рекуррентная оценка качества,4903,0.029638116734678404
Рекуррентная оценка качества,4904,0.029636734868610688
Рекуррентная оценка качества,4905,0.029633414859765228
Рекуррентная оценка качества,4906,0.029633344100743995
Рекуррентная оценка качества,4907,0.029634853963105365
Рекуррентная оценка качества,4908,0.02963342596761056
Рекуррентная оценка качества,4909,0.029630777408786176
Рекуррентная оценка качества,4910,0.029630389130534833
Рекуррентная оценка качества,4911,0.029631104710452865
Рекуррентная оценка качества,4912,0.029631239681690315
Рекуррентная оценка качества,4913,0.029631481404426258
Рекуррентная оценка качества,4914,0.029630360915065268
Рекуррентная оценка качества,4915,0.029630421810706773
Рекуррентная оценка качества,4916,0.029631238644562644
Рекуррентная оценка качества,4917,0.02963542075762238
Рекуррентная оценка качества,4918,0.029635954058581028
Рекуррентная оценка качества,4919,0.029642498783571506
Рекуррентная оценка качества,4920,0.029639931789016177
Рекуррентная оценка качества,4921,0.02963617691808424
Рекуррентная оценка качества,4922,0.029636492720746747
Рекуррентная оценка качества,4923,0.029636473866796326
Рекуррентная оценка качества,4924,0.029635100144192187
Рекуррентная оценка качества,4925,0.029636217922392915
Рекуррентная оценка качества,4926,0.029634364651831006
Рекуррентная оценка качества,4927,0.029633872994490225
Рекуррентная оценка качества,4928,0.02963891253159545
Рекуррентная оценка качества,4929,0.029637791809737482
Рекуррентная оценка качества,4930,0.029638135828307384
Рекуррентная оценка качества,4931,0.029635179498517995
Рекуррентная оценка качества,4932,0.029635189279828448
Рекуррентная оценка качества,4933,0.029641678639628754
Рекуррентная оценка качества,4934,0.029641216863007875
Рекуррентная оценка качества,4935,0.029639520463247835
Рекуррентная оценка качества,4936,0.02963957293164553
Рекуррентная оценка качества,4937,0.029639691101036845
Рекуррентная оценка качества,4938,0.029639052176695838
Рекуррентная оценка качества,4939,0.0296393240201908
Рекуррентная оценка качества,4940,0.029638407447458413
Рекуррентная оценка качества,4941,0.029635883758705826
Рекуррентная оценка качества,4942,0.029640314556665385
Рекуррентная оценка качества,4943,0.02964374796108653
Рекуррентная оценка качества,4944,0.02964449687952423
Рекуррентная оценка качества,4945,0.029640598507985037
Рекуррентная оценка качества,4946,0.02964060965477297
Рекуррентная оценка качества,4947,0.029651477385101307
Рекуррентная оценка качества,4948,0.029654257731839558
Рекуррентная оценка качества,4949,0.029653066494347364
Рекуррентная оценка качества,4950,0.02965255468473503
Рекуррентная оценка качества,4951,0.02965545734942649
Рекуррентная оценка качества,4952,0.02965739552205045
Рекуррентная оценка качества,4953,0.02965393991873701
Рекуррентная оценка качества,4954,0.029656002080342678
Рекуррентная оценка качества,4955,0.029659735686128362
Рекуррентная оценка качества,4956,0.02966365061823001
Рекуррентная оценка качества,4957,0.029658339402406378
Рекуррентная оценка качества,4958,0.02966299600867092
Рекуррентная оценка качества,4959,0.029668849250856645
Рекуррентная оценка качества,4960,0.029670483024068873
Рекуррентная оценка качества,4961,0.02966100303175667
Рекуррентная оценка качества,4962,0.02966098549207523
Рекуррентная оценка качества,4963,0.029679030107089634
Рекуррентная оценка качества,4964,0.02966535206122111
Рекуррентная оценка качества,4965,0.02965916637722469
Рекуррентная оценка качества,4966,0.029660574471163756
Рекуррентная оценка качества,4967,0.029666493629977992
Рекуррентная оценка качества,4968,0.02967079877413071
Рекуррентная оценка качества,4969,0.029669831740270127
Рекуррентная оценка качества,4970,0.02966367883037046
Рекуррентная оценка качества,4971,0.02966883906728441
Рекуррентная оценка качества,4972,0.029660435137252406
Рекуррентная оценка качества,4973,0.02966835994673531
Рекуррентная оценка качества,4974,0.02966909315756763
Рекуррентная оценка качества,4975,0.029673035058637935
Рекуррентная оценка качества,4976,0.029677095549147922
Рекуррентная оценка качества,4977,0.029685220780551625
Рекуррентная оценка качества,4978,0.029679720823569195
Рекуррентная оценка качества,4979,0.0296839817002591
Рекуррентная оценка качества,4980,0.029686020845001316
Рекуррентная оценка качества,4981,0.02968210113796143
Рекуррентная оценка качества,4982,0.02968292308917657
Рекуррентная оценка качества,4983,0.02968530499912053
Рекуррентная оценка качества,4984,0.02968331861272293
Рекуррентная оценка качества,4985,0.029688497464680372
Рекуррентная оценка качества,4986,0.029684008911357057
Рекуррентная оценка качества,4987,0.02967991835051679
Рекуррентная оценка качества,4988,0.029685015193195177
Рекуррентная оценка качества,4989,0.029700949848866884
Рекуррентная оценка качества,4990,0.029695227399192583
Рекуррентная оценка качества,4991,0.029696174205975638
Рекуррентная оценка качества,4992,0.029692041706798292
Рекуррентная оценка качества,4993,0.029706800871241064
Рекуррентная оценка качества,4994,0.029723223569345137
Рекуррентная оценка качества,4995,0.029721651950533997
Рекуррентная оценка качества,4996,0.02971892789055646
Рекуррентная оценка качества,4997,0.02973496710634548
Рекуррентная оценка качества,4998,0.02973792407031129
Рекуррентная оценка качества,4999,0.029733996857314492
Рекуррентная оценка качества,5000,0.029756469361688208
Эталон: LogisticRegression,1,0.062371977836425604
Эталон: LogisticRegression,2,0.007806213104821782
Эталон: LogisticRegression,3,0.0013786668295600567
Эталон: LogisticRegression,4,0.00034797375717624283
Эталон: LogisticRegression,5,0.0004498743617770698
Эталон: LogisticRegression,6,0.0004643096758752769
Эталон: LogisticRegression,7,0.000450450857630123
Эталон: LogisticRegression,8,0.000450450857630123
